attraction_id,weekday,hour,wait
00666fe9-7774-4b53-9fb7-3d333f8aa503,0,9,20.0
00666fe9-7774-4b53-9fb7-3d333f8aa503,0,19,20.0
00666fe9-7774-4b53-9fb7-3d333f8aa503,0,20,20.0
00666fe9-7774-4b53-9fb7-3d333f8aa503,1,9,20.0
00666fe9-7774-4b53-9fb7-3d333f8aa503,1,19,20.0
00666fe9-7774-4b53-9fb7-3d333f8aa503,1,20,20.0
00666fe9-7774-4b53-9fb7-3d333f8aa503,2,9,20.0
00666fe9-7774-4b53-9fb7-3d333f8aa503,2,19,20.0
00666fe9-7774-4b53-9fb7-3d333f8aa503,2,20,20.0
00666fe9-7774-4b53-9fb7-3d333f8aa503,3,9,20.0
00666fe9-7774-4b53-9fb7-3d333f8aa503,3,19,20.0
00666fe9-7774-4b53-9fb7-3d333f8aa503,3,20,20.0
00666fe9-7774-4b53-9fb7-3d333f8aa503,4,9,21.666666666666668
00666fe9-7774-4b53-9fb7-3d333f8aa503,4,19,21.25
00666fe9-7774-4b53-9fb7-3d333f8aa503,4,20,21.25
00666fe9-7774-4b53-9fb7-3d333f8aa503,5,9,21.666666666666668
00666fe9-7774-4b53-9fb7-3d333f8aa503,5,19,16.25
00666fe9-7774-4b53-9fb7-3d333f8aa503,5,20,16.25
00666fe9-7774-4b53-9fb7-3d333f8aa503,6,9,20.0
00666fe9-7774-4b53-9fb7-3d333f8aa503,6,19,20.0
00666fe9-7774-4b53-9fb7-3d333f8aa503,6,20,20.0
00feb57b-4fcc-48bc-9490-c9af71f30c1c,0,10,19.270833333333336
00feb57b-4fcc-48bc-9490-c9af71f30c1c,0,11,51.8560606060606
00feb57b-4fcc-48bc-9490-c9af71f30c1c,0,12,44.85119047619048
00feb57b-4fcc-48bc-9490-c9af71f30c1c,0,13,35.0
00feb57b-4fcc-48bc-9490-c9af71f30c1c,0,14,30.277777777777782
00feb57b-4fcc-48bc-9490-c9af71f30c1c,0,15,23.194444444444446
00feb57b-4fcc-48bc-9490-c9af71f30c1c,0,16,24.444444444444446
00feb57b-4fcc-48bc-9490-c9af71f30c1c,0,17,17.61904761904762
00feb57b-4fcc-48bc-9490-c9af71f30c1c,0,18,21.875
00feb57b-4fcc-48bc-9490-c9af71f30c1c,0,19,10.0
00feb57b-4fcc-48bc-9490-c9af71f30c1c,0,20,10.0
00feb57b-4fcc-48bc-9490-c9af71f30c1c,1,10,17.03125
00feb57b-4fcc-48bc-9490-c9af71f30c1c,1,11,40.625
00feb57b-4fcc-48bc-9490-c9af71f30c1c,1,12,39.6875
00feb57b-4fcc-48bc-9490-c9af71f30c1c,1,13,29.722222222222225
00feb57b-4fcc-48bc-9490-c9af71f30c1c,1,14,25.833333333333332
00feb57b-4fcc-48bc-9490-c9af71f30c1c,1,15,26.006944444444443
00feb57b-4fcc-48bc-9490-c9af71f30c1c,1,16,21.666666666666668
00feb57b-4fcc-48bc-9490-c9af71f30c1c,1,17,20.868055555555557
00feb57b-4fcc-48bc-9490-c9af71f30c1c,1,18,14.027777777777777
00feb57b-4fcc-48bc-9490-c9af71f30c1c,1,19,11.458333333333332
00feb57b-4fcc-48bc-9490-c9af71f30c1c,2,10,16.5625
00feb57b-4fcc-48bc-9490-c9af71f30c1c,2,11,38.020833333333336
00feb57b-4fcc-48bc-9490-c9af71f30c1c,2,12,35.104166666666664
00feb57b-4fcc-48bc-9490-c9af71f30c1c,2,13,29.422348484848484
00feb57b-4fcc-48bc-9490-c9af71f30c1c,2,14,24.166666666666668
00feb57b-4fcc-48bc-9490-c9af71f30c1c,2,15,18.979166666666668
00feb57b-4fcc-48bc-9490-c9af71f30c1c,2,16,20.753968253968253
00feb57b-4fcc-48bc-9490-c9af71f30c1c,2,17,13.943452380952381
00feb57b-4fcc-48bc-9490-c9af71f30c1c,2,18,7.708333333333334
00feb57b-4fcc-48bc-9490-c9af71f30c1c,2,19,7.398989898989899
00feb57b-4fcc-48bc-9490-c9af71f30c1c,3,10,14.479166666666666
00feb57b-4fcc-48bc-9490-c9af71f30c1c,3,11,41.25
00feb57b-4fcc-48bc-9490-c9af71f30c1c,3,12,41.42045454545455
00feb57b-4fcc-48bc-9490-c9af71f30c1c,3,13,33.64583333333333
00feb57b-4fcc-48bc-9490-c9af71f30c1c,3,14,27.708333333333336
00feb57b-4fcc-48bc-9490-c9af71f30c1c,3,15,24.333333333333336
00feb57b-4fcc-48bc-9490-c9af71f30c1c,3,16,19.270833333333336
00feb57b-4fcc-48bc-9490-c9af71f30c1c,3,17,16.875
00feb57b-4fcc-48bc-9490-c9af71f30c1c,3,18,13.75
00feb57b-4fcc-48bc-9490-c9af71f30c1c,3,19,7.1875
00feb57b-4fcc-48bc-9490-c9af71f30c1c,4,10,18.229166666666664
00feb57b-4fcc-48bc-9490-c9af71f30c1c,4,11,40.52083333333333
00feb57b-4fcc-48bc-9490-c9af71f30c1c,4,12,38.958333333333336
00feb57b-4fcc-48bc-9490-c9af71f30c1c,4,13,32.154761904761905
00feb57b-4fcc-48bc-9490-c9af71f30c1c,4,14,31.354166666666664
00feb57b-4fcc-48bc-9490-c9af71f30c1c,4,15,29.696969696969695
00feb57b-4fcc-48bc-9490-c9af71f30c1c,4,16,25.416666666666668
00feb57b-4fcc-48bc-9490-c9af71f30c1c,4,17,20.535714285714285
00feb57b-4fcc-48bc-9490-c9af71f30c1c,4,18,17.354166666666668
00feb57b-4fcc-48bc-9490-c9af71f30c1c,4,19,11.041666666666666
00feb57b-4fcc-48bc-9490-c9af71f30c1c,5,9,15.0
00feb57b-4fcc-48bc-9490-c9af71f30c1c,5,10,24.6875
00feb57b-4fcc-48bc-9490-c9af71f30c1c,5,11,52.70833333333333
00feb57b-4fcc-48bc-9490-c9af71f30c1c,5,12,50.41666666666667
00feb57b-4fcc-48bc-9490-c9af71f30c1c,5,13,38.229166666666664
00feb57b-4fcc-48bc-9490-c9af71f30c1c,5,14,33.64583333333333
00feb57b-4fcc-48bc-9490-c9af71f30c1c,5,15,28.645833333333332
00feb57b-4fcc-48bc-9490-c9af71f30c1c,5,16,25.3125
00feb57b-4fcc-48bc-9490-c9af71f30c1c,5,17,20.416666666666664
00feb57b-4fcc-48bc-9490-c9af71f30c1c,5,18,15.972222222222221
00feb57b-4fcc-48bc-9490-c9af71f30c1c,5,19,9.895833333333334
00feb57b-4fcc-48bc-9490-c9af71f30c1c,5,20,13.75
00feb57b-4fcc-48bc-9490-c9af71f30c1c,6,10,16.5625
00feb57b-4fcc-48bc-9490-c9af71f30c1c,6,11,39.0625
00feb57b-4fcc-48bc-9490-c9af71f30c1c,6,12,42.638888888888886
00feb57b-4fcc-48bc-9490-c9af71f30c1c,6,13,26.666666666666668
00feb57b-4fcc-48bc-9490-c9af71f30c1c,6,14,28.185185185185187
00feb57b-4fcc-48bc-9490-c9af71f30c1c,6,15,40.83333333333333
00feb57b-4fcc-48bc-9490-c9af71f30c1c,6,16,30.0
00feb57b-4fcc-48bc-9490-c9af71f30c1c,6,17,24.836309523809526
00feb57b-4fcc-48bc-9490-c9af71f30c1c,6,18,14.861111111111109
00feb57b-4fcc-48bc-9490-c9af71f30c1c,6,19,10.46875
00feb57b-4fcc-48bc-9490-c9af71f30c1c,6,20,5.0
07143999-bacd-475f-a00b-8cc476204aff,0,10,6.292613636363637
07143999-bacd-475f-a00b-8cc476204aff,0,11,11.875
07143999-bacd-475f-a00b-8cc476204aff,0,12,16.520833333333332
07143999-bacd-475f-a00b-8cc476204aff,0,13,10.972222222222223
07143999-bacd-475f-a00b-8cc476204aff,0,14,8.472222222222221
07143999-bacd-475f-a00b-8cc476204aff,0,15,16.52777777777778
07143999-bacd-475f-a00b-8cc476204aff,0,16,23.229166666666664
07143999-bacd-475f-a00b-8cc476204aff,0,17,19.270833333333332
07143999-bacd-475f-a00b-8cc476204aff,0,18,16.979166666666668
07143999-bacd-475f-a00b-8cc476204aff,0,19,16.5625
07143999-bacd-475f-a00b-8cc476204aff,0,20,25.0
07143999-bacd-475f-a00b-8cc476204aff,1,10,5.880681818181818
07143999-bacd-475f-a00b-8cc476204aff,1,11,9.6875
07143999-bacd-475f-a00b-8cc476204aff,1,12,12.708333333333334
07143999-bacd-475f-a00b-8cc476204aff,1,13,14.6875
07143999-bacd-475f-a00b-8cc476204aff,1,14,16.979166666666668
07143999-bacd-475f-a00b-8cc476204aff,1,15,16.145833333333332
07143999-bacd-475f-a00b-8cc476204aff,1,16,14.895833333333334
07143999-bacd-475f-a00b-8cc476204aff,1,17,11.145833333333334
07143999-bacd-475f-a00b-8cc476204aff,1,18,15.104166666666668
07143999-bacd-475f-a00b-8cc476204aff,1,19,19.375
07143999-bacd-475f-a00b-8cc476204aff,2,10,5.0
07143999-bacd-475f-a00b-8cc476204aff,2,11,8.854166666666666
07143999-bacd-475f-a00b-8cc476204aff,2,12,10.0
07143999-bacd-475f-a00b-8cc476204aff,2,13,12.168560606060606
07143999-bacd-475f-a00b-8cc476204aff,2,14,11.695075757575758
07143999-bacd-475f-a00b-8cc476204aff,2,15,14.166666666666666
07143999-bacd-475f-a00b-8cc476204aff,2,16,17.5
07143999-bacd-475f-a00b-8cc476204aff,2,17,12.1875
07143999-bacd-475f-a00b-8cc476204aff,2,18,12.395833333333332
07143999-bacd-475f-a00b-8cc476204aff,2,19,16.875
07143999-bacd-475f-a00b-8cc476204aff,3,10,5.461309523809524
07143999-bacd-475f-a00b-8cc476204aff,3,11,10.0
07143999-bacd-475f-a00b-8cc476204aff,3,12,12.8125
07143999-bacd-475f-a00b-8cc476204aff,3,13,16.458333333333332
07143999-bacd-475f-a00b-8cc476204aff,3,14,15.833333333333334
07143999-bacd-475f-a00b-8cc476204aff,3,15,13.020833333333332
07143999-bacd-475f-a00b-8cc476204aff,3,16,16.458333333333332
07143999-bacd-475f-a00b-8cc476204aff,3,17,13.92361111111111
07143999-bacd-475f-a00b-8cc476204aff,3,18,14.479166666666666
07143999-bacd-475f-a00b-8cc476204aff,3,19,21.875
07143999-bacd-475f-a00b-8cc476204aff,4,10,5.6439393939393945
07143999-bacd-475f-a00b-8cc476204aff,4,11,8.75
07143999-bacd-475f-a00b-8cc476204aff,4,12,9.479166666666666
07143999-bacd-475f-a00b-8cc476204aff,4,13,9.875
07143999-bacd-475f-a00b-8cc476204aff,4,14,11.25
07143999-bacd-475f-a00b-8cc476204aff,4,15,12.708333333333332
07143999-bacd-475f-a00b-8cc476204aff,4,16,17.0625
07143999-bacd-475f-a00b-8cc476204aff,4,17,16.145833333333332
07143999-bacd-475f-a00b-8cc476204aff,4,18,15.416666666666668
07143999-bacd-475f-a00b-8cc476204aff,4,19,19.002525252525256
07143999-bacd-475f-a00b-8cc476204aff,5,9,5.0
07143999-bacd-475f-a00b-8cc476204aff,5,10,5.277777777777778
07143999-bacd-475f-a00b-8cc476204aff,5,11,13.125
07143999-bacd-475f-a00b-8cc476204aff,5,12,18.229166666666668
07143999-bacd-475f-a00b-8cc476204aff,5,13,20.625
07143999-bacd-475f-a00b-8cc476204aff,5,14,15.833333333333334
07143999-bacd-475f-a00b-8cc476204aff,5,15,15.520833333333332
07143999-bacd-475f-a00b-8cc476204aff,5,16,18.125
07143999-bacd-475f-a00b-8cc476204aff,5,17,15.416666666666666
07143999-bacd-475f-a00b-8cc476204aff,5,18,20.416666666666668
07143999-bacd-475f-a00b-8cc476204aff,5,19,25.416666666666664
07143999-bacd-475f-a00b-8cc476204aff,5,20,30.0
07143999-bacd-475f-a00b-8cc476204aff,6,10,5.229166666666667
07143999-bacd-475f-a00b-8cc476204aff,6,11,9.479166666666668
07143999-bacd-475f-a00b-8cc476204aff,6,12,16.5625
07143999-bacd-475f-a00b-8cc476204aff,6,13,15.416666666666666
07143999-bacd-475f-a00b-8cc476204aff,6,14,14.270833333333332
07143999-bacd-475f-a00b-8cc476204aff,6,15,18.645833333333336
07143999-bacd-475f-a00b-8cc476204aff,6,16,16.354166666666664
07143999-bacd-475f-a00b-8cc476204aff,6,17,17.604166666666664
07143999-bacd-475f-a00b-8cc476204aff,6,18,22.083333333333336
07143999-bacd-475f-a00b-8cc476204aff,6,19,20.0
07143999-bacd-475f-a00b-8cc476204aff,6,20,16.25
0aae716c-af13-4439-b638-d75fb1649df3,0,9,8.541666666666666
0aae716c-af13-4439-b638-d75fb1649df3,0,10,7.708333333333334
0aae716c-af13-4439-b638-d75fb1649df3,0,11,9.583333333333332
0aae716c-af13-4439-b638-d75fb1649df3,0,12,11.875
0aae716c-af13-4439-b638-d75fb1649df3,0,13,10.520833333333334
0aae716c-af13-4439-b638-d75fb1649df3,0,14,9.166666666666666
0aae716c-af13-4439-b638-d75fb1649df3,0,15,9.791666666666666
0aae716c-af13-4439-b638-d75fb1649df3,0,16,7.083333333333334
0aae716c-af13-4439-b638-d75fb1649df3,0,17,8.958333333333334
0aae716c-af13-4439-b638-d75fb1649df3,0,18,7.5
0aae716c-af13-4439-b638-d75fb1649df3,0,19,6.25
0aae716c-af13-4439-b638-d75fb1649df3,0,20,5.520833333333334
0aae716c-af13-4439-b638-d75fb1649df3,0,21,3.75
0aae716c-af13-4439-b638-d75fb1649df3,0,22,5.0
0aae716c-af13-4439-b638-d75fb1649df3,1,9,5.416666666666666
0aae716c-af13-4439-b638-d75fb1649df3,1,10,5.104166666666667
0aae716c-af13-4439-b638-d75fb1649df3,1,11,4.895833333333334
0aae716c-af13-4439-b638-d75fb1649df3,1,12,5.520833333333334
0aae716c-af13-4439-b638-d75fb1649df3,1,13,5.3125
0aae716c-af13-4439-b638-d75fb1649df3,1,14,4.895833333333333
0aae716c-af13-4439-b638-d75fb1649df3,1,15,5.208333333333333
0aae716c-af13-4439-b638-d75fb1649df3,1,16,5.0
0aae716c-af13-4439-b638-d75fb1649df3,1,17,5.426136363636363
0aae716c-af13-4439-b638-d75fb1649df3,2,9,6.145833333333334
0aae716c-af13-4439-b638-d75fb1649df3,2,10,7.291666666666667
0aae716c-af13-4439-b638-d75fb1649df3,2,11,11.770833333333334
0aae716c-af13-4439-b638-d75fb1649df3,2,12,12.708333333333332
0aae716c-af13-4439-b638-d75fb1649df3,2,13,11.875
0aae716c-af13-4439-b638-d75fb1649df3,2,14,8.229166666666666
0aae716c-af13-4439-b638-d75fb1649df3,2,15,12.708333333333332
0aae716c-af13-4439-b638-d75fb1649df3,2,16,10.833333333333334
0aae716c-af13-4439-b638-d75fb1649df3,2,17,11.25
0aae716c-af13-4439-b638-d75fb1649df3,2,18,9.791666666666668
0aae716c-af13-4439-b638-d75fb1649df3,2,19,9.375
0aae716c-af13-4439-b638-d75fb1649df3,2,20,7.5
0aae716c-af13-4439-b638-d75fb1649df3,2,21,5.416666666666667
0aae716c-af13-4439-b638-d75fb1649df3,2,22,5.0
0aae716c-af13-4439-b638-d75fb1649df3,3,9,5.729166666666667
0aae716c-af13-4439-b638-d75fb1649df3,3,10,6.354166666666667
0aae716c-af13-4439-b638-d75fb1649df3,3,11,8.75
0aae716c-af13-4439-b638-d75fb1649df3,3,12,9.791666666666668
0aae716c-af13-4439-b638-d75fb1649df3,3,13,10.208333333333334
0aae716c-af13-4439-b638-d75fb1649df3,3,14,7.916666666666667
0aae716c-af13-4439-b638-d75fb1649df3,3,15,6.458333333333333
0aae716c-af13-4439-b638-d75fb1649df3,3,16,7.395833333333334
0aae716c-af13-4439-b638-d75fb1649df3,3,17,9.6875
0aae716c-af13-4439-b638-d75fb1649df3,3,18,7.222222222222222
0aae716c-af13-4439-b638-d75fb1649df3,3,19,7.638888888888889
0aae716c-af13-4439-b638-d75fb1649df3,3,20,6.25
0aae716c-af13-4439-b638-d75fb1649df3,3,21,5.0
0aae716c-af13-4439-b638-d75fb1649df3,3,22,5.0
0aae716c-af13-4439-b638-d75fb1649df3,4,8,4.583333333333333
0aae716c-af13-4439-b638-d75fb1649df3,4,9,4.479166666666667
0aae716c-af13-4439-b638-d75fb1649df3,4,10,4.6875
0aae716c-af13-4439-b638-d75fb1649df3,4,11,4.791666666666667
0aae716c-af13-4439-b638-d75fb1649df3,4,12,5.833333333333334
0aae716c-af13-4439-b638-d75fb1649df3,4,13,5.729166666666667
0aae716c-af13-4439-b638-d75fb1649df3,4,14,5.3125
0aae716c-af13-4439-b638-d75fb1649df3,4,15,5.3125
0aae716c-af13-4439-b638-d75fb1649df3,4,16,5.208333333333333
0aae716c-af13-4439-b638-d75fb1649df3,4,17,7.916666666666667
0aae716c-af13-4439-b638-d75fb1649df3,5,8,5.833333333333334
0aae716c-af13-4439-b638-d75fb1649df3,5,9,5.416666666666667
0aae716c-af13-4439-b638-d75fb1649df3,5,10,7.604166666666667
0aae716c-af13-4439-b638-d75fb1649df3,5,11,9.791666666666668
0aae716c-af13-4439-b638-d75fb1649df3,5,12,13.75
0aae716c-af13-4439-b638-d75fb1649df3,5,13,12.916666666666666
0aae716c-af13-4439-b638-d75fb1649df3,5,14,9.583333333333332
0aae716c-af13-4439-b638-d75fb1649df3,5,15,12.916666666666666
0aae716c-af13-4439-b638-d75fb1649df3,5,16,14.6875
0aae716c-af13-4439-b638-d75fb1649df3,5,17,11.25
0aae716c-af13-4439-b638-d75fb1649df3,5,18,14.895833333333334
0aae716c-af13-4439-b638-d75fb1649df3,5,19,13.854166666666666
0aae716c-af13-4439-b638-d75fb1649df3,5,20,11.979166666666666
0aae716c-af13-4439-b638-d75fb1649df3,5,21,10.3125
0aae716c-af13-4439-b638-d75fb1649df3,5,22,5.833333333333334
0aae716c-af13-4439-b638-d75fb1649df3,6,8,5.0
0aae716c-af13-4439-b638-d75fb1649df3,6,9,5.416666666666667
0aae716c-af13-4439-b638-d75fb1649df3,6,10,5.9375
0aae716c-af13-4439-b638-d75fb1649df3,6,11,7.916666666666666
0aae716c-af13-4439-b638-d75fb1649df3,6,12,8.333333333333334
0aae716c-af13-4439-b638-d75fb1649df3,6,13,8.75
0aae716c-af13-4439-b638-d75fb1649df3,6,14,6.770833333333333
0aae716c-af13-4439-b638-d75fb1649df3,6,15,6.770833333333334
0aae716c-af13-4439-b638-d75fb1649df3,6,16,8.645833333333332
0aae716c-af13-4439-b638-d75fb1649df3,6,17,8.333333333333334
0aae716c-af13-4439-b638-d75fb1649df3,6,18,12.5
0aae716c-af13-4439-b638-d75fb1649df3,6,19,9.166666666666666
0aae716c-af13-4439-b638-d75fb1649df3,6,20,10.0
0aae716c-af13-4439-b638-d75fb1649df3,6,21,6.666666666666667
0c6a9af8-c006-4849-8475-1a6925e8f7d4,0,10,5.0
0c6a9af8-c006-4849-8475-1a6925e8f7d4,0,11,5.0
0c6a9af8-c006-4849-8475-1a6925e8f7d4,0,12,5.0
0c6a9af8-c006-4849-8475-1a6925e8f7d4,0,13,5.833333333333334
0c6a9af8-c006-4849-8475-1a6925e8f7d4,0,14,5.208333333333333
0c6a9af8-c006-4849-8475-1a6925e8f7d4,0,15,5.0
0c6a9af8-c006-4849-8475-1a6925e8f7d4,0,16,5.0
0c6a9af8-c006-4849-8475-1a6925e8f7d4,0,17,5.0
0c6a9af8-c006-4849-8475-1a6925e8f7d4,0,18,5.0
0c6a9af8-c006-4849-8475-1a6925e8f7d4,0,19,5.0
0c6a9af8-c006-4849-8475-1a6925e8f7d4,0,20,5.0
0c6a9af8-c006-4849-8475-1a6925e8f7d4,1,10,5.0
0c6a9af8-c006-4849-8475-1a6925e8f7d4,1,11,5.0
0c6a9af8-c006-4849-8475-1a6925e8f7d4,1,12,6.875
0c6a9af8-c006-4849-8475-1a6925e8f7d4,1,13,7.5
0c6a9af8-c006-4849-8475-1a6925e8f7d4,1,14,8.125
0c6a9af8-c006-4849-8475-1a6925e8f7d4,1,15,8.75
0c6a9af8-c006-4849-8475-1a6925e8f7d4,1,16,7.083333333333334
0c6a9af8-c006-4849-8475-1a6925e8f7d4,1,17,8.020833333333332
0c6a9af8-c006-4849-8475-1a6925e8f7d4,1,18,8.75
0c6a9af8-c006-4849-8475-1a6925e8f7d4,1,19,6.354166666666667
0c6a9af8-c006-4849-8475-1a6925e8f7d4,2,10,5.0
0c6a9af8-c006-4849-8475-1a6925e8f7d4,2,11,5.0
0c6a9af8-c006-4849-8475-1a6925e8f7d4,2,12,5.0
0c6a9af8-c006-4849-8475-1a6925e8f7d4,2,13,5.0
0c6a9af8-c006-4849-8475-1a6925e8f7d4,2,14,6.25
0c6a9af8-c006-4849-8475-1a6925e8f7d4,2,15,6.25
0c6a9af8-c006-4849-8475-1a6925e8f7d4,2,16,7.1875
0c6a9af8-c006-4849-8475-1a6925e8f7d4,2,17,7.5
0c6a9af8-c006-4849-8475-1a6925e8f7d4,2,18,7.5
0c6a9af8-c006-4849-8475-1a6925e8f7d4,2,19,7.291666666666666
0c6a9af8-c006-4849-8475-1a6925e8f7d4,3,10,5.0
0c6a9af8-c006-4849-8475-1a6925e8f7d4,3,11,5.3125
0c6a9af8-c006-4849-8475-1a6925e8f7d4,3,12,7.708333333333334
0c6a9af8-c006-4849-8475-1a6925e8f7d4,3,13,8.75
0c6a9af8-c006-4849-8475-1a6925e8f7d4,3,14,8.75
0c6a9af8-c006-4849-8475-1a6925e8f7d4,3,15,7.708333333333334
0c6a9af8-c006-4849-8475-1a6925e8f7d4,3,16,6.25
0c6a9af8-c006-4849-8475-1a6925e8f7d4,3,17,6.25
0c6a9af8-c006-4849-8475-1a6925e8f7d4,3,18,6.25
0c6a9af8-c006-4849-8475-1a6925e8f7d4,3,19,7.604166666666666
0c6a9af8-c006-4849-8475-1a6925e8f7d4,4,10,5.0
0c6a9af8-c006-4849-8475-1a6925e8f7d4,4,11,6.979166666666667
0c6a9af8-c006-4849-8475-1a6925e8f7d4,4,12,8.75
0c6a9af8-c006-4849-8475-1a6925e8f7d4,4,13,9.0625
0c6a9af8-c006-4849-8475-1a6925e8f7d4,4,14,9.270833333333334
0c6a9af8-c006-4849-8475-1a6925e8f7d4,4,15,6.666666666666667
0c6a9af8-c006-4849-8475-1a6925e8f7d4,4,16,5.0
0c6a9af8-c006-4849-8475-1a6925e8f7d4,4,17,5.0
0c6a9af8-c006-4849-8475-1a6925e8f7d4,4,18,7.291666666666666
0c6a9af8-c006-4849-8475-1a6925e8f7d4,4,19,6.5625
0c6a9af8-c006-4849-8475-1a6925e8f7d4,5,9,5.0
0c6a9af8-c006-4849-8475-1a6925e8f7d4,5,10,5.0
0c6a9af8-c006-4849-8475-1a6925e8f7d4,5,11,5.416666666666667
0c6a9af8-c006-4849-8475-1a6925e8f7d4,5,12,9.583333333333334
0c6a9af8-c006-4849-8475-1a6925e8f7d4,5,13,8.541666666666666
0c6a9af8-c006-4849-8475-1a6925e8f7d4,5,14,6.25
0c6a9af8-c006-4849-8475-1a6925e8f7d4,5,15,6.354166666666667
0c6a9af8-c006-4849-8475-1a6925e8f7d4,5,16,6.5625
0c6a9af8-c006-4849-8475-1a6925e8f7d4,5,17,7.708333333333334
0c6a9af8-c006-4849-8475-1a6925e8f7d4,5,18,11.145833333333334
0c6a9af8-c006-4849-8475-1a6925e8f7d4,5,19,10.104166666666668
0c6a9af8-c006-4849-8475-1a6925e8f7d4,5,20,5.0
0c6a9af8-c006-4849-8475-1a6925e8f7d4,6,10,5.0
0c6a9af8-c006-4849-8475-1a6925e8f7d4,6,11,5.0
0c6a9af8-c006-4849-8475-1a6925e8f7d4,6,12,5.0
0c6a9af8-c006-4849-8475-1a6925e8f7d4,6,13,5.0
0c6a9af8-c006-4849-8475-1a6925e8f7d4,6,14,7.291666666666666
0c6a9af8-c006-4849-8475-1a6925e8f7d4,6,15,9.270833333333334
0c6a9af8-c006-4849-8475-1a6925e8f7d4,6,16,10.416666666666666
0c6a9af8-c006-4849-8475-1a6925e8f7d4,6,17,10.833333333333332
0c6a9af8-c006-4849-8475-1a6925e8f7d4,6,18,12.5
0c6a9af8-c006-4849-8475-1a6925e8f7d4,6,19,7.708333333333334
0c6a9af8-c006-4849-8475-1a6925e8f7d4,6,20,5.0
0d94ad60-72f0-4551-83a6-ebaecdd89737,0,9,24.166666666666668
0d94ad60-72f0-4551-83a6-ebaecdd89737,0,10,27.28219696969697
0d94ad60-72f0-4551-83a6-ebaecdd89737,0,11,26.979166666666668
0d94ad60-72f0-4551-83a6-ebaecdd89737,0,12,31.770833333333332
0d94ad60-72f0-4551-83a6-ebaecdd89737,0,13,35.83333333333333
0d94ad60-72f0-4551-83a6-ebaecdd89737,0,14,28.541666666666664
0d94ad60-72f0-4551-83a6-ebaecdd89737,0,15,33.645833333333336
0d94ad60-72f0-4551-83a6-ebaecdd89737,0,16,34.0625
0d94ad60-72f0-4551-83a6-ebaecdd89737,0,17,36.041666666666664
0d94ad60-72f0-4551-83a6-ebaecdd89737,0,18,33.4375
0d94ad60-72f0-4551-83a6-ebaecdd89737,0,19,35.138888888888886
0d94ad60-72f0-4551-83a6-ebaecdd89737,0,20,21.458333333333332
0d94ad60-72f0-4551-83a6-ebaecdd89737,0,21,11.666666666666666
0d94ad60-72f0-4551-83a6-ebaecdd89737,0,22,16.75
0d94ad60-72f0-4551-83a6-ebaecdd89737,1,9,21.25
0d94ad60-72f0-4551-83a6-ebaecdd89737,1,10,23.020833333333332
0d94ad60-72f0-4551-83a6-ebaecdd89737,1,11,25.416666666666668
0d94ad60-72f0-4551-83a6-ebaecdd89737,1,12,25.3125
0d94ad60-72f0-4551-83a6-ebaecdd89737,1,13,26.875
0d94ad60-72f0-4551-83a6-ebaecdd89737,1,14,25.321969696969695
0d94ad60-72f0-4551-83a6-ebaecdd89737,1,15,25.729166666666668
0d94ad60-72f0-4551-83a6-ebaecdd89737,1,16,25.625
0d94ad60-72f0-4551-83a6-ebaecdd89737,1,17,25.104166666666664
0d94ad60-72f0-4551-83a6-ebaecdd89737,2,9,27.386363636363637
0d94ad60-72f0-4551-83a6-ebaecdd89737,2,10,23.194444444444443
0d94ad60-72f0-4551-83a6-ebaecdd89737,2,11,29.498106060606062
0d94ad60-72f0-4551-83a6-ebaecdd89737,2,12,34.58333333333333
0d94ad60-72f0-4551-83a6-ebaecdd89737,2,13,35.0
0d94ad60-72f0-4551-83a6-ebaecdd89737,2,14,31.354166666666664
0d94ad60-72f0-4551-83a6-ebaecdd89737,2,15,36.875
0d94ad60-72f0-4551-83a6-ebaecdd89737,2,16,37.361111111111114
0d94ad60-72f0-4551-83a6-ebaecdd89737,2,17,38.125
0d94ad60-72f0-4551-83a6-ebaecdd89737,2,18,33.020833333333336
0d94ad60-72f0-4551-83a6-ebaecdd89737,2,19,38.47537878787879
0d94ad60-72f0-4551-83a6-ebaecdd89737,2,20,29.708333333333336
0d94ad60-72f0-4551-83a6-ebaecdd89737,2,21,15.5625
0d94ad60-72f0-4551-83a6-ebaecdd89737,2,22,25.416666666666668
0d94ad60-72f0-4551-83a6-ebaecdd89737,3,9,22.5
0d94ad60-72f0-4551-83a6-ebaecdd89737,3,10,24.6875
0d94ad60-72f0-4551-83a6-ebaecdd89737,3,11,30.416666666666664
0d94ad60-72f0-4551-83a6-ebaecdd89737,3,12,29.0625
0d94ad60-72f0-4551-83a6-ebaecdd89737,3,13,32.1875
0d94ad60-72f0-4551-83a6-ebaecdd89737,3,14,25.208333333333332
0d94ad60-72f0-4551-83a6-ebaecdd89737,3,15,28.715277777777775
0d94ad60-72f0-4551-83a6-ebaecdd89737,3,16,28.18452380952381
0d94ad60-72f0-4551-83a6-ebaecdd89737,3,17,30.208333333333336
0d94ad60-72f0-4551-83a6-ebaecdd89737,3,18,33.75
0d94ad60-72f0-4551-83a6-ebaecdd89737,3,19,28.75
0d94ad60-72f0-4551-83a6-ebaecdd89737,3,20,25.555555555555557
0d94ad60-72f0-4551-83a6-ebaecdd89737,3,21,13.472222222222223
0d94ad60-72f0-4551-83a6-ebaecdd89737,3,22,20.416666666666668
0d94ad60-72f0-4551-83a6-ebaecdd89737,4,8,12.083333333333334
0d94ad60-72f0-4551-83a6-ebaecdd89737,4,9,20.208333333333332
0d94ad60-72f0-4551-83a6-ebaecdd89737,4,10,24.166666666666668
0d94ad60-72f0-4551-83a6-ebaecdd89737,4,11,31.388888888888886
0d94ad60-72f0-4551-83a6-ebaecdd89737,4,12,27.916666666666668
0d94ad60-72f0-4551-83a6-ebaecdd89737,4,13,26.770833333333336
0d94ad60-72f0-4551-83a6-ebaecdd89737,4,14,26.145833333333332
0d94ad60-72f0-4551-83a6-ebaecdd89737,4,15,26.770833333333332
0d94ad60-72f0-4551-83a6-ebaecdd89737,4,16,26.979166666666668
0d94ad60-72f0-4551-83a6-ebaecdd89737,4,17,27.291666666666668
0d94ad60-72f0-4551-83a6-ebaecdd89737,5,8,14.166666666666668
0d94ad60-72f0-4551-83a6-ebaecdd89737,5,9,22.395833333333336
0d94ad60-72f0-4551-83a6-ebaecdd89737,5,10,26.160714285714285
0d94ad60-72f0-4551-83a6-ebaecdd89737,5,11,29.131944444444443
0d94ad60-72f0-4551-83a6-ebaecdd89737,5,12,34.30555555555555
0d94ad60-72f0-4551-83a6-ebaecdd89737,5,13,35.97222222222222
0d94ad60-72f0-4551-83a6-ebaecdd89737,5,14,31.428571428571427
0d94ad60-72f0-4551-83a6-ebaecdd89737,5,15,32.36111111111111
0d94ad60-72f0-4551-83a6-ebaecdd89737,5,16,38.0
0d94ad60-72f0-4551-83a6-ebaecdd89737,5,17,37.336309523809526
0d94ad60-72f0-4551-83a6-ebaecdd89737,5,18,40.69444444444444
0d94ad60-72f0-4551-83a6-ebaecdd89737,5,19,40.0
0d94ad60-72f0-4551-83a6-ebaecdd89737,5,20,35.104166666666664
0d94ad60-72f0-4551-83a6-ebaecdd89737,5,21,21.770833333333336
0d94ad60-72f0-4551-83a6-ebaecdd89737,5,22,16.875
0d94ad60-72f0-4551-83a6-ebaecdd89737,6,8,17.291666666666668
0d94ad60-72f0-4551-83a6-ebaecdd89737,6,9,21.71875
0d94ad60-72f0-4551-83a6-ebaecdd89737,6,10,23.75
0d94ad60-72f0-4551-83a6-ebaecdd89737,6,11,26.388888888888886
0d94ad60-72f0-4551-83a6-ebaecdd89737,6,12,29.166666666666668
0d94ad60-72f0-4551-83a6-ebaecdd89737,6,13,26.875
0d94ad60-72f0-4551-83a6-ebaecdd89737,6,14,28.4375
0d94ad60-72f0-4551-83a6-ebaecdd89737,6,15,29.791666666666668
0d94ad60-72f0-4551-83a6-ebaecdd89737,6,16,27.5
0d94ad60-72f0-4551-83a6-ebaecdd89737,6,17,28.75
0d94ad60-72f0-4551-83a6-ebaecdd89737,6,18,32.916666666666664
0d94ad60-72f0-4551-83a6-ebaecdd89737,6,19,32.916666666666664
0d94ad60-72f0-4551-83a6-ebaecdd89737,6,20,35.0
0d94ad60-72f0-4551-83a6-ebaecdd89737,6,21,13.75
0f57cecf-5502-4503-8bc3-ba84d3708ace,0,9,10.0
0f57cecf-5502-4503-8bc3-ba84d3708ace,0,10,10.0
0f57cecf-5502-4503-8bc3-ba84d3708ace,0,11,10.0
0f57cecf-5502-4503-8bc3-ba84d3708ace,0,12,10.0
0f57cecf-5502-4503-8bc3-ba84d3708ace,0,13,10.0
0f57cecf-5502-4503-8bc3-ba84d3708ace,0,14,10.0
0f57cecf-5502-4503-8bc3-ba84d3708ace,0,15,10.0
0f57cecf-5502-4503-8bc3-ba84d3708ace,0,16,10.0
0f57cecf-5502-4503-8bc3-ba84d3708ace,0,17,10.0
0f57cecf-5502-4503-8bc3-ba84d3708ace,0,18,10.0
0f57cecf-5502-4503-8bc3-ba84d3708ace,0,19,10.0
0f57cecf-5502-4503-8bc3-ba84d3708ace,0,20,10.0
0f57cecf-5502-4503-8bc3-ba84d3708ace,0,21,10.0
0f57cecf-5502-4503-8bc3-ba84d3708ace,0,22,10.0
0f57cecf-5502-4503-8bc3-ba84d3708ace,1,9,10.0
0f57cecf-5502-4503-8bc3-ba84d3708ace,1,10,10.0
0f57cecf-5502-4503-8bc3-ba84d3708ace,1,11,10.0
0f57cecf-5502-4503-8bc3-ba84d3708ace,1,12,10.0
0f57cecf-5502-4503-8bc3-ba84d3708ace,1,13,10.0
0f57cecf-5502-4503-8bc3-ba84d3708ace,1,14,10.0
0f57cecf-5502-4503-8bc3-ba84d3708ace,1,15,10.0
0f57cecf-5502-4503-8bc3-ba84d3708ace,1,16,10.0
0f57cecf-5502-4503-8bc3-ba84d3708ace,1,17,10.0
0f57cecf-5502-4503-8bc3-ba84d3708ace,2,9,10.0
0f57cecf-5502-4503-8bc3-ba84d3708ace,2,10,10.0
0f57cecf-5502-4503-8bc3-ba84d3708ace,2,11,10.0
0f57cecf-5502-4503-8bc3-ba84d3708ace,2,12,10.0
0f57cecf-5502-4503-8bc3-ba84d3708ace,2,13,10.0
0f57cecf-5502-4503-8bc3-ba84d3708ace,2,14,10.0
0f57cecf-5502-4503-8bc3-ba84d3708ace,2,15,10.0
0f57cecf-5502-4503-8bc3-ba84d3708ace,2,16,10.0
0f57cecf-5502-4503-8bc3-ba84d3708ace,2,17,10.0
0f57cecf-5502-4503-8bc3-ba84d3708ace,2,18,10.0
0f57cecf-5502-4503-8bc3-ba84d3708ace,2,19,10.0
0f57cecf-5502-4503-8bc3-ba84d3708ace,2,20,10.0
0f57cecf-5502-4503-8bc3-ba84d3708ace,2,21,10.0
0f57cecf-5502-4503-8bc3-ba84d3708ace,2,22,10.0
0f57cecf-5502-4503-8bc3-ba84d3708ace,3,9,10.0
0f57cecf-5502-4503-8bc3-ba84d3708ace,3,10,10.0
0f57cecf-5502-4503-8bc3-ba84d3708ace,3,11,10.0
0f57cecf-5502-4503-8bc3-ba84d3708ace,3,12,10.0
0f57cecf-5502-4503-8bc3-ba84d3708ace,3,13,10.0
0f57cecf-5502-4503-8bc3-ba84d3708ace,3,14,10.0
0f57cecf-5502-4503-8bc3-ba84d3708ace,3,15,10.0
0f57cecf-5502-4503-8bc3-ba84d3708ace,3,16,10.0
0f57cecf-5502-4503-8bc3-ba84d3708ace,3,17,10.0
0f57cecf-5502-4503-8bc3-ba84d3708ace,3,18,10.0
0f57cecf-5502-4503-8bc3-ba84d3708ace,3,19,10.0
0f57cecf-5502-4503-8bc3-ba84d3708ace,3,20,10.0
0f57cecf-5502-4503-8bc3-ba84d3708ace,3,21,10.0
0f57cecf-5502-4503-8bc3-ba84d3708ace,3,22,10.0
0f57cecf-5502-4503-8bc3-ba84d3708ace,4,9,10.0
0f57cecf-5502-4503-8bc3-ba84d3708ace,4,10,10.0
0f57cecf-5502-4503-8bc3-ba84d3708ace,4,11,10.0
0f57cecf-5502-4503-8bc3-ba84d3708ace,4,12,10.0
0f57cecf-5502-4503-8bc3-ba84d3708ace,4,13,10.0
0f57cecf-5502-4503-8bc3-ba84d3708ace,4,14,10.0
0f57cecf-5502-4503-8bc3-ba84d3708ace,4,15,10.0
0f57cecf-5502-4503-8bc3-ba84d3708ace,4,16,10.0
0f57cecf-5502-4503-8bc3-ba84d3708ace,4,17,10.0
0f57cecf-5502-4503-8bc3-ba84d3708ace,5,9,10.0
0f57cecf-5502-4503-8bc3-ba84d3708ace,5,10,10.0
0f57cecf-5502-4503-8bc3-ba84d3708ace,5,11,10.0
0f57cecf-5502-4503-8bc3-ba84d3708ace,5,12,10.0
0f57cecf-5502-4503-8bc3-ba84d3708ace,5,13,10.0
0f57cecf-5502-4503-8bc3-ba84d3708ace,5,14,10.0
0f57cecf-5502-4503-8bc3-ba84d3708ace,5,15,10.0
0f57cecf-5502-4503-8bc3-ba84d3708ace,5,16,10.0
0f57cecf-5502-4503-8bc3-ba84d3708ace,5,17,10.0
0f57cecf-5502-4503-8bc3-ba84d3708ace,5,18,10.0
0f57cecf-5502-4503-8bc3-ba84d3708ace,5,19,10.0
0f57cecf-5502-4503-8bc3-ba84d3708ace,5,20,10.0
0f57cecf-5502-4503-8bc3-ba84d3708ace,5,21,10.0
0f57cecf-5502-4503-8bc3-ba84d3708ace,5,22,10.0
0f57cecf-5502-4503-8bc3-ba84d3708ace,6,9,10.0
0f57cecf-5502-4503-8bc3-ba84d3708ace,6,10,10.0
0f57cecf-5502-4503-8bc3-ba84d3708ace,6,11,8.75
0f57cecf-5502-4503-8bc3-ba84d3708ace,6,12,8.75
0f57cecf-5502-4503-8bc3-ba84d3708ace,6,13,8.75
0f57cecf-5502-4503-8bc3-ba84d3708ace,6,14,8.75
0f57cecf-5502-4503-8bc3-ba84d3708ace,6,15,8.75
0f57cecf-5502-4503-8bc3-ba84d3708ace,6,16,8.75
0f57cecf-5502-4503-8bc3-ba84d3708ace,6,17,8.75
0f57cecf-5502-4503-8bc3-ba84d3708ace,6,18,10.0
0f57cecf-5502-4503-8bc3-ba84d3708ace,6,19,10.0
0f57cecf-5502-4503-8bc3-ba84d3708ace,6,20,10.0
0f57cecf-5502-4503-8bc3-ba84d3708ace,6,21,10.0
12a4b7d4-3a27-48dd-b355-99fe9f8aab37,2,14,51.08585858585859
12a4b7d4-3a27-48dd-b355-99fe9f8aab37,2,15,38.020833333333336
12a4b7d4-3a27-48dd-b355-99fe9f8aab37,2,16,28.75
12a4b7d4-3a27-48dd-b355-99fe9f8aab37,3,14,29.090909090909093
12a4b7d4-3a27-48dd-b355-99fe9f8aab37,3,15,26.979166666666668
12a4b7d4-3a27-48dd-b355-99fe9f8aab37,3,16,15.520833333333332
12a4b7d4-3a27-48dd-b355-99fe9f8aab37,4,14,17.261363636363633
12a4b7d4-3a27-48dd-b355-99fe9f8aab37,4,15,6.875
12a4b7d4-3a27-48dd-b355-99fe9f8aab37,4,16,5.0
12a4b7d4-3a27-48dd-b355-99fe9f8aab37,5,14,43.94796176046176
12a4b7d4-3a27-48dd-b355-99fe9f8aab37,5,15,24.166666666666668
12a4b7d4-3a27-48dd-b355-99fe9f8aab37,5,16,21.666666666666668
12a4b7d4-3a27-48dd-b355-99fe9f8aab37,6,14,40.0
12a4b7d4-3a27-48dd-b355-99fe9f8aab37,6,15,29.375
12a4b7d4-3a27-48dd-b355-99fe9f8aab37,6,16,23.541666666666668
144450b9-4574-46be-abdf-4b1ca8974d9d,0,10,22.5
144450b9-4574-46be-abdf-4b1ca8974d9d,0,11,16.666666666666668
144450b9-4574-46be-abdf-4b1ca8974d9d,0,12,13.958333333333334
144450b9-4574-46be-abdf-4b1ca8974d9d,0,13,15.9375
144450b9-4574-46be-abdf-4b1ca8974d9d,0,14,31.25
144450b9-4574-46be-abdf-4b1ca8974d9d,0,15,34.479166666666664
144450b9-4574-46be-abdf-4b1ca8974d9d,0,16,22.708333333333336
144450b9-4574-46be-abdf-4b1ca8974d9d,0,17,11.25
144450b9-4574-46be-abdf-4b1ca8974d9d,0,18,10.0
144450b9-4574-46be-abdf-4b1ca8974d9d,1,10,16.75
144450b9-4574-46be-abdf-4b1ca8974d9d,1,11,15.104166666666668
144450b9-4574-46be-abdf-4b1ca8974d9d,1,12,11.5625
144450b9-4574-46be-abdf-4b1ca8974d9d,1,13,21.145833333333336
144450b9-4574-46be-abdf-4b1ca8974d9d,1,14,37.8125
144450b9-4574-46be-abdf-4b1ca8974d9d,1,15,28.229166666666668
144450b9-4574-46be-abdf-4b1ca8974d9d,1,16,16.666666666666668
144450b9-4574-46be-abdf-4b1ca8974d9d,1,17,12.5
144450b9-4574-46be-abdf-4b1ca8974d9d,1,18,10.0
144450b9-4574-46be-abdf-4b1ca8974d9d,2,9,10.972222222222221
144450b9-4574-46be-abdf-4b1ca8974d9d,2,10,11.25
144450b9-4574-46be-abdf-4b1ca8974d9d,2,11,11.25
144450b9-4574-46be-abdf-4b1ca8974d9d,2,12,11.25
144450b9-4574-46be-abdf-4b1ca8974d9d,2,13,12.708333333333334
144450b9-4574-46be-abdf-4b1ca8974d9d,2,14,12.291666666666666
144450b9-4574-46be-abdf-4b1ca8974d9d,2,15,13.75
144450b9-4574-46be-abdf-4b1ca8974d9d,2,16,11.458333333333334
144450b9-4574-46be-abdf-4b1ca8974d9d,3,9,10.0
144450b9-4574-46be-abdf-4b1ca8974d9d,3,10,10.0
144450b9-4574-46be-abdf-4b1ca8974d9d,3,11,10.0
144450b9-4574-46be-abdf-4b1ca8974d9d,3,12,10.0
144450b9-4574-46be-abdf-4b1ca8974d9d,3,13,10.208333333333334
144450b9-4574-46be-abdf-4b1ca8974d9d,3,14,11.25
144450b9-4574-46be-abdf-4b1ca8974d9d,3,15,10.9375
144450b9-4574-46be-abdf-4b1ca8974d9d,3,16,10.0
144450b9-4574-46be-abdf-4b1ca8974d9d,4,9,10.0
144450b9-4574-46be-abdf-4b1ca8974d9d,4,10,10.0
144450b9-4574-46be-abdf-4b1ca8974d9d,4,11,10.0
144450b9-4574-46be-abdf-4b1ca8974d9d,4,12,10.833333333333334
144450b9-4574-46be-abdf-4b1ca8974d9d,4,13,13.958333333333334
144450b9-4574-46be-abdf-4b1ca8974d9d,4,14,13.645833333333334
144450b9-4574-46be-abdf-4b1ca8974d9d,4,15,11.5625
144450b9-4574-46be-abdf-4b1ca8974d9d,4,16,11.25
144450b9-4574-46be-abdf-4b1ca8974d9d,5,9,11.25
144450b9-4574-46be-abdf-4b1ca8974d9d,5,10,11.25
144450b9-4574-46be-abdf-4b1ca8974d9d,5,11,11.25
144450b9-4574-46be-abdf-4b1ca8974d9d,5,12,11.25
144450b9-4574-46be-abdf-4b1ca8974d9d,5,13,16.770833333333332
144450b9-4574-46be-abdf-4b1ca8974d9d,5,14,21.875
144450b9-4574-46be-abdf-4b1ca8974d9d,5,15,14.895833333333334
144450b9-4574-46be-abdf-4b1ca8974d9d,5,16,10.0
144450b9-4574-46be-abdf-4b1ca8974d9d,6,9,10.0
144450b9-4574-46be-abdf-4b1ca8974d9d,6,10,10.0
144450b9-4574-46be-abdf-4b1ca8974d9d,6,11,10.0
144450b9-4574-46be-abdf-4b1ca8974d9d,6,12,12.708333333333332
144450b9-4574-46be-abdf-4b1ca8974d9d,6,13,19.479166666666664
144450b9-4574-46be-abdf-4b1ca8974d9d,6,14,20.416666666666664
144450b9-4574-46be-abdf-4b1ca8974d9d,6,15,14.791666666666668
144450b9-4574-46be-abdf-4b1ca8974d9d,6,16,11.25
1a2e70d9-50d5-4140-b69e-799e950f7d18,0,9,48.888888888888886
1a2e70d9-50d5-4140-b69e-799e950f7d18,0,10,48.47222222222223
1a2e70d9-50d5-4140-b69e-799e950f7d18,0,11,51.04166666666667
1a2e70d9-50d5-4140-b69e-799e950f7d18,0,12,48.54166666666667
1a2e70d9-50d5-4140-b69e-799e950f7d18,0,13,48.3125
1a2e70d9-50d5-4140-b69e-799e950f7d18,0,14,41.52777777777778
1a2e70d9-50d5-4140-b69e-799e950f7d18,0,15,38.875
1a2e70d9-50d5-4140-b69e-799e950f7d18,0,16,39.166666666666664
1a2e70d9-50d5-4140-b69e-799e950f7d18,0,17,28.854166666666664
1a2e70d9-50d5-4140-b69e-799e950f7d18,0,18,32.08333333333333
1a2e70d9-50d5-4140-b69e-799e950f7d18,0,19,26.25
1a2e70d9-50d5-4140-b69e-799e950f7d18,0,20,17.25
1a2e70d9-50d5-4140-b69e-799e950f7d18,1,9,41.25
1a2e70d9-50d5-4140-b69e-799e950f7d18,1,10,49.82142857142857
1a2e70d9-50d5-4140-b69e-799e950f7d18,1,11,50.65972222222222
1a2e70d9-50d5-4140-b69e-799e950f7d18,1,12,57.083333333333336
1a2e70d9-50d5-4140-b69e-799e950f7d18,1,13,45.541666666666664
1a2e70d9-50d5-4140-b69e-799e950f7d18,1,14,46.97916666666667
1a2e70d9-50d5-4140-b69e-799e950f7d18,1,15,41.97916666666667
1a2e70d9-50d5-4140-b69e-799e950f7d18,1,16,37.8125
1a2e70d9-50d5-4140-b69e-799e950f7d18,1,17,34.479166666666664
1a2e70d9-50d5-4140-b69e-799e950f7d18,1,18,36.865530303030305
1a2e70d9-50d5-4140-b69e-799e950f7d18,1,19,28.75
1a2e70d9-50d5-4140-b69e-799e950f7d18,1,20,20.0
1a2e70d9-50d5-4140-b69e-799e950f7d18,1,21,18.333333333333332
1a2e70d9-50d5-4140-b69e-799e950f7d18,2,9,40.41666666666667
1a2e70d9-50d5-4140-b69e-799e950f7d18,2,10,47.68518518518518
1a2e70d9-50d5-4140-b69e-799e950f7d18,2,11,51.52777777777778
1a2e70d9-50d5-4140-b69e-799e950f7d18,2,12,42.22222222222222
1a2e70d9-50d5-4140-b69e-799e950f7d18,2,13,50.41666666666667
1a2e70d9-50d5-4140-b69e-799e950f7d18,2,14,53.301767676767675
1a2e70d9-50d5-4140-b69e-799e950f7d18,2,15,54.6875
1a2e70d9-50d5-4140-b69e-799e950f7d18,2,16,56.14583333333333
1a2e70d9-50d5-4140-b69e-799e950f7d18,2,17,41.111111111111114
1a2e70d9-50d5-4140-b69e-799e950f7d18,2,18,51.28968253968254
1a2e70d9-50d5-4140-b69e-799e950f7d18,2,19,38.66071428571429
1a2e70d9-50d5-4140-b69e-799e950f7d18,2,20,31.597222222222218
1a2e70d9-50d5-4140-b69e-799e950f7d18,3,9,52.90719696969697
1a2e70d9-50d5-4140-b69e-799e950f7d18,3,10,48.85416666666667
1a2e70d9-50d5-4140-b69e-799e950f7d18,3,11,51.354166666666664
1a2e70d9-50d5-4140-b69e-799e950f7d18,3,12,54.47916666666667
1a2e70d9-50d5-4140-b69e-799e950f7d18,3,13,47.08333333333333
1a2e70d9-50d5-4140-b69e-799e950f7d18,3,14,40.9375
1a2e70d9-50d5-4140-b69e-799e950f7d18,3,15,36.458333333333336
1a2e70d9-50d5-4140-b69e-799e950f7d18,3,16,31.78030303030303
1a2e70d9-50d5-4140-b69e-799e950f7d18,3,17,36.5625
1a2e70d9-50d5-4140-b69e-799e950f7d18,3,18,36.69507575757576
1a2e70d9-50d5-4140-b69e-799e950f7d18,3,19,20.97222222222222
1a2e70d9-50d5-4140-b69e-799e950f7d18,3,20,19.6875
1a2e70d9-50d5-4140-b69e-799e950f7d18,4,8,39.166666666666664
1a2e70d9-50d5-4140-b69e-799e950f7d18,4,9,46.111111111111114
1a2e70d9-50d5-4140-b69e-799e950f7d18,4,10,56.5625
1a2e70d9-50d5-4140-b69e-799e950f7d18,4,11,52.1875
1a2e70d9-50d5-4140-b69e-799e950f7d18,4,12,53.854166666666664
1a2e70d9-50d5-4140-b69e-799e950f7d18,4,13,52.083333333333336
1a2e70d9-50d5-4140-b69e-799e950f7d18,4,14,58.333333333333336
1a2e70d9-50d5-4140-b69e-799e950f7d18,4,15,50.97222222222222
1a2e70d9-50d5-4140-b69e-799e950f7d18,4,16,48.928030303030305
1a2e70d9-50d5-4140-b69e-799e950f7d18,4,17,52.9375
1a2e70d9-50d5-4140-b69e-799e950f7d18,4,18,53.229166666666664
1a2e70d9-50d5-4140-b69e-799e950f7d18,4,19,56.65719696969697
1a2e70d9-50d5-4140-b69e-799e950f7d18,4,20,41.25
1a2e70d9-50d5-4140-b69e-799e950f7d18,4,21,25.0
1a2e70d9-50d5-4140-b69e-799e950f7d18,5,8,45.0
1a2e70d9-50d5-4140-b69e-799e950f7d18,5,9,46.458333333333336
1a2e70d9-50d5-4140-b69e-799e950f7d18,5,10,51.651785714285715
1a2e70d9-50d5-4140-b69e-799e950f7d18,5,11,55.625
1a2e70d9-50d5-4140-b69e-799e950f7d18,5,12,57.22222222222223
1a2e70d9-50d5-4140-b69e-799e950f7d18,5,13,59.375
1a2e70d9-50d5-4140-b69e-799e950f7d18,5,14,55.625
1a2e70d9-50d5-4140-b69e-799e950f7d18,5,15,54.270833333333336
1a2e70d9-50d5-4140-b69e-799e950f7d18,5,16,51.571969696969695
1a2e70d9-50d5-4140-b69e-799e950f7d18,5,17,43.333333333333336
1a2e70d9-50d5-4140-b69e-799e950f7d18,5,18,48.4375
1a2e70d9-50d5-4140-b69e-799e950f7d18,5,19,39.583333333333336
1a2e70d9-50d5-4140-b69e-799e950f7d18,5,20,34.166666666666664
1a2e70d9-50d5-4140-b69e-799e950f7d18,5,21,28.333333333333332
1a2e70d9-50d5-4140-b69e-799e950f7d18,6,9,52.06845238095238
1a2e70d9-50d5-4140-b69e-799e950f7d18,6,10,47.916666666666664
1a2e70d9-50d5-4140-b69e-799e950f7d18,6,11,58.125
1a2e70d9-50d5-4140-b69e-799e950f7d18,6,12,60.416666666666664
1a2e70d9-50d5-4140-b69e-799e950f7d18,6,13,50.83333333333333
1a2e70d9-50d5-4140-b69e-799e950f7d18,6,14,51.041666666666664
1a2e70d9-50d5-4140-b69e-799e950f7d18,6,15,53.333333333333336
1a2e70d9-50d5-4140-b69e-799e950f7d18,6,16,50.416666666666664
1a2e70d9-50d5-4140-b69e-799e950f7d18,6,17,50.625
1a2e70d9-50d5-4140-b69e-799e950f7d18,6,18,45.83333333333333
1a2e70d9-50d5-4140-b69e-799e950f7d18,6,19,43.229166666666664
1a2e70d9-50d5-4140-b69e-799e950f7d18,6,20,27.708333333333332
1a2e70d9-50d5-4140-b69e-799e950f7d18,6,21,13.333333333333332
1a8ea967-229a-42a0-8290-59b036c84e14,0,9,5.0
1a8ea967-229a-42a0-8290-59b036c84e14,0,10,5.0
1a8ea967-229a-42a0-8290-59b036c84e14,0,11,5.0
1a8ea967-229a-42a0-8290-59b036c84e14,0,12,5.0
1a8ea967-229a-42a0-8290-59b036c84e14,0,13,5.0
1a8ea967-229a-42a0-8290-59b036c84e14,0,14,5.0
1a8ea967-229a-42a0-8290-59b036c84e14,0,15,5.0
1a8ea967-229a-42a0-8290-59b036c84e14,0,16,5.0
1a8ea967-229a-42a0-8290-59b036c84e14,0,17,5.0
1a8ea967-229a-42a0-8290-59b036c84e14,0,18,5.0
1a8ea967-229a-42a0-8290-59b036c84e14,1,9,5.0
1a8ea967-229a-42a0-8290-59b036c84e14,1,10,5.0
1a8ea967-229a-42a0-8290-59b036c84e14,1,11,5.0
1a8ea967-229a-42a0-8290-59b036c84e14,1,12,5.0
1a8ea967-229a-42a0-8290-59b036c84e14,1,13,5.0
1a8ea967-229a-42a0-8290-59b036c84e14,1,14,5.0
1a8ea967-229a-42a0-8290-59b036c84e14,1,15,5.0
1a8ea967-229a-42a0-8290-59b036c84e14,1,16,5.0
1a8ea967-229a-42a0-8290-59b036c84e14,1,17,5.0
1a8ea967-229a-42a0-8290-59b036c84e14,1,18,5.0
1a8ea967-229a-42a0-8290-59b036c84e14,2,9,5.0
1a8ea967-229a-42a0-8290-59b036c84e14,2,10,5.0
1a8ea967-229a-42a0-8290-59b036c84e14,2,11,5.0
1a8ea967-229a-42a0-8290-59b036c84e14,2,12,5.0
1a8ea967-229a-42a0-8290-59b036c84e14,2,13,5.0
1a8ea967-229a-42a0-8290-59b036c84e14,2,14,5.0
1a8ea967-229a-42a0-8290-59b036c84e14,2,15,5.0
1a8ea967-229a-42a0-8290-59b036c84e14,2,16,5.0
1a8ea967-229a-42a0-8290-59b036c84e14,2,17,5.0
1a8ea967-229a-42a0-8290-59b036c84e14,2,18,5.0
1a8ea967-229a-42a0-8290-59b036c84e14,3,9,5.0
1a8ea967-229a-42a0-8290-59b036c84e14,3,10,5.0
1a8ea967-229a-42a0-8290-59b036c84e14,3,11,5.0
1a8ea967-229a-42a0-8290-59b036c84e14,3,12,5.0
1a8ea967-229a-42a0-8290-59b036c84e14,3,13,5.0
1a8ea967-229a-42a0-8290-59b036c84e14,3,14,5.0
1a8ea967-229a-42a0-8290-59b036c84e14,3,15,5.0
1a8ea967-229a-42a0-8290-59b036c84e14,3,16,5.0
1a8ea967-229a-42a0-8290-59b036c84e14,3,17,5.0
1a8ea967-229a-42a0-8290-59b036c84e14,3,18,5.0
1a8ea967-229a-42a0-8290-59b036c84e14,4,9,5.0
1a8ea967-229a-42a0-8290-59b036c84e14,4,10,5.0
1a8ea967-229a-42a0-8290-59b036c84e14,4,11,5.0
1a8ea967-229a-42a0-8290-59b036c84e14,4,12,5.0
1a8ea967-229a-42a0-8290-59b036c84e14,4,13,5.0
1a8ea967-229a-42a0-8290-59b036c84e14,4,14,5.0
1a8ea967-229a-42a0-8290-59b036c84e14,4,15,5.0
1a8ea967-229a-42a0-8290-59b036c84e14,4,16,5.0
1a8ea967-229a-42a0-8290-59b036c84e14,4,17,5.0
1a8ea967-229a-42a0-8290-59b036c84e14,4,18,5.0
1a8ea967-229a-42a0-8290-59b036c84e14,5,9,5.0
1a8ea967-229a-42a0-8290-59b036c84e14,5,10,5.0
1a8ea967-229a-42a0-8290-59b036c84e14,5,11,5.0
1a8ea967-229a-42a0-8290-59b036c84e14,5,12,5.0
1a8ea967-229a-42a0-8290-59b036c84e14,5,13,5.0
1a8ea967-229a-42a0-8290-59b036c84e14,5,14,5.0
1a8ea967-229a-42a0-8290-59b036c84e14,5,15,5.0
1a8ea967-229a-42a0-8290-59b036c84e14,5,16,5.0
1a8ea967-229a-42a0-8290-59b036c84e14,5,17,5.0
1a8ea967-229a-42a0-8290-59b036c84e14,5,18,5.0
1a8ea967-229a-42a0-8290-59b036c84e14,6,9,5.0
1a8ea967-229a-42a0-8290-59b036c84e14,6,10,5.0
1a8ea967-229a-42a0-8290-59b036c84e14,6,11,5.0
1a8ea967-229a-42a0-8290-59b036c84e14,6,12,5.0
1a8ea967-229a-42a0-8290-59b036c84e14,6,13,5.0
1a8ea967-229a-42a0-8290-59b036c84e14,6,14,5.0
1a8ea967-229a-42a0-8290-59b036c84e14,6,15,5.0
1a8ea967-229a-42a0-8290-59b036c84e14,6,16,5.0
1a8ea967-229a-42a0-8290-59b036c84e14,6,17,5.0
1a8ea967-229a-42a0-8290-59b036c84e14,6,18,5.0
1b15c77b-0311-4171-8e59-7f38e6d60754,0,8,11.979166666666668
1b15c77b-0311-4171-8e59-7f38e6d60754,0,9,11.770833333333334
1b15c77b-0311-4171-8e59-7f38e6d60754,0,10,15.729166666666668
1b15c77b-0311-4171-8e59-7f38e6d60754,0,11,15.104166666666668
1b15c77b-0311-4171-8e59-7f38e6d60754,0,12,14.895833333333332
1b15c77b-0311-4171-8e59-7f38e6d60754,0,13,11.666666666666666
1b15c77b-0311-4171-8e59-7f38e6d60754,0,14,10.208333333333334
1b15c77b-0311-4171-8e59-7f38e6d60754,0,15,10.0
1b15c77b-0311-4171-8e59-7f38e6d60754,0,16,10.0
1b15c77b-0311-4171-8e59-7f38e6d60754,0,17,10.0
1b15c77b-0311-4171-8e59-7f38e6d60754,0,18,10.0
1b15c77b-0311-4171-8e59-7f38e6d60754,1,8,8.75
1b15c77b-0311-4171-8e59-7f38e6d60754,1,9,9.375
1b15c77b-0311-4171-8e59-7f38e6d60754,1,10,11.458333333333334
1b15c77b-0311-4171-8e59-7f38e6d60754,1,11,12.395833333333334
1b15c77b-0311-4171-8e59-7f38e6d60754,1,12,10.208333333333334
1b15c77b-0311-4171-8e59-7f38e6d60754,1,13,10.0
1b15c77b-0311-4171-8e59-7f38e6d60754,1,14,9.166666666666668
1b15c77b-0311-4171-8e59-7f38e6d60754,1,15,9.479166666666668
1b15c77b-0311-4171-8e59-7f38e6d60754,1,16,10.0
1b15c77b-0311-4171-8e59-7f38e6d60754,1,17,10.0
1b15c77b-0311-4171-8e59-7f38e6d60754,1,18,10.0
1b15c77b-0311-4171-8e59-7f38e6d60754,2,8,13.75
1b15c77b-0311-4171-8e59-7f38e6d60754,2,9,13.75
1b15c77b-0311-4171-8e59-7f38e6d60754,2,10,13.4375
1b15c77b-0311-4171-8e59-7f38e6d60754,2,11,12.5
1b15c77b-0311-4171-8e59-7f38e6d60754,2,12,11.875
1b15c77b-0311-4171-8e59-7f38e6d60754,2,13,10.0
1b15c77b-0311-4171-8e59-7f38e6d60754,2,14,10.0
1b15c77b-0311-4171-8e59-7f38e6d60754,2,15,10.208333333333334
1b15c77b-0311-4171-8e59-7f38e6d60754,2,16,10.833333333333334
1b15c77b-0311-4171-8e59-7f38e6d60754,2,17,9.375
1b15c77b-0311-4171-8e59-7f38e6d60754,2,18,7.083333333333333
1b15c77b-0311-4171-8e59-7f38e6d60754,3,8,8.75
1b15c77b-0311-4171-8e59-7f38e6d60754,3,9,8.645833333333332
1b15c77b-0311-4171-8e59-7f38e6d60754,3,10,9.895833333333332
1b15c77b-0311-4171-8e59-7f38e6d60754,3,11,12.291666666666668
1b15c77b-0311-4171-8e59-7f38e6d60754,3,12,13.030303030303031
1b15c77b-0311-4171-8e59-7f38e6d60754,3,13,11.145833333333334
1b15c77b-0311-4171-8e59-7f38e6d60754,3,14,10.0
1b15c77b-0311-4171-8e59-7f38e6d60754,3,15,9.583333333333334
1b15c77b-0311-4171-8e59-7f38e6d60754,3,16,10.0
1b15c77b-0311-4171-8e59-7f38e6d60754,3,17,10.0
1b15c77b-0311-4171-8e59-7f38e6d60754,3,18,8.333333333333334
1b15c77b-0311-4171-8e59-7f38e6d60754,4,8,10.0
1b15c77b-0311-4171-8e59-7f38e6d60754,4,9,10.208333333333334
1b15c77b-0311-4171-8e59-7f38e6d60754,4,10,11.354166666666666
1b15c77b-0311-4171-8e59-7f38e6d60754,4,11,14.583333333333334
1b15c77b-0311-4171-8e59-7f38e6d60754,4,12,16.979166666666668
1b15c77b-0311-4171-8e59-7f38e6d60754,4,13,13.229166666666666
1b15c77b-0311-4171-8e59-7f38e6d60754,4,14,15.625
1b15c77b-0311-4171-8e59-7f38e6d60754,4,15,12.916666666666668
1b15c77b-0311-4171-8e59-7f38e6d60754,4,16,11.25
1b15c77b-0311-4171-8e59-7f38e6d60754,4,17,10.3125
1b15c77b-0311-4171-8e59-7f38e6d60754,4,18,7.083333333333333
1b15c77b-0311-4171-8e59-7f38e6d60754,5,8,8.75
1b15c77b-0311-4171-8e59-7f38e6d60754,5,9,10.416666666666666
1b15c77b-0311-4171-8e59-7f38e6d60754,5,10,11.25
1b15c77b-0311-4171-8e59-7f38e6d60754,5,11,16.666666666666664
1b15c77b-0311-4171-8e59-7f38e6d60754,5,12,16.25
1b15c77b-0311-4171-8e59-7f38e6d60754,5,13,14.583333333333332
1b15c77b-0311-4171-8e59-7f38e6d60754,5,14,10.729166666666666
1b15c77b-0311-4171-8e59-7f38e6d60754,5,15,10.416666666666666
1b15c77b-0311-4171-8e59-7f38e6d60754,5,16,10.0
1b15c77b-0311-4171-8e59-7f38e6d60754,5,17,10.0
1b15c77b-0311-4171-8e59-7f38e6d60754,5,18,7.8125
1b15c77b-0311-4171-8e59-7f38e6d60754,5,19,7.083333333333333
1b15c77b-0311-4171-8e59-7f38e6d60754,6,8,12.1875
1b15c77b-0311-4171-8e59-7f38e6d60754,6,9,12.395833333333334
1b15c77b-0311-4171-8e59-7f38e6d60754,6,10,15.416666666666666
1b15c77b-0311-4171-8e59-7f38e6d60754,6,11,18.958333333333332
1b15c77b-0311-4171-8e59-7f38e6d60754,6,12,21.041666666666664
1b15c77b-0311-4171-8e59-7f38e6d60754,6,13,20.104166666666668
1b15c77b-0311-4171-8e59-7f38e6d60754,6,14,15.729166666666666
1b15c77b-0311-4171-8e59-7f38e6d60754,6,15,12.15909090909091
1b15c77b-0311-4171-8e59-7f38e6d60754,6,16,10.104166666666666
1b15c77b-0311-4171-8e59-7f38e6d60754,6,17,10.0
1b15c77b-0311-4171-8e59-7f38e6d60754,6,18,9.375
1e16afdd-15e3-4e4a-b3af-8aeebd7534f8,0,11,27.84027777777778
1e16afdd-15e3-4e4a-b3af-8aeebd7534f8,0,12,40.104166666666664
1e16afdd-15e3-4e4a-b3af-8aeebd7534f8,0,13,31.25
1e16afdd-15e3-4e4a-b3af-8aeebd7534f8,0,14,36.979166666666664
1e16afdd-15e3-4e4a-b3af-8aeebd7534f8,0,15,41.25
1e16afdd-15e3-4e4a-b3af-8aeebd7534f8,0,16,36.979166666666664
1e16afdd-15e3-4e4a-b3af-8aeebd7534f8,0,17,41.25
1e16afdd-15e3-4e4a-b3af-8aeebd7534f8,0,18,33.05555555555556
1e16afdd-15e3-4e4a-b3af-8aeebd7534f8,1,10,25.0
1e16afdd-15e3-4e4a-b3af-8aeebd7534f8,1,11,25.585227272727273
1e16afdd-15e3-4e4a-b3af-8aeebd7534f8,1,12,37.916666666666664
1e16afdd-15e3-4e4a-b3af-8aeebd7534f8,1,13,33.4375
1e16afdd-15e3-4e4a-b3af-8aeebd7534f8,1,14,25.78125
1e16afdd-15e3-4e4a-b3af-8aeebd7534f8,1,15,28.125
1e16afdd-15e3-4e4a-b3af-8aeebd7534f8,1,16,30.0
1e16afdd-15e3-4e4a-b3af-8aeebd7534f8,1,17,23.75
1e16afdd-15e3-4e4a-b3af-8aeebd7534f8,1,18,22.222222222222225
1e16afdd-15e3-4e4a-b3af-8aeebd7534f8,2,10,17.386363636363637
1e16afdd-15e3-4e4a-b3af-8aeebd7534f8,2,11,23.75
1e16afdd-15e3-4e4a-b3af-8aeebd7534f8,2,12,27.708333333333336
1e16afdd-15e3-4e4a-b3af-8aeebd7534f8,2,13,23.229166666666668
1e16afdd-15e3-4e4a-b3af-8aeebd7534f8,2,14,24.0625
1e16afdd-15e3-4e4a-b3af-8aeebd7534f8,2,15,16.875
1e16afdd-15e3-4e4a-b3af-8aeebd7534f8,2,16,20.729166666666668
1e16afdd-15e3-4e4a-b3af-8aeebd7534f8,3,10,14.933712121212121
1e16afdd-15e3-4e4a-b3af-8aeebd7534f8,3,11,29.6875
1e16afdd-15e3-4e4a-b3af-8aeebd7534f8,3,12,34.39814814814815
1e16afdd-15e3-4e4a-b3af-8aeebd7534f8,3,13,27.291666666666668
1e16afdd-15e3-4e4a-b3af-8aeebd7534f8,3,14,25.0
1e16afdd-15e3-4e4a-b3af-8aeebd7534f8,3,15,26.111111111111114
1e16afdd-15e3-4e4a-b3af-8aeebd7534f8,3,16,25.9375
1e16afdd-15e3-4e4a-b3af-8aeebd7534f8,4,10,19.742424242424242
1e16afdd-15e3-4e4a-b3af-8aeebd7534f8,4,11,28.675595238095237
1e16afdd-15e3-4e4a-b3af-8aeebd7534f8,4,12,33.22916666666667
1e16afdd-15e3-4e4a-b3af-8aeebd7534f8,4,13,27.604166666666668
1e16afdd-15e3-4e4a-b3af-8aeebd7534f8,4,14,22.708333333333336
1e16afdd-15e3-4e4a-b3af-8aeebd7534f8,4,15,25.416666666666668
1e16afdd-15e3-4e4a-b3af-8aeebd7534f8,4,16,23.125
1e16afdd-15e3-4e4a-b3af-8aeebd7534f8,5,9,10.0
1e16afdd-15e3-4e4a-b3af-8aeebd7534f8,5,10,16.96212121212121
1e16afdd-15e3-4e4a-b3af-8aeebd7534f8,5,11,41.145833333333336
1e16afdd-15e3-4e4a-b3af-8aeebd7534f8,5,12,39.166666666666664
1e16afdd-15e3-4e4a-b3af-8aeebd7534f8,5,13,38.854166666666664
1e16afdd-15e3-4e4a-b3af-8aeebd7534f8,5,14,39.479166666666664
1e16afdd-15e3-4e4a-b3af-8aeebd7534f8,5,15,31.145833333333336
1e16afdd-15e3-4e4a-b3af-8aeebd7534f8,5,16,35.416666666666664
1e16afdd-15e3-4e4a-b3af-8aeebd7534f8,6,9,15.0
1e16afdd-15e3-4e4a-b3af-8aeebd7534f8,6,10,19.583333333333332
1e16afdd-15e3-4e4a-b3af-8aeebd7534f8,6,11,36.97916666666667
1e16afdd-15e3-4e4a-b3af-8aeebd7534f8,6,12,39.79166666666667
1e16afdd-15e3-4e4a-b3af-8aeebd7534f8,6,13,31.666666666666668
1e16afdd-15e3-4e4a-b3af-8aeebd7534f8,6,14,35.20833333333333
1e16afdd-15e3-4e4a-b3af-8aeebd7534f8,6,15,36.14583333333333
1e16afdd-15e3-4e4a-b3af-8aeebd7534f8,6,16,33.333333333333336
1e735ffb-4868-47f1-b2cd-2ac1156cd5f0,0,9,44.166666666666664
1e735ffb-4868-47f1-b2cd-2ac1156cd5f0,0,10,41.11111111111111
1e735ffb-4868-47f1-b2cd-2ac1156cd5f0,0,11,48.020833333333336
1e735ffb-4868-47f1-b2cd-2ac1156cd5f0,0,12,43.47222222222222
1e735ffb-4868-47f1-b2cd-2ac1156cd5f0,0,13,45.72916666666667
1e735ffb-4868-47f1-b2cd-2ac1156cd5f0,0,14,52.1875
1e735ffb-4868-47f1-b2cd-2ac1156cd5f0,0,15,58.541666666666664
1e735ffb-4868-47f1-b2cd-2ac1156cd5f0,0,16,54.375
1e735ffb-4868-47f1-b2cd-2ac1156cd5f0,0,17,46.35416666666667
1e735ffb-4868-47f1-b2cd-2ac1156cd5f0,0,18,49.18560606060606
1e735ffb-4868-47f1-b2cd-2ac1156cd5f0,0,19,49.0625
1e735ffb-4868-47f1-b2cd-2ac1156cd5f0,0,20,47.6875
1e735ffb-4868-47f1-b2cd-2ac1156cd5f0,1,9,34.0625
1e735ffb-4868-47f1-b2cd-2ac1156cd5f0,1,10,32.76041666666667
1e735ffb-4868-47f1-b2cd-2ac1156cd5f0,1,11,43.05555555555555
1e735ffb-4868-47f1-b2cd-2ac1156cd5f0,1,12,35.3125
1e735ffb-4868-47f1-b2cd-2ac1156cd5f0,1,13,48.4375
1e735ffb-4868-47f1-b2cd-2ac1156cd5f0,1,14,53.958333333333336
1e735ffb-4868-47f1-b2cd-2ac1156cd5f0,1,15,50.625
1e735ffb-4868-47f1-b2cd-2ac1156cd5f0,1,16,51.388888888888886
1e735ffb-4868-47f1-b2cd-2ac1156cd5f0,1,17,53.61742424242424
1e735ffb-4868-47f1-b2cd-2ac1156cd5f0,1,18,52.34848484848485
1e735ffb-4868-47f1-b2cd-2ac1156cd5f0,1,19,45.0
1e735ffb-4868-47f1-b2cd-2ac1156cd5f0,1,20,41.458333333333336
1e735ffb-4868-47f1-b2cd-2ac1156cd5f0,2,9,31.388888888888886
1e735ffb-4868-47f1-b2cd-2ac1156cd5f0,2,10,31.695075757575758
1e735ffb-4868-47f1-b2cd-2ac1156cd5f0,2,11,33.75
1e735ffb-4868-47f1-b2cd-2ac1156cd5f0,2,12,33.24810606060606
1e735ffb-4868-47f1-b2cd-2ac1156cd5f0,2,13,47.638888888888886
1e735ffb-4868-47f1-b2cd-2ac1156cd5f0,2,14,41.19791666666667
1e735ffb-4868-47f1-b2cd-2ac1156cd5f0,2,15,49.58333333333333
1e735ffb-4868-47f1-b2cd-2ac1156cd5f0,2,16,49.895833333333336
1e735ffb-4868-47f1-b2cd-2ac1156cd5f0,2,17,43.020833333333336
1e735ffb-4868-47f1-b2cd-2ac1156cd5f0,2,18,41.45833333333333
1e735ffb-4868-47f1-b2cd-2ac1156cd5f0,2,19,37.8125
1e735ffb-4868-47f1-b2cd-2ac1156cd5f0,2,20,31.666666666666668
1e735ffb-4868-47f1-b2cd-2ac1156cd5f0,3,9,29.678030303030305
1e735ffb-4868-47f1-b2cd-2ac1156cd5f0,3,10,37.083333333333336
1e735ffb-4868-47f1-b2cd-2ac1156cd5f0,3,11,41.5625
1e735ffb-4868-47f1-b2cd-2ac1156cd5f0,3,12,39.791666666666664
1e735ffb-4868-47f1-b2cd-2ac1156cd5f0,3,13,47.70833333333333
1e735ffb-4868-47f1-b2cd-2ac1156cd5f0,3,14,46.52777777777777
1e735ffb-4868-47f1-b2cd-2ac1156cd5f0,3,15,52.395833333333336
1e735ffb-4868-47f1-b2cd-2ac1156cd5f0,3,16,58.65740740740741
1e735ffb-4868-47f1-b2cd-2ac1156cd5f0,3,17,46.944444444444436
1e735ffb-4868-47f1-b2cd-2ac1156cd5f0,3,18,46.979166666666664
1e735ffb-4868-47f1-b2cd-2ac1156cd5f0,3,19,47.395833333333336
1e735ffb-4868-47f1-b2cd-2ac1156cd5f0,3,20,44.27083333333333
1e735ffb-4868-47f1-b2cd-2ac1156cd5f0,4,9,30.729166666666668
1e735ffb-4868-47f1-b2cd-2ac1156cd5f0,4,10,40.104166666666664
1e735ffb-4868-47f1-b2cd-2ac1156cd5f0,4,11,41.63194444444444
1e735ffb-4868-47f1-b2cd-2ac1156cd5f0,4,12,45.13888888888889
1e735ffb-4868-47f1-b2cd-2ac1156cd5f0,4,13,46.770833333333336
1e735ffb-4868-47f1-b2cd-2ac1156cd5f0,4,14,59.201388888888886
1e735ffb-4868-47f1-b2cd-2ac1156cd5f0,4,15,74.5138888888889
1e735ffb-4868-47f1-b2cd-2ac1156cd5f0,4,16,61.636904761904766
1e735ffb-4868-47f1-b2cd-2ac1156cd5f0,4,17,66.875
1e735ffb-4868-47f1-b2cd-2ac1156cd5f0,4,18,59.583333333333336
1e735ffb-4868-47f1-b2cd-2ac1156cd5f0,4,19,62.08333333333333
1e735ffb-4868-47f1-b2cd-2ac1156cd5f0,4,20,47.8125
1e735ffb-4868-47f1-b2cd-2ac1156cd5f0,5,9,30.3125
1e735ffb-4868-47f1-b2cd-2ac1156cd5f0,5,10,41.25
1e735ffb-4868-47f1-b2cd-2ac1156cd5f0,5,11,51.875
1e735ffb-4868-47f1-b2cd-2ac1156cd5f0,5,12,47.8125
1e735ffb-4868-47f1-b2cd-2ac1156cd5f0,5,13,54.79166666666667
1e735ffb-4868-47f1-b2cd-2ac1156cd5f0,5,14,61.25
1e735ffb-4868-47f1-b2cd-2ac1156cd5f0,5,15,68.125
1e735ffb-4868-47f1-b2cd-2ac1156cd5f0,5,16,67.77777777777779
1e735ffb-4868-47f1-b2cd-2ac1156cd5f0,5,17,58.854166666666664
1e735ffb-4868-47f1-b2cd-2ac1156cd5f0,5,18,58.47222222222223
1e735ffb-4868-47f1-b2cd-2ac1156cd5f0,5,19,53.16666666666667
1e735ffb-4868-47f1-b2cd-2ac1156cd5f0,5,20,46.25
1e735ffb-4868-47f1-b2cd-2ac1156cd5f0,6,9,37.604166666666664
1e735ffb-4868-47f1-b2cd-2ac1156cd5f0,6,10,42.29166666666667
1e735ffb-4868-47f1-b2cd-2ac1156cd5f0,6,11,39.0625
1e735ffb-4868-47f1-b2cd-2ac1156cd5f0,6,12,49.861111111111114
1e735ffb-4868-47f1-b2cd-2ac1156cd5f0,6,13,47.96875
1e735ffb-4868-47f1-b2cd-2ac1156cd5f0,6,14,59.583333333333336
1e735ffb-4868-47f1-b2cd-2ac1156cd5f0,6,15,57.916666666666664
1e735ffb-4868-47f1-b2cd-2ac1156cd5f0,6,16,68.82575757575758
1e735ffb-4868-47f1-b2cd-2ac1156cd5f0,6,17,58.75
1e735ffb-4868-47f1-b2cd-2ac1156cd5f0,6,18,55.93749999999999
1e735ffb-4868-47f1-b2cd-2ac1156cd5f0,6,19,46.25
1e735ffb-4868-47f1-b2cd-2ac1156cd5f0,6,20,40.104166666666664
1fda5e1f-8712-4165-a81d-ad74eef3e8ee,0,10,10.972222222222221
1fda5e1f-8712-4165-a81d-ad74eef3e8ee,0,11,16.38888888888889
1fda5e1f-8712-4165-a81d-ad74eef3e8ee,0,12,24.857954545454547
1fda5e1f-8712-4165-a81d-ad74eef3e8ee,0,13,25.0
1fda5e1f-8712-4165-a81d-ad74eef3e8ee,0,14,19.0625
1fda5e1f-8712-4165-a81d-ad74eef3e8ee,0,15,22.5
1fda5e1f-8712-4165-a81d-ad74eef3e8ee,0,16,17.8125
1fda5e1f-8712-4165-a81d-ad74eef3e8ee,0,17,13.958333333333332
1fda5e1f-8712-4165-a81d-ad74eef3e8ee,0,18,15.104166666666668
1fda5e1f-8712-4165-a81d-ad74eef3e8ee,0,19,10.833333333333334
1fda5e1f-8712-4165-a81d-ad74eef3e8ee,0,20,10.0
1fda5e1f-8712-4165-a81d-ad74eef3e8ee,1,10,13.762626262626263
1fda5e1f-8712-4165-a81d-ad74eef3e8ee,1,11,20.416666666666664
1fda5e1f-8712-4165-a81d-ad74eef3e8ee,1,12,23.958333333333336
1fda5e1f-8712-4165-a81d-ad74eef3e8ee,1,13,21.25
1fda5e1f-8712-4165-a81d-ad74eef3e8ee,1,14,19.375
1fda5e1f-8712-4165-a81d-ad74eef3e8ee,1,15,18.08712121212121
1fda5e1f-8712-4165-a81d-ad74eef3e8ee,1,16,16.041666666666668
1fda5e1f-8712-4165-a81d-ad74eef3e8ee,1,17,14.0625
1fda5e1f-8712-4165-a81d-ad74eef3e8ee,1,18,12.083333333333334
1fda5e1f-8712-4165-a81d-ad74eef3e8ee,1,19,10.520833333333334
1fda5e1f-8712-4165-a81d-ad74eef3e8ee,2,10,12.78125
1fda5e1f-8712-4165-a81d-ad74eef3e8ee,2,11,14.0625
1fda5e1f-8712-4165-a81d-ad74eef3e8ee,2,12,15.104166666666668
1fda5e1f-8712-4165-a81d-ad74eef3e8ee,2,13,12.291666666666666
1fda5e1f-8712-4165-a81d-ad74eef3e8ee,2,14,11.666666666666666
1fda5e1f-8712-4165-a81d-ad74eef3e8ee,2,15,10.555555555555555
1fda5e1f-8712-4165-a81d-ad74eef3e8ee,2,16,10.833333333333334
1fda5e1f-8712-4165-a81d-ad74eef3e8ee,2,17,15.9375
1fda5e1f-8712-4165-a81d-ad74eef3e8ee,2,18,15.520833333333334
1fda5e1f-8712-4165-a81d-ad74eef3e8ee,2,19,11.354166666666666
1fda5e1f-8712-4165-a81d-ad74eef3e8ee,3,10,13.333333333333332
1fda5e1f-8712-4165-a81d-ad74eef3e8ee,3,11,15.833333333333334
1fda5e1f-8712-4165-a81d-ad74eef3e8ee,3,12,16.354166666666664
1fda5e1f-8712-4165-a81d-ad74eef3e8ee,3,13,17.1875
1fda5e1f-8712-4165-a81d-ad74eef3e8ee,3,14,16.458333333333332
1fda5e1f-8712-4165-a81d-ad74eef3e8ee,3,15,15.416666666666666
1fda5e1f-8712-4165-a81d-ad74eef3e8ee,3,16,12.083333333333334
1fda5e1f-8712-4165-a81d-ad74eef3e8ee,3,17,11.25
1fda5e1f-8712-4165-a81d-ad74eef3e8ee,3,18,11.875
1fda5e1f-8712-4165-a81d-ad74eef3e8ee,3,19,11.354166666666666
1fda5e1f-8712-4165-a81d-ad74eef3e8ee,4,10,12.5
1fda5e1f-8712-4165-a81d-ad74eef3e8ee,4,11,14.895833333333334
1fda5e1f-8712-4165-a81d-ad74eef3e8ee,4,12,16.041666666666664
1fda5e1f-8712-4165-a81d-ad74eef3e8ee,4,13,15.416666666666666
1fda5e1f-8712-4165-a81d-ad74eef3e8ee,4,14,22.77777777777778
1fda5e1f-8712-4165-a81d-ad74eef3e8ee,4,15,16.666666666666668
1fda5e1f-8712-4165-a81d-ad74eef3e8ee,4,16,19.166666666666668
1fda5e1f-8712-4165-a81d-ad74eef3e8ee,4,17,16.770833333333332
1fda5e1f-8712-4165-a81d-ad74eef3e8ee,4,18,16.354166666666668
1fda5e1f-8712-4165-a81d-ad74eef3e8ee,4,19,11.145833333333334
1fda5e1f-8712-4165-a81d-ad74eef3e8ee,5,10,13.181818181818182
1fda5e1f-8712-4165-a81d-ad74eef3e8ee,5,11,22.083333333333332
1fda5e1f-8712-4165-a81d-ad74eef3e8ee,5,12,27.222222222222225
1fda5e1f-8712-4165-a81d-ad74eef3e8ee,5,13,31.904761904761905
1fda5e1f-8712-4165-a81d-ad74eef3e8ee,5,14,33.75
1fda5e1f-8712-4165-a81d-ad74eef3e8ee,5,15,27.8125
1fda5e1f-8712-4165-a81d-ad74eef3e8ee,5,16,20.0
1fda5e1f-8712-4165-a81d-ad74eef3e8ee,5,17,19.583333333333332
1fda5e1f-8712-4165-a81d-ad74eef3e8ee,5,18,18.854166666666668
1fda5e1f-8712-4165-a81d-ad74eef3e8ee,5,19,10.3125
1fda5e1f-8712-4165-a81d-ad74eef3e8ee,5,20,14.166666666666666
1fda5e1f-8712-4165-a81d-ad74eef3e8ee,6,10,11.199494949494948
1fda5e1f-8712-4165-a81d-ad74eef3e8ee,6,11,18.055555555555557
1fda5e1f-8712-4165-a81d-ad74eef3e8ee,6,12,25.833333333333332
1fda5e1f-8712-4165-a81d-ad74eef3e8ee,6,13,22.638888888888886
1fda5e1f-8712-4165-a81d-ad74eef3e8ee,6,14,26.666666666666668
1fda5e1f-8712-4165-a81d-ad74eef3e8ee,6,15,28.472222222222225
1fda5e1f-8712-4165-a81d-ad74eef3e8ee,6,16,18.88888888888889
1fda5e1f-8712-4165-a81d-ad74eef3e8ee,6,17,21.875
1fda5e1f-8712-4165-a81d-ad74eef3e8ee,6,18,25.74404761904762
1fda5e1f-8712-4165-a81d-ad74eef3e8ee,6,19,18.333333333333332
1fda5e1f-8712-4165-a81d-ad74eef3e8ee,6,20,23.333333333333332
20b5daa8-e1ea-436f-830c-2d7d18d929b5,0,9,32.91666666666667
20b5daa8-e1ea-436f-830c-2d7d18d929b5,0,10,38.958333333333336
20b5daa8-e1ea-436f-830c-2d7d18d929b5,0,11,46.73295454545455
20b5daa8-e1ea-436f-830c-2d7d18d929b5,0,12,44.89583333333333
20b5daa8-e1ea-436f-830c-2d7d18d929b5,0,13,37.291666666666664
20b5daa8-e1ea-436f-830c-2d7d18d929b5,0,14,37.39583333333333
20b5daa8-e1ea-436f-830c-2d7d18d929b5,0,15,33.541666666666664
20b5daa8-e1ea-436f-830c-2d7d18d929b5,0,16,29.270833333333336
20b5daa8-e1ea-436f-830c-2d7d18d929b5,0,17,27.5
20b5daa8-e1ea-436f-830c-2d7d18d929b5,0,18,28.229166666666664
20b5daa8-e1ea-436f-830c-2d7d18d929b5,0,19,31.666666666666664
20b5daa8-e1ea-436f-830c-2d7d18d929b5,0,20,23.541666666666664
20b5daa8-e1ea-436f-830c-2d7d18d929b5,1,9,25.729166666666664
20b5daa8-e1ea-436f-830c-2d7d18d929b5,1,10,35.52083333333333
20b5daa8-e1ea-436f-830c-2d7d18d929b5,1,11,48.125
20b5daa8-e1ea-436f-830c-2d7d18d929b5,1,12,41.145833333333336
20b5daa8-e1ea-436f-830c-2d7d18d929b5,1,13,36.979166666666664
20b5daa8-e1ea-436f-830c-2d7d18d929b5,1,14,41.45833333333333
20b5daa8-e1ea-436f-830c-2d7d18d929b5,1,15,31.5625
20b5daa8-e1ea-436f-830c-2d7d18d929b5,1,16,32.604166666666664
20b5daa8-e1ea-436f-830c-2d7d18d929b5,1,17,30.0
20b5daa8-e1ea-436f-830c-2d7d18d929b5,1,18,39.89583333333333
20b5daa8-e1ea-436f-830c-2d7d18d929b5,1,19,34.0625
20b5daa8-e1ea-436f-830c-2d7d18d929b5,1,20,27.1875
20b5daa8-e1ea-436f-830c-2d7d18d929b5,1,21,14.166666666666666
20b5daa8-e1ea-436f-830c-2d7d18d929b5,2,9,37.395833333333336
20b5daa8-e1ea-436f-830c-2d7d18d929b5,2,10,47.916666666666664
20b5daa8-e1ea-436f-830c-2d7d18d929b5,2,11,45.763888888888886
20b5daa8-e1ea-436f-830c-2d7d18d929b5,2,12,41.77083333333333
20b5daa8-e1ea-436f-830c-2d7d18d929b5,2,13,36.202651515151516
20b5daa8-e1ea-436f-830c-2d7d18d929b5,2,14,37.39583333333333
20b5daa8-e1ea-436f-830c-2d7d18d929b5,2,15,28.541666666666664
20b5daa8-e1ea-436f-830c-2d7d18d929b5,2,16,28.854166666666668
20b5daa8-e1ea-436f-830c-2d7d18d929b5,2,17,30.208333333333332
20b5daa8-e1ea-436f-830c-2d7d18d929b5,2,18,28.888888888888886
20b5daa8-e1ea-436f-830c-2d7d18d929b5,2,19,31.770833333333336
20b5daa8-e1ea-436f-830c-2d7d18d929b5,2,20,21.145833333333336
20b5daa8-e1ea-436f-830c-2d7d18d929b5,3,9,31.666666666666668
20b5daa8-e1ea-436f-830c-2d7d18d929b5,3,10,48.020833333333336
20b5daa8-e1ea-436f-830c-2d7d18d929b5,3,11,45.788690476190474
20b5daa8-e1ea-436f-830c-2d7d18d929b5,3,12,48.611111111111114
20b5daa8-e1ea-436f-830c-2d7d18d929b5,3,13,51.5625
20b5daa8-e1ea-436f-830c-2d7d18d929b5,3,14,41.97916666666667
20b5daa8-e1ea-436f-830c-2d7d18d929b5,3,15,38.75
20b5daa8-e1ea-436f-830c-2d7d18d929b5,3,16,36.5625
20b5daa8-e1ea-436f-830c-2d7d18d929b5,3,17,37.08333333333333
20b5daa8-e1ea-436f-830c-2d7d18d929b5,3,18,37.8125
20b5daa8-e1ea-436f-830c-2d7d18d929b5,3,19,31.25
20b5daa8-e1ea-436f-830c-2d7d18d929b5,3,20,19.583333333333336
20b5daa8-e1ea-436f-830c-2d7d18d929b5,4,8,7.5
20b5daa8-e1ea-436f-830c-2d7d18d929b5,4,9,29.270833333333336
20b5daa8-e1ea-436f-830c-2d7d18d929b5,4,10,44.791666666666664
20b5daa8-e1ea-436f-830c-2d7d18d929b5,4,11,50.833333333333336
20b5daa8-e1ea-436f-830c-2d7d18d929b5,4,12,48.229166666666664
20b5daa8-e1ea-436f-830c-2d7d18d929b5,4,13,43.645833333333336
20b5daa8-e1ea-436f-830c-2d7d18d929b5,4,14,46.25
20b5daa8-e1ea-436f-830c-2d7d18d929b5,4,15,48.854166666666664
20b5daa8-e1ea-436f-830c-2d7d18d929b5,4,16,39.6875
20b5daa8-e1ea-436f-830c-2d7d18d929b5,4,17,46.354166666666664
20b5daa8-e1ea-436f-830c-2d7d18d929b5,4,18,47.5
20b5daa8-e1ea-436f-830c-2d7d18d929b5,4,19,44.375
20b5daa8-e1ea-436f-830c-2d7d18d929b5,4,20,43.333333333333336
20b5daa8-e1ea-436f-830c-2d7d18d929b5,4,21,37.5
20b5daa8-e1ea-436f-830c-2d7d18d929b5,5,8,25.0
20b5daa8-e1ea-436f-830c-2d7d18d929b5,5,9,33.333333333333336
20b5daa8-e1ea-436f-830c-2d7d18d929b5,5,10,39.6875
20b5daa8-e1ea-436f-830c-2d7d18d929b5,5,11,46.875
20b5daa8-e1ea-436f-830c-2d7d18d929b5,5,12,52.83143939393939
20b5daa8-e1ea-436f-830c-2d7d18d929b5,5,13,52.63888888888889
20b5daa8-e1ea-436f-830c-2d7d18d929b5,5,14,44.166666666666664
20b5daa8-e1ea-436f-830c-2d7d18d929b5,5,15,42.88194444444444
20b5daa8-e1ea-436f-830c-2d7d18d929b5,5,16,46.77083333333333
20b5daa8-e1ea-436f-830c-2d7d18d929b5,5,17,42.5
20b5daa8-e1ea-436f-830c-2d7d18d929b5,5,18,40.208333333333336
20b5daa8-e1ea-436f-830c-2d7d18d929b5,5,19,38.125
20b5daa8-e1ea-436f-830c-2d7d18d929b5,5,20,32.29166666666667
20b5daa8-e1ea-436f-830c-2d7d18d929b5,5,21,29.166666666666668
20b5daa8-e1ea-436f-830c-2d7d18d929b5,6,9,20.833333333333336
20b5daa8-e1ea-436f-830c-2d7d18d929b5,6,10,38.854166666666664
20b5daa8-e1ea-436f-830c-2d7d18d929b5,6,11,47.91666666666667
20b5daa8-e1ea-436f-830c-2d7d18d929b5,6,12,41.041666666666664
20b5daa8-e1ea-436f-830c-2d7d18d929b5,6,13,42.08333333333333
20b5daa8-e1ea-436f-830c-2d7d18d929b5,6,14,40.208333333333336
20b5daa8-e1ea-436f-830c-2d7d18d929b5,6,15,38.75
20b5daa8-e1ea-436f-830c-2d7d18d929b5,6,16,34.79166666666667
20b5daa8-e1ea-436f-830c-2d7d18d929b5,6,17,41.77083333333333
20b5daa8-e1ea-436f-830c-2d7d18d929b5,6,18,39.79166666666667
20b5daa8-e1ea-436f-830c-2d7d18d929b5,6,19,40.0
20b5daa8-e1ea-436f-830c-2d7d18d929b5,6,20,27.395833333333336
20b5daa8-e1ea-436f-830c-2d7d18d929b5,6,21,12.083333333333332
2122adff-52a3-49ca-9d20-5a6faafc8c77,3,15,5.0
22f48b73-01df-460e-8969-9eb2b4ae836c,0,9,5.0
22f48b73-01df-460e-8969-9eb2b4ae836c,0,10,5.0
22f48b73-01df-460e-8969-9eb2b4ae836c,0,11,5.416666666666667
22f48b73-01df-460e-8969-9eb2b4ae836c,0,12,8.75
22f48b73-01df-460e-8969-9eb2b4ae836c,0,13,9.166666666666666
22f48b73-01df-460e-8969-9eb2b4ae836c,0,14,9.583333333333332
22f48b73-01df-460e-8969-9eb2b4ae836c,0,15,9.375
22f48b73-01df-460e-8969-9eb2b4ae836c,0,16,6.770833333333333
22f48b73-01df-460e-8969-9eb2b4ae836c,0,17,6.979166666666667
22f48b73-01df-460e-8969-9eb2b4ae836c,0,18,5.625
22f48b73-01df-460e-8969-9eb2b4ae836c,0,19,5.625
22f48b73-01df-460e-8969-9eb2b4ae836c,0,20,4.166666666666667
22f48b73-01df-460e-8969-9eb2b4ae836c,1,9,5.0
22f48b73-01df-460e-8969-9eb2b4ae836c,1,10,5.0
22f48b73-01df-460e-8969-9eb2b4ae836c,1,11,5.104166666666667
22f48b73-01df-460e-8969-9eb2b4ae836c,1,12,8.645833333333334
22f48b73-01df-460e-8969-9eb2b4ae836c,1,13,7.916666666666667
22f48b73-01df-460e-8969-9eb2b4ae836c,1,14,7.916666666666667
22f48b73-01df-460e-8969-9eb2b4ae836c,1,15,7.708333333333334
22f48b73-01df-460e-8969-9eb2b4ae836c,1,16,7.291666666666667
22f48b73-01df-460e-8969-9eb2b4ae836c,1,17,8.75
22f48b73-01df-460e-8969-9eb2b4ae836c,1,18,4.895833333333334
22f48b73-01df-460e-8969-9eb2b4ae836c,1,19,6.527777777777779
22f48b73-01df-460e-8969-9eb2b4ae836c,1,20,3.75
22f48b73-01df-460e-8969-9eb2b4ae836c,2,9,5.0
22f48b73-01df-460e-8969-9eb2b4ae836c,2,10,5.0
22f48b73-01df-460e-8969-9eb2b4ae836c,2,11,5.104166666666667
22f48b73-01df-460e-8969-9eb2b4ae836c,2,12,5.104166666666667
22f48b73-01df-460e-8969-9eb2b4ae836c,2,13,5.625
22f48b73-01df-460e-8969-9eb2b4ae836c,2,14,6.875
22f48b73-01df-460e-8969-9eb2b4ae836c,2,15,5.9375
22f48b73-01df-460e-8969-9eb2b4ae836c,2,16,5.208333333333333
22f48b73-01df-460e-8969-9eb2b4ae836c,2,17,5.0
22f48b73-01df-460e-8969-9eb2b4ae836c,2,18,4.583333333333333
22f48b73-01df-460e-8969-9eb2b4ae836c,2,19,2.5
22f48b73-01df-460e-8969-9eb2b4ae836c,2,20,2.604166666666667
22f48b73-01df-460e-8969-9eb2b4ae836c,3,9,5.0
22f48b73-01df-460e-8969-9eb2b4ae836c,3,10,5.0
22f48b73-01df-460e-8969-9eb2b4ae836c,3,11,5.208333333333333
22f48b73-01df-460e-8969-9eb2b4ae836c,3,12,5.0
22f48b73-01df-460e-8969-9eb2b4ae836c,3,13,6.041666666666667
22f48b73-01df-460e-8969-9eb2b4ae836c,3,14,8.333333333333334
22f48b73-01df-460e-8969-9eb2b4ae836c,3,15,6.770833333333333
22f48b73-01df-460e-8969-9eb2b4ae836c,3,16,6.5625
22f48b73-01df-460e-8969-9eb2b4ae836c,3,17,6.25
22f48b73-01df-460e-8969-9eb2b4ae836c,3,18,6.25
22f48b73-01df-460e-8969-9eb2b4ae836c,3,19,6.25
22f48b73-01df-460e-8969-9eb2b4ae836c,3,20,4.965277777777778
22f48b73-01df-460e-8969-9eb2b4ae836c,4,9,5.0
22f48b73-01df-460e-8969-9eb2b4ae836c,4,10,5.0
22f48b73-01df-460e-8969-9eb2b4ae836c,4,11,5.104166666666667
22f48b73-01df-460e-8969-9eb2b4ae836c,4,12,8.229166666666666
22f48b73-01df-460e-8969-9eb2b4ae836c,4,13,10.208333333333334
22f48b73-01df-460e-8969-9eb2b4ae836c,4,14,12.8125
22f48b73-01df-460e-8969-9eb2b4ae836c,4,15,14.895833333333334
22f48b73-01df-460e-8969-9eb2b4ae836c,4,16,12.916666666666666
22f48b73-01df-460e-8969-9eb2b4ae836c,4,17,10.104166666666666
22f48b73-01df-460e-8969-9eb2b4ae836c,4,18,10.104166666666668
22f48b73-01df-460e-8969-9eb2b4ae836c,4,19,10.833333333333334
22f48b73-01df-460e-8969-9eb2b4ae836c,4,20,6.25
22f48b73-01df-460e-8969-9eb2b4ae836c,5,9,5.0
22f48b73-01df-460e-8969-9eb2b4ae836c,5,10,5.104166666666667
22f48b73-01df-460e-8969-9eb2b4ae836c,5,11,7.604166666666667
22f48b73-01df-460e-8969-9eb2b4ae836c,5,12,15.104166666666668
22f48b73-01df-460e-8969-9eb2b4ae836c,5,13,18.75
22f48b73-01df-460e-8969-9eb2b4ae836c,5,14,17.5
22f48b73-01df-460e-8969-9eb2b4ae836c,5,15,17.708333333333336
22f48b73-01df-460e-8969-9eb2b4ae836c,5,16,18.4375
22f48b73-01df-460e-8969-9eb2b4ae836c,5,17,13.75
22f48b73-01df-460e-8969-9eb2b4ae836c,5,18,10.625
22f48b73-01df-460e-8969-9eb2b4ae836c,5,19,7.8125
22f48b73-01df-460e-8969-9eb2b4ae836c,5,20,5.625
22f48b73-01df-460e-8969-9eb2b4ae836c,6,9,5.0
22f48b73-01df-460e-8969-9eb2b4ae836c,6,10,5.0
22f48b73-01df-460e-8969-9eb2b4ae836c,6,11,7.291666666666666
22f48b73-01df-460e-8969-9eb2b4ae836c,6,12,8.75
22f48b73-01df-460e-8969-9eb2b4ae836c,6,13,10.208333333333334
22f48b73-01df-460e-8969-9eb2b4ae836c,6,14,11.666666666666668
22f48b73-01df-460e-8969-9eb2b4ae836c,6,15,11.770833333333332
22f48b73-01df-460e-8969-9eb2b4ae836c,6,16,9.583333333333334
22f48b73-01df-460e-8969-9eb2b4ae836c,6,17,7.916666666666666
22f48b73-01df-460e-8969-9eb2b4ae836c,6,18,9.6875
22f48b73-01df-460e-8969-9eb2b4ae836c,6,19,6.145833333333333
22f48b73-01df-460e-8969-9eb2b4ae836c,6,20,5.625
2365495a-790b-4a41-831e-65592c8a4359,0,9,6.041666666666666
2365495a-790b-4a41-831e-65592c8a4359,0,10,7.916666666666667
2365495a-790b-4a41-831e-65592c8a4359,0,11,5.833333333333334
2365495a-790b-4a41-831e-65592c8a4359,0,12,5.625
2365495a-790b-4a41-831e-65592c8a4359,0,13,5.0
2365495a-790b-4a41-831e-65592c8a4359,0,14,5.0
2365495a-790b-4a41-831e-65592c8a4359,0,15,5.0
2365495a-790b-4a41-831e-65592c8a4359,0,16,8.645833333333334
2365495a-790b-4a41-831e-65592c8a4359,0,17,8.958333333333334
2365495a-790b-4a41-831e-65592c8a4359,0,18,7.708333333333334
2365495a-790b-4a41-831e-65592c8a4359,0,19,5.520833333333334
2365495a-790b-4a41-831e-65592c8a4359,0,20,5.0
2365495a-790b-4a41-831e-65592c8a4359,1,9,5.0
2365495a-790b-4a41-831e-65592c8a4359,1,10,5.0
2365495a-790b-4a41-831e-65592c8a4359,1,11,6.979166666666666
2365495a-790b-4a41-831e-65592c8a4359,1,12,5.0
2365495a-790b-4a41-831e-65592c8a4359,1,13,6.136363636363637
2365495a-790b-4a41-831e-65592c8a4359,1,14,7.8125
2365495a-790b-4a41-831e-65592c8a4359,1,15,6.25
2365495a-790b-4a41-831e-65592c8a4359,1,16,7.5
2365495a-790b-4a41-831e-65592c8a4359,1,17,5.416666666666667
2365495a-790b-4a41-831e-65592c8a4359,1,18,5.0
2365495a-790b-4a41-831e-65592c8a4359,1,19,5.0
2365495a-790b-4a41-831e-65592c8a4359,1,20,5.0
2365495a-790b-4a41-831e-65592c8a4359,2,9,5.0
2365495a-790b-4a41-831e-65592c8a4359,2,10,5.0
2365495a-790b-4a41-831e-65592c8a4359,2,11,5.0
2365495a-790b-4a41-831e-65592c8a4359,2,12,5.0
2365495a-790b-4a41-831e-65592c8a4359,2,13,5.0
2365495a-790b-4a41-831e-65592c8a4359,2,14,5.0
2365495a-790b-4a41-831e-65592c8a4359,2,15,5.0
2365495a-790b-4a41-831e-65592c8a4359,2,16,5.0
2365495a-790b-4a41-831e-65592c8a4359,2,17,9.895833333333332
2365495a-790b-4a41-831e-65592c8a4359,2,18,7.222222222222222
2365495a-790b-4a41-831e-65592c8a4359,2,19,5.555555555555556
2365495a-790b-4a41-831e-65592c8a4359,2,20,5.0
2365495a-790b-4a41-831e-65592c8a4359,3,9,5.0
2365495a-790b-4a41-831e-65592c8a4359,3,10,5.0
2365495a-790b-4a41-831e-65592c8a4359,3,11,5.3125
2365495a-790b-4a41-831e-65592c8a4359,3,12,5.0
2365495a-790b-4a41-831e-65592c8a4359,3,13,5.0
2365495a-790b-4a41-831e-65592c8a4359,3,14,5.0
2365495a-790b-4a41-831e-65592c8a4359,3,15,5.0
2365495a-790b-4a41-831e-65592c8a4359,3,16,5.0
2365495a-790b-4a41-831e-65592c8a4359,3,17,5.416666666666667
2365495a-790b-4a41-831e-65592c8a4359,3,18,6.145833333333333
2365495a-790b-4a41-831e-65592c8a4359,3,19,5.0
2365495a-790b-4a41-831e-65592c8a4359,3,20,5.0
2365495a-790b-4a41-831e-65592c8a4359,4,9,5.0
2365495a-790b-4a41-831e-65592c8a4359,4,10,5.0
2365495a-790b-4a41-831e-65592c8a4359,4,11,5.0
2365495a-790b-4a41-831e-65592c8a4359,4,12,5.0
2365495a-790b-4a41-831e-65592c8a4359,4,13,5.729166666666667
2365495a-790b-4a41-831e-65592c8a4359,4,14,5.0
2365495a-790b-4a41-831e-65592c8a4359,4,15,5.520833333333333
2365495a-790b-4a41-831e-65592c8a4359,4,16,6.666666666666667
2365495a-790b-4a41-831e-65592c8a4359,4,17,9.6875
2365495a-790b-4a41-831e-65592c8a4359,4,18,9.0625
2365495a-790b-4a41-831e-65592c8a4359,4,19,6.25
2365495a-790b-4a41-831e-65592c8a4359,4,20,5.0
2365495a-790b-4a41-831e-65592c8a4359,5,9,5.0
2365495a-790b-4a41-831e-65592c8a4359,5,10,5.0
2365495a-790b-4a41-831e-65592c8a4359,5,11,7.083333333333333
2365495a-790b-4a41-831e-65592c8a4359,5,12,7.916666666666666
2365495a-790b-4a41-831e-65592c8a4359,5,13,9.6875
2365495a-790b-4a41-831e-65592c8a4359,5,14,9.895833333333332
2365495a-790b-4a41-831e-65592c8a4359,5,15,14.375
2365495a-790b-4a41-831e-65592c8a4359,5,16,17.395833333333332
2365495a-790b-4a41-831e-65592c8a4359,5,17,26.979166666666664
2365495a-790b-4a41-831e-65592c8a4359,5,18,32.22537878787879
2365495a-790b-4a41-831e-65592c8a4359,5,19,24.107142857142858
2365495a-790b-4a41-831e-65592c8a4359,5,20,18.333333333333332
2365495a-790b-4a41-831e-65592c8a4359,6,9,6.25
2365495a-790b-4a41-831e-65592c8a4359,6,10,6.25
2365495a-790b-4a41-831e-65592c8a4359,6,11,8.295454545454547
2365495a-790b-4a41-831e-65592c8a4359,6,12,5.0
2365495a-790b-4a41-831e-65592c8a4359,6,13,5.277777777777778
2365495a-790b-4a41-831e-65592c8a4359,6,14,6.388888888888888
2365495a-790b-4a41-831e-65592c8a4359,6,15,13.645833333333332
2365495a-790b-4a41-831e-65592c8a4359,6,16,14.131944444444445
2365495a-790b-4a41-831e-65592c8a4359,6,17,20.0
2365495a-790b-4a41-831e-65592c8a4359,6,18,23.9375
2365495a-790b-4a41-831e-65592c8a4359,6,19,10.3125
2365495a-790b-4a41-831e-65592c8a4359,6,20,6.666666666666667
23b613e0-ae83-455b-9163-231bdbd5c427,0,9,12.5
23b613e0-ae83-455b-9163-231bdbd5c427,0,10,20.0
23b613e0-ae83-455b-9163-231bdbd5c427,0,11,22.63888888888889
23b613e0-ae83-455b-9163-231bdbd5c427,0,12,20.473484848484848
23b613e0-ae83-455b-9163-231bdbd5c427,0,13,21.25
23b613e0-ae83-455b-9163-231bdbd5c427,0,14,18.472222222222225
23b613e0-ae83-455b-9163-231bdbd5c427,0,15,13.75
23b613e0-ae83-455b-9163-231bdbd5c427,0,16,13.80952380952381
23b613e0-ae83-455b-9163-231bdbd5c427,0,17,9.583333333333332
23b613e0-ae83-455b-9163-231bdbd5c427,0,18,10.416666666666666
23b613e0-ae83-455b-9163-231bdbd5c427,0,19,9.166666666666668
23b613e0-ae83-455b-9163-231bdbd5c427,0,20,5.0
23b613e0-ae83-455b-9163-231bdbd5c427,1,9,15.833333333333332
23b613e0-ae83-455b-9163-231bdbd5c427,1,10,24.39393939393939
23b613e0-ae83-455b-9163-231bdbd5c427,1,11,23.4375
23b613e0-ae83-455b-9163-231bdbd5c427,1,12,19.365530303030305
23b613e0-ae83-455b-9163-231bdbd5c427,1,13,14.21875
23b613e0-ae83-455b-9163-231bdbd5c427,1,14,20.416666666666668
23b613e0-ae83-455b-9163-231bdbd5c427,1,15,20.762626262626263
23b613e0-ae83-455b-9163-231bdbd5c427,1,16,11.944444444444445
23b613e0-ae83-455b-9163-231bdbd5c427,1,17,11.354166666666668
23b613e0-ae83-455b-9163-231bdbd5c427,1,18,9.305555555555555
23b613e0-ae83-455b-9163-231bdbd5c427,1,19,9.0
23b613e0-ae83-455b-9163-231bdbd5c427,2,9,9.0625
23b613e0-ae83-455b-9163-231bdbd5c427,2,10,8.333333333333334
23b613e0-ae83-455b-9163-231bdbd5c427,2,11,8.645833333333334
23b613e0-ae83-455b-9163-231bdbd5c427,2,12,11.354166666666666
23b613e0-ae83-455b-9163-231bdbd5c427,2,13,10.104166666666668
23b613e0-ae83-455b-9163-231bdbd5c427,2,14,6.25
23b613e0-ae83-455b-9163-231bdbd5c427,2,15,6.666666666666667
23b613e0-ae83-455b-9163-231bdbd5c427,2,16,17.5
23b613e0-ae83-455b-9163-231bdbd5c427,2,17,19.8125
23b613e0-ae83-455b-9163-231bdbd5c427,2,18,12.638888888888891
23b613e0-ae83-455b-9163-231bdbd5c427,2,19,5.0
23b613e0-ae83-455b-9163-231bdbd5c427,2,20,5.0
23b613e0-ae83-455b-9163-231bdbd5c427,3,9,8.604166666666666
23b613e0-ae83-455b-9163-231bdbd5c427,3,10,8.472222222222223
23b613e0-ae83-455b-9163-231bdbd5c427,3,11,9.722222222222223
23b613e0-ae83-455b-9163-231bdbd5c427,3,12,16.21527777777778
23b613e0-ae83-455b-9163-231bdbd5c427,3,13,18.157467532467532
23b613e0-ae83-455b-9163-231bdbd5c427,3,14,16.47222222222222
23b613e0-ae83-455b-9163-231bdbd5c427,3,15,14.444444444444445
23b613e0-ae83-455b-9163-231bdbd5c427,3,16,13.229166666666666
23b613e0-ae83-455b-9163-231bdbd5c427,3,17,17.1875
23b613e0-ae83-455b-9163-231bdbd5c427,3,18,11.979166666666668
23b613e0-ae83-455b-9163-231bdbd5c427,3,19,9.791666666666666
23b613e0-ae83-455b-9163-231bdbd5c427,3,20,5.0
23b613e0-ae83-455b-9163-231bdbd5c427,4,9,6.875
23b613e0-ae83-455b-9163-231bdbd5c427,4,10,8.645833333333334
23b613e0-ae83-455b-9163-231bdbd5c427,4,11,11.041666666666666
23b613e0-ae83-455b-9163-231bdbd5c427,4,12,13.4375
23b613e0-ae83-455b-9163-231bdbd5c427,4,13,7.1875
23b613e0-ae83-455b-9163-231bdbd5c427,4,14,10.892857142857142
23b613e0-ae83-455b-9163-231bdbd5c427,4,15,15.802218614718615
23b613e0-ae83-455b-9163-231bdbd5c427,4,16,19.375
23b613e0-ae83-455b-9163-231bdbd5c427,4,17,14.107142857142856
23b613e0-ae83-455b-9163-231bdbd5c427,4,18,17.916666666666668
23b613e0-ae83-455b-9163-231bdbd5c427,4,19,13.958333333333334
23b613e0-ae83-455b-9163-231bdbd5c427,4,20,5.0
23b613e0-ae83-455b-9163-231bdbd5c427,5,9,10.416666666666668
23b613e0-ae83-455b-9163-231bdbd5c427,5,10,11.5625
23b613e0-ae83-455b-9163-231bdbd5c427,5,11,18.541666666666668
23b613e0-ae83-455b-9163-231bdbd5c427,5,12,14.791666666666666
23b613e0-ae83-455b-9163-231bdbd5c427,5,13,22.1875
23b613e0-ae83-455b-9163-231bdbd5c427,5,14,19.583333333333332
23b613e0-ae83-455b-9163-231bdbd5c427,5,15,20.0
23b613e0-ae83-455b-9163-231bdbd5c427,5,16,19.257575757575758
23b613e0-ae83-455b-9163-231bdbd5c427,5,17,23.472222222222225
23b613e0-ae83-455b-9163-231bdbd5c427,5,18,31.61111111111111
23b613e0-ae83-455b-9163-231bdbd5c427,5,19,22.87037037037037
23b613e0-ae83-455b-9163-231bdbd5c427,5,20,7.784090909090909
23b613e0-ae83-455b-9163-231bdbd5c427,6,9,9.375
23b613e0-ae83-455b-9163-231bdbd5c427,6,10,13.020833333333334
23b613e0-ae83-455b-9163-231bdbd5c427,6,11,17.083333333333332
23b613e0-ae83-455b-9163-231bdbd5c427,6,12,16.96969696969697
23b613e0-ae83-455b-9163-231bdbd5c427,6,13,16.11111111111111
23b613e0-ae83-455b-9163-231bdbd5c427,6,14,13.00925925925926
23b613e0-ae83-455b-9163-231bdbd5c427,6,15,23.680555555555557
23b613e0-ae83-455b-9163-231bdbd5c427,6,16,23.75
23b613e0-ae83-455b-9163-231bdbd5c427,6,17,17.569444444444446
23b613e0-ae83-455b-9163-231bdbd5c427,6,18,14.166666666666666
23b613e0-ae83-455b-9163-231bdbd5c427,6,19,18.604166666666668
23b613e0-ae83-455b-9163-231bdbd5c427,6,20,18.125
24cf863c-b6ba-4826-a056-0b698989cbf7,0,8,62.70833333333333
24cf863c-b6ba-4826-a056-0b698989cbf7,0,9,53.020833333333336
24cf863c-b6ba-4826-a056-0b698989cbf7,0,10,58.75
24cf863c-b6ba-4826-a056-0b698989cbf7,0,11,59.72222222222223
24cf863c-b6ba-4826-a056-0b698989cbf7,0,12,56.97916666666667
24cf863c-b6ba-4826-a056-0b698989cbf7,0,13,49.479166666666664
24cf863c-b6ba-4826-a056-0b698989cbf7,0,14,41.875
24cf863c-b6ba-4826-a056-0b698989cbf7,0,15,44.58333333333333
24cf863c-b6ba-4826-a056-0b698989cbf7,0,16,43.541666666666664
24cf863c-b6ba-4826-a056-0b698989cbf7,0,17,34.375
24cf863c-b6ba-4826-a056-0b698989cbf7,0,18,25.0
24cf863c-b6ba-4826-a056-0b698989cbf7,1,8,42.29166666666667
24cf863c-b6ba-4826-a056-0b698989cbf7,1,9,37.5
24cf863c-b6ba-4826-a056-0b698989cbf7,1,10,54.47916666666667
24cf863c-b6ba-4826-a056-0b698989cbf7,1,11,42.083333333333336
24cf863c-b6ba-4826-a056-0b698989cbf7,1,12,37.8125
24cf863c-b6ba-4826-a056-0b698989cbf7,1,13,35.625
24cf863c-b6ba-4826-a056-0b698989cbf7,1,14,33.75
24cf863c-b6ba-4826-a056-0b698989cbf7,1,15,28.229166666666668
24cf863c-b6ba-4826-a056-0b698989cbf7,1,16,20.729166666666664
24cf863c-b6ba-4826-a056-0b698989cbf7,1,17,23.4375
24cf863c-b6ba-4826-a056-0b698989cbf7,1,18,18.75
24cf863c-b6ba-4826-a056-0b698989cbf7,2,8,35.20833333333333
24cf863c-b6ba-4826-a056-0b698989cbf7,2,9,31.5625
24cf863c-b6ba-4826-a056-0b698989cbf7,2,10,33.020833333333336
24cf863c-b6ba-4826-a056-0b698989cbf7,2,11,45.833333333333336
24cf863c-b6ba-4826-a056-0b698989cbf7,2,12,29.166666666666664
24cf863c-b6ba-4826-a056-0b698989cbf7,2,13,23.854166666666668
24cf863c-b6ba-4826-a056-0b698989cbf7,2,14,20.729166666666668
24cf863c-b6ba-4826-a056-0b698989cbf7,2,15,18.645833333333332
24cf863c-b6ba-4826-a056-0b698989cbf7,2,16,21.875
24cf863c-b6ba-4826-a056-0b698989cbf7,2,17,14.791666666666666
24cf863c-b6ba-4826-a056-0b698989cbf7,2,18,15.0
24cf863c-b6ba-4826-a056-0b698989cbf7,3,8,33.85416666666667
24cf863c-b6ba-4826-a056-0b698989cbf7,3,9,31.5625
24cf863c-b6ba-4826-a056-0b698989cbf7,3,10,43.229166666666664
24cf863c-b6ba-4826-a056-0b698989cbf7,3,11,39.6875
24cf863c-b6ba-4826-a056-0b698989cbf7,3,12,34.791666666666664
24cf863c-b6ba-4826-a056-0b698989cbf7,3,13,35.208333333333336
24cf863c-b6ba-4826-a056-0b698989cbf7,3,14,32.1875
24cf863c-b6ba-4826-a056-0b698989cbf7,3,15,25.104166666666668
24cf863c-b6ba-4826-a056-0b698989cbf7,3,16,23.229166666666664
24cf863c-b6ba-4826-a056-0b698989cbf7,3,17,21.666666666666668
24cf863c-b6ba-4826-a056-0b698989cbf7,3,18,27.5
24cf863c-b6ba-4826-a056-0b698989cbf7,4,8,48.541666666666664
24cf863c-b6ba-4826-a056-0b698989cbf7,4,9,48.75
24cf863c-b6ba-4826-a056-0b698989cbf7,4,10,55.104166666666664
24cf863c-b6ba-4826-a056-0b698989cbf7,4,11,57.1875
24cf863c-b6ba-4826-a056-0b698989cbf7,4,12,53.229166666666664
24cf863c-b6ba-4826-a056-0b698989cbf7,4,13,57.1875
24cf863c-b6ba-4826-a056-0b698989cbf7,4,14,52.1875
24cf863c-b6ba-4826-a056-0b698989cbf7,4,15,48.125
24cf863c-b6ba-4826-a056-0b698989cbf7,4,16,43.958333333333336
24cf863c-b6ba-4826-a056-0b698989cbf7,4,17,45.625
24cf863c-b6ba-4826-a056-0b698989cbf7,4,18,47.36111111111111
24cf863c-b6ba-4826-a056-0b698989cbf7,5,8,67.29166666666667
24cf863c-b6ba-4826-a056-0b698989cbf7,5,9,59.27083333333333
24cf863c-b6ba-4826-a056-0b698989cbf7,5,10,68.85416666666667
24cf863c-b6ba-4826-a056-0b698989cbf7,5,11,67.60416666666666
24cf863c-b6ba-4826-a056-0b698989cbf7,5,12,63.645833333333336
24cf863c-b6ba-4826-a056-0b698989cbf7,5,13,63.541666666666664
24cf863c-b6ba-4826-a056-0b698989cbf7,5,14,55.0
24cf863c-b6ba-4826-a056-0b698989cbf7,5,15,44.79166666666667
24cf863c-b6ba-4826-a056-0b698989cbf7,5,16,44.375
24cf863c-b6ba-4826-a056-0b698989cbf7,5,17,43.02083333333333
24cf863c-b6ba-4826-a056-0b698989cbf7,5,18,34.79166666666667
24cf863c-b6ba-4826-a056-0b698989cbf7,5,19,52.083333333333336
24cf863c-b6ba-4826-a056-0b698989cbf7,6,8,69.79166666666667
24cf863c-b6ba-4826-a056-0b698989cbf7,6,9,77.70833333333334
24cf863c-b6ba-4826-a056-0b698989cbf7,6,10,67.32638888888889
24cf863c-b6ba-4826-a056-0b698989cbf7,6,11,81.97916666666666
24cf863c-b6ba-4826-a056-0b698989cbf7,6,12,70.625
24cf863c-b6ba-4826-a056-0b698989cbf7,6,13,63.4375
24cf863c-b6ba-4826-a056-0b698989cbf7,6,14,70.20833333333334
24cf863c-b6ba-4826-a056-0b698989cbf7,6,15,60.625
24cf863c-b6ba-4826-a056-0b698989cbf7,6,16,47.1875
24cf863c-b6ba-4826-a056-0b698989cbf7,6,17,50.208333333333336
24cf863c-b6ba-4826-a056-0b698989cbf7,6,18,37.1875
2551a77d-023f-4ab1-9a19-8afec0190f39,0,9,13.0
2551a77d-023f-4ab1-9a19-8afec0190f39,0,10,17.136363636363637
2551a77d-023f-4ab1-9a19-8afec0190f39,0,11,23.666666666666668
2551a77d-023f-4ab1-9a19-8afec0190f39,0,12,23.291666666666664
2551a77d-023f-4ab1-9a19-8afec0190f39,0,13,23.75
2551a77d-023f-4ab1-9a19-8afec0190f39,0,14,24.791666666666664
2551a77d-023f-4ab1-9a19-8afec0190f39,0,15,27.041666666666668
2551a77d-023f-4ab1-9a19-8afec0190f39,0,16,28.388257575757578
2551a77d-023f-4ab1-9a19-8afec0190f39,0,17,23.302083333333336
2551a77d-023f-4ab1-9a19-8afec0190f39,0,18,24.0625
2551a77d-023f-4ab1-9a19-8afec0190f39,0,19,21.604166666666664
2551a77d-023f-4ab1-9a19-8afec0190f39,0,20,17.09659090909091
2551a77d-023f-4ab1-9a19-8afec0190f39,0,21,13.598484848484848
2551a77d-023f-4ab1-9a19-8afec0190f39,0,22,14.375
2551a77d-023f-4ab1-9a19-8afec0190f39,1,9,12.757575757575758
2551a77d-023f-4ab1-9a19-8afec0190f39,1,10,15.223484848484848
2551a77d-023f-4ab1-9a19-8afec0190f39,1,11,19.395833333333332
2551a77d-023f-4ab1-9a19-8afec0190f39,1,12,22.291666666666664
2551a77d-023f-4ab1-9a19-8afec0190f39,1,13,20.125
2551a77d-023f-4ab1-9a19-8afec0190f39,1,14,20.833333333333336
2551a77d-023f-4ab1-9a19-8afec0190f39,1,15,15.270833333333334
2551a77d-023f-4ab1-9a19-8afec0190f39,1,16,15.666666666666666
2551a77d-023f-4ab1-9a19-8afec0190f39,1,17,17.125
2551a77d-023f-4ab1-9a19-8afec0190f39,2,9,13.0
2551a77d-023f-4ab1-9a19-8afec0190f39,2,10,16.375
2551a77d-023f-4ab1-9a19-8afec0190f39,2,11,21.65340909090909
2551a77d-023f-4ab1-9a19-8afec0190f39,2,12,24.8125
2551a77d-023f-4ab1-9a19-8afec0190f39,2,13,25.958333333333336
2551a77d-023f-4ab1-9a19-8afec0190f39,2,14,18.61111111111111
2551a77d-023f-4ab1-9a19-8afec0190f39,2,15,21.694444444444443
2551a77d-023f-4ab1-9a19-8afec0190f39,2,16,23.777777777777775
2551a77d-023f-4ab1-9a19-8afec0190f39,2,17,24.0
2551a77d-023f-4ab1-9a19-8afec0190f39,2,18,28.145833333333332
2551a77d-023f-4ab1-9a19-8afec0190f39,2,19,25.560606060606062
2551a77d-023f-4ab1-9a19-8afec0190f39,2,20,18.509469696969695
2551a77d-023f-4ab1-9a19-8afec0190f39,2,21,16.0
2551a77d-023f-4ab1-9a19-8afec0190f39,2,22,18.25
2551a77d-023f-4ab1-9a19-8afec0190f39,3,9,13.0
2551a77d-023f-4ab1-9a19-8afec0190f39,3,10,14.083333333333334
2551a77d-023f-4ab1-9a19-8afec0190f39,3,11,22.895833333333336
2551a77d-023f-4ab1-9a19-8afec0190f39,3,12,25.625
2551a77d-023f-4ab1-9a19-8afec0190f39,3,13,26.041666666666668
2551a77d-023f-4ab1-9a19-8afec0190f39,3,14,22.708333333333332
2551a77d-023f-4ab1-9a19-8afec0190f39,3,15,24.0625
2551a77d-023f-4ab1-9a19-8afec0190f39,3,16,22.958333333333336
2551a77d-023f-4ab1-9a19-8afec0190f39,3,17,23.020833333333332
2551a77d-023f-4ab1-9a19-8afec0190f39,3,18,24.305555555555557
2551a77d-023f-4ab1-9a19-8afec0190f39,3,19,24.027777777777775
2551a77d-023f-4ab1-9a19-8afec0190f39,3,20,16.777777777777775
2551a77d-023f-4ab1-9a19-8afec0190f39,3,21,14.888888888888888
2551a77d-023f-4ab1-9a19-8afec0190f39,3,22,14.666666666666668
2551a77d-023f-4ab1-9a19-8afec0190f39,4,8,13.0
2551a77d-023f-4ab1-9a19-8afec0190f39,4,9,12.916666666666666
2551a77d-023f-4ab1-9a19-8afec0190f39,4,10,16.333333333333336
2551a77d-023f-4ab1-9a19-8afec0190f39,4,11,21.11111111111111
2551a77d-023f-4ab1-9a19-8afec0190f39,4,12,22.5625
2551a77d-023f-4ab1-9a19-8afec0190f39,4,13,21.93371212121212
2551a77d-023f-4ab1-9a19-8afec0190f39,4,14,19.375
2551a77d-023f-4ab1-9a19-8afec0190f39,4,15,21.083333333333336
2551a77d-023f-4ab1-9a19-8afec0190f39,4,16,20.625
2551a77d-023f-4ab1-9a19-8afec0190f39,4,17,21.666666666666664
2551a77d-023f-4ab1-9a19-8afec0190f39,5,8,12.636363636363637
2551a77d-023f-4ab1-9a19-8afec0190f39,5,9,13.055555555555555
2551a77d-023f-4ab1-9a19-8afec0190f39,5,10,16.3125
2551a77d-023f-4ab1-9a19-8afec0190f39,5,11,20.708333333333332
2551a77d-023f-4ab1-9a19-8afec0190f39,5,12,25.416666666666664
2551a77d-023f-4ab1-9a19-8afec0190f39,5,13,25.478219696969695
2551a77d-023f-4ab1-9a19-8afec0190f39,5,14,23.689393939393938
2551a77d-023f-4ab1-9a19-8afec0190f39,5,15,27.44318181818182
2551a77d-023f-4ab1-9a19-8afec0190f39,5,16,30.312500000000004
2551a77d-023f-4ab1-9a19-8afec0190f39,5,17,28.75
2551a77d-023f-4ab1-9a19-8afec0190f39,5,18,27.604166666666668
2551a77d-023f-4ab1-9a19-8afec0190f39,5,19,27.708333333333332
2551a77d-023f-4ab1-9a19-8afec0190f39,5,20,23.541666666666668
2551a77d-023f-4ab1-9a19-8afec0190f39,5,21,17.875
2551a77d-023f-4ab1-9a19-8afec0190f39,5,22,14.200757575757576
2551a77d-023f-4ab1-9a19-8afec0190f39,6,8,13.0
2551a77d-023f-4ab1-9a19-8afec0190f39,6,9,12.90340909090909
2551a77d-023f-4ab1-9a19-8afec0190f39,6,10,18.875
2551a77d-023f-4ab1-9a19-8afec0190f39,6,11,20.375
2551a77d-023f-4ab1-9a19-8afec0190f39,6,12,22.9375
2551a77d-023f-4ab1-9a19-8afec0190f39,6,13,22.020833333333336
2551a77d-023f-4ab1-9a19-8afec0190f39,6,14,22.791666666666664
2551a77d-023f-4ab1-9a19-8afec0190f39,6,15,22.875
2551a77d-023f-4ab1-9a19-8afec0190f39,6,16,20.5625
2551a77d-023f-4ab1-9a19-8afec0190f39,6,17,22.625
2551a77d-023f-4ab1-9a19-8afec0190f39,6,18,32.5
2551a77d-023f-4ab1-9a19-8afec0190f39,6,19,30.833333333333332
2551a77d-023f-4ab1-9a19-8afec0190f39,6,20,25.0
2551a77d-023f-4ab1-9a19-8afec0190f39,6,21,20.0
25d47d04-a917-405a-9904-9be2b499b2dd,0,10,7.3125
25d47d04-a917-405a-9904-9be2b499b2dd,0,11,8.333333333333332
25d47d04-a917-405a-9904-9be2b499b2dd,0,12,5.0
25d47d04-a917-405a-9904-9be2b499b2dd,0,13,5.0
25d47d04-a917-405a-9904-9be2b499b2dd,0,14,5.0
25d47d04-a917-405a-9904-9be2b499b2dd,0,15,5.0
25d47d04-a917-405a-9904-9be2b499b2dd,0,16,5.0
25d47d04-a917-405a-9904-9be2b499b2dd,0,17,5.0
25d47d04-a917-405a-9904-9be2b499b2dd,0,18,5.0
25d47d04-a917-405a-9904-9be2b499b2dd,1,9,5.0
25d47d04-a917-405a-9904-9be2b499b2dd,1,10,5.113636363636363
25d47d04-a917-405a-9904-9be2b499b2dd,1,11,6.8055555555555545
25d47d04-a917-405a-9904-9be2b499b2dd,1,12,7.5
25d47d04-a917-405a-9904-9be2b499b2dd,1,13,6.666666666666666
25d47d04-a917-405a-9904-9be2b499b2dd,1,14,5.0
25d47d04-a917-405a-9904-9be2b499b2dd,1,15,5.0
25d47d04-a917-405a-9904-9be2b499b2dd,1,16,5.0
25d47d04-a917-405a-9904-9be2b499b2dd,1,17,5.0
25d47d04-a917-405a-9904-9be2b499b2dd,1,18,5.0
25d47d04-a917-405a-9904-9be2b499b2dd,2,9,5.0
25d47d04-a917-405a-9904-9be2b499b2dd,2,10,5.0
25d47d04-a917-405a-9904-9be2b499b2dd,2,11,5.0
25d47d04-a917-405a-9904-9be2b499b2dd,2,12,5.0
25d47d04-a917-405a-9904-9be2b499b2dd,2,13,5.0
25d47d04-a917-405a-9904-9be2b499b2dd,2,14,5.0
25d47d04-a917-405a-9904-9be2b499b2dd,2,15,5.0
25d47d04-a917-405a-9904-9be2b499b2dd,2,16,5.0
25d47d04-a917-405a-9904-9be2b499b2dd,3,9,5.0
25d47d04-a917-405a-9904-9be2b499b2dd,3,10,5.0
25d47d04-a917-405a-9904-9be2b499b2dd,3,11,5.0
25d47d04-a917-405a-9904-9be2b499b2dd,3,12,5.0
25d47d04-a917-405a-9904-9be2b499b2dd,3,13,5.0
25d47d04-a917-405a-9904-9be2b499b2dd,3,14,5.0
25d47d04-a917-405a-9904-9be2b499b2dd,3,15,5.0
25d47d04-a917-405a-9904-9be2b499b2dd,3,16,5.0
25d47d04-a917-405a-9904-9be2b499b2dd,4,9,5.0
25d47d04-a917-405a-9904-9be2b499b2dd,4,10,5.0
25d47d04-a917-405a-9904-9be2b499b2dd,4,11,6.666666666666667
25d47d04-a917-405a-9904-9be2b499b2dd,4,12,6.25
25d47d04-a917-405a-9904-9be2b499b2dd,4,13,5.0
25d47d04-a917-405a-9904-9be2b499b2dd,4,14,5.0
25d47d04-a917-405a-9904-9be2b499b2dd,4,15,5.0
25d47d04-a917-405a-9904-9be2b499b2dd,4,16,5.0
25d47d04-a917-405a-9904-9be2b499b2dd,5,8,5.0
25d47d04-a917-405a-9904-9be2b499b2dd,5,9,5.0
25d47d04-a917-405a-9904-9be2b499b2dd,5,10,6.145833333333333
25d47d04-a917-405a-9904-9be2b499b2dd,5,11,8.75
25d47d04-a917-405a-9904-9be2b499b2dd,5,12,6.25
25d47d04-a917-405a-9904-9be2b499b2dd,5,13,6.25
25d47d04-a917-405a-9904-9be2b499b2dd,5,14,5.625
25d47d04-a917-405a-9904-9be2b499b2dd,5,15,5.0
25d47d04-a917-405a-9904-9be2b499b2dd,5,16,5.0
25d47d04-a917-405a-9904-9be2b499b2dd,6,8,5.0
25d47d04-a917-405a-9904-9be2b499b2dd,6,9,5.0
25d47d04-a917-405a-9904-9be2b499b2dd,6,10,6.145833333333333
25d47d04-a917-405a-9904-9be2b499b2dd,6,11,9.375
25d47d04-a917-405a-9904-9be2b499b2dd,6,12,6.5625
25d47d04-a917-405a-9904-9be2b499b2dd,6,13,5.3125
25d47d04-a917-405a-9904-9be2b499b2dd,6,14,5.0
25d47d04-a917-405a-9904-9be2b499b2dd,6,15,5.0
25d47d04-a917-405a-9904-9be2b499b2dd,6,16,5.0
273ddb8d-e7b5-4e34-8657-1113f49262a5,0,9,5.0
273ddb8d-e7b5-4e34-8657-1113f49262a5,0,10,5.270833333333333
273ddb8d-e7b5-4e34-8657-1113f49262a5,0,11,5.520833333333333
273ddb8d-e7b5-4e34-8657-1113f49262a5,0,12,6.041666666666666
273ddb8d-e7b5-4e34-8657-1113f49262a5,0,13,8.541666666666668
273ddb8d-e7b5-4e34-8657-1113f49262a5,0,14,7.708333333333334
273ddb8d-e7b5-4e34-8657-1113f49262a5,0,15,7.5
273ddb8d-e7b5-4e34-8657-1113f49262a5,0,16,7.5
273ddb8d-e7b5-4e34-8657-1113f49262a5,0,17,8.75
273ddb8d-e7b5-4e34-8657-1113f49262a5,0,18,8.020833333333332
273ddb8d-e7b5-4e34-8657-1113f49262a5,0,19,8.854166666666666
273ddb8d-e7b5-4e34-8657-1113f49262a5,0,20,6.25
273ddb8d-e7b5-4e34-8657-1113f49262a5,0,21,6.666666666666667
273ddb8d-e7b5-4e34-8657-1113f49262a5,0,22,6.875
273ddb8d-e7b5-4e34-8657-1113f49262a5,1,9,5.0
273ddb8d-e7b5-4e34-8657-1113f49262a5,1,10,5.208333333333333
273ddb8d-e7b5-4e34-8657-1113f49262a5,1,11,5.0
273ddb8d-e7b5-4e34-8657-1113f49262a5,1,12,5.104166666666666
273ddb8d-e7b5-4e34-8657-1113f49262a5,1,13,5.104166666666667
273ddb8d-e7b5-4e34-8657-1113f49262a5,1,14,4.375
273ddb8d-e7b5-4e34-8657-1113f49262a5,1,15,5.9375
273ddb8d-e7b5-4e34-8657-1113f49262a5,1,16,5.9375
273ddb8d-e7b5-4e34-8657-1113f49262a5,1,17,6.770833333333333
273ddb8d-e7b5-4e34-8657-1113f49262a5,2,9,5.0
273ddb8d-e7b5-4e34-8657-1113f49262a5,2,10,4.6875
273ddb8d-e7b5-4e34-8657-1113f49262a5,2,11,6.041666666666667
273ddb8d-e7b5-4e34-8657-1113f49262a5,2,12,5.9375
273ddb8d-e7b5-4e34-8657-1113f49262a5,2,13,6.041666666666666
273ddb8d-e7b5-4e34-8657-1113f49262a5,2,14,6.25
273ddb8d-e7b5-4e34-8657-1113f49262a5,2,15,5.520833333333333
273ddb8d-e7b5-4e34-8657-1113f49262a5,2,16,5.9375
273ddb8d-e7b5-4e34-8657-1113f49262a5,2,17,5.520833333333334
273ddb8d-e7b5-4e34-8657-1113f49262a5,2,18,7.083333333333334
273ddb8d-e7b5-4e34-8657-1113f49262a5,2,19,9.791666666666666
273ddb8d-e7b5-4e34-8657-1113f49262a5,2,20,7.708333333333334
273ddb8d-e7b5-4e34-8657-1113f49262a5,2,21,5.0
273ddb8d-e7b5-4e34-8657-1113f49262a5,2,22,5.0
273ddb8d-e7b5-4e34-8657-1113f49262a5,3,9,5.0
273ddb8d-e7b5-4e34-8657-1113f49262a5,3,10,4.678030303030303
273ddb8d-e7b5-4e34-8657-1113f49262a5,3,11,4.0625
273ddb8d-e7b5-4e34-8657-1113f49262a5,3,12,6.041666666666667
273ddb8d-e7b5-4e34-8657-1113f49262a5,3,13,5.416666666666667
273ddb8d-e7b5-4e34-8657-1113f49262a5,3,14,6.25
273ddb8d-e7b5-4e34-8657-1113f49262a5,3,15,5.625
273ddb8d-e7b5-4e34-8657-1113f49262a5,3,16,5.3125
273ddb8d-e7b5-4e34-8657-1113f49262a5,3,17,5.25
273ddb8d-e7b5-4e34-8657-1113f49262a5,3,18,5.833333333333333
273ddb8d-e7b5-4e34-8657-1113f49262a5,3,19,5.0
273ddb8d-e7b5-4e34-8657-1113f49262a5,3,20,5.0
273ddb8d-e7b5-4e34-8657-1113f49262a5,3,21,5.0
273ddb8d-e7b5-4e34-8657-1113f49262a5,3,22,5.0
273ddb8d-e7b5-4e34-8657-1113f49262a5,4,8,5.0
273ddb8d-e7b5-4e34-8657-1113f49262a5,4,9,4.895833333333333
273ddb8d-e7b5-4e34-8657-1113f49262a5,4,10,4.895833333333333
273ddb8d-e7b5-4e34-8657-1113f49262a5,4,11,5.625
273ddb8d-e7b5-4e34-8657-1113f49262a5,4,12,5.104166666666666
273ddb8d-e7b5-4e34-8657-1113f49262a5,4,13,6.25
273ddb8d-e7b5-4e34-8657-1113f49262a5,4,14,7.395833333333334
273ddb8d-e7b5-4e34-8657-1113f49262a5,4,15,5.3125
273ddb8d-e7b5-4e34-8657-1113f49262a5,4,16,5.625
273ddb8d-e7b5-4e34-8657-1113f49262a5,4,17,5.520833333333333
273ddb8d-e7b5-4e34-8657-1113f49262a5,5,8,5.0
273ddb8d-e7b5-4e34-8657-1113f49262a5,5,9,5.0
273ddb8d-e7b5-4e34-8657-1113f49262a5,5,10,5.208333333333333
273ddb8d-e7b5-4e34-8657-1113f49262a5,5,11,7.395833333333333
273ddb8d-e7b5-4e34-8657-1113f49262a5,5,12,6.458333333333334
273ddb8d-e7b5-4e34-8657-1113f49262a5,5,13,10.0
273ddb8d-e7b5-4e34-8657-1113f49262a5,5,14,11.458333333333334
273ddb8d-e7b5-4e34-8657-1113f49262a5,5,15,11.25
273ddb8d-e7b5-4e34-8657-1113f49262a5,5,16,10.9375
273ddb8d-e7b5-4e34-8657-1113f49262a5,5,17,10.0
273ddb8d-e7b5-4e34-8657-1113f49262a5,5,18,12.083333333333334
273ddb8d-e7b5-4e34-8657-1113f49262a5,5,19,14.479166666666668
273ddb8d-e7b5-4e34-8657-1113f49262a5,5,20,15.0
273ddb8d-e7b5-4e34-8657-1113f49262a5,5,21,12.083333333333332
273ddb8d-e7b5-4e34-8657-1113f49262a5,5,22,12.1875
273ddb8d-e7b5-4e34-8657-1113f49262a5,6,8,5.0
273ddb8d-e7b5-4e34-8657-1113f49262a5,6,9,5.0
273ddb8d-e7b5-4e34-8657-1113f49262a5,6,10,5.833333333333334
273ddb8d-e7b5-4e34-8657-1113f49262a5,6,11,4.5643939393939394
273ddb8d-e7b5-4e34-8657-1113f49262a5,6,12,4.886363636363637
273ddb8d-e7b5-4e34-8657-1113f49262a5,6,13,4.791666666666667
273ddb8d-e7b5-4e34-8657-1113f49262a5,6,14,5.208333333333333
273ddb8d-e7b5-4e34-8657-1113f49262a5,6,15,6.979166666666667
273ddb8d-e7b5-4e34-8657-1113f49262a5,6,16,8.541666666666668
273ddb8d-e7b5-4e34-8657-1113f49262a5,6,17,6.770833333333334
273ddb8d-e7b5-4e34-8657-1113f49262a5,6,18,9.166666666666666
273ddb8d-e7b5-4e34-8657-1113f49262a5,6,19,5.833333333333333
273ddb8d-e7b5-4e34-8657-1113f49262a5,6,20,5.0
281bc9e6-b208-4a70-85d2-0fb749c7658b,0,10,6.212121212121212
281bc9e6-b208-4a70-85d2-0fb749c7658b,0,11,27.222222222222225
281bc9e6-b208-4a70-85d2-0fb749c7658b,0,12,32.84722222222222
281bc9e6-b208-4a70-85d2-0fb749c7658b,0,13,26.041666666666664
281bc9e6-b208-4a70-85d2-0fb749c7658b,0,14,20.833333333333332
281bc9e6-b208-4a70-85d2-0fb749c7658b,0,15,19.166666666666668
281bc9e6-b208-4a70-85d2-0fb749c7658b,0,16,17.083333333333332
281bc9e6-b208-4a70-85d2-0fb749c7658b,0,17,10.535714285714285
281bc9e6-b208-4a70-85d2-0fb749c7658b,0,18,5.0
281bc9e6-b208-4a70-85d2-0fb749c7658b,0,19,5.416666666666666
281bc9e6-b208-4a70-85d2-0fb749c7658b,0,20,5.0
281bc9e6-b208-4a70-85d2-0fb749c7658b,1,10,7.708333333333334
281bc9e6-b208-4a70-85d2-0fb749c7658b,1,11,25.672348484848484
281bc9e6-b208-4a70-85d2-0fb749c7658b,1,12,32.541666666666664
281bc9e6-b208-4a70-85d2-0fb749c7658b,1,13,31.145833333333332
281bc9e6-b208-4a70-85d2-0fb749c7658b,1,14,38.333333333333336
281bc9e6-b208-4a70-85d2-0fb749c7658b,1,15,25.729166666666668
281bc9e6-b208-4a70-85d2-0fb749c7658b,1,16,15.194444444444443
281bc9e6-b208-4a70-85d2-0fb749c7658b,1,17,11.25
281bc9e6-b208-4a70-85d2-0fb749c7658b,1,18,10.555555555555555
281bc9e6-b208-4a70-85d2-0fb749c7658b,1,19,5.416666666666667
281bc9e6-b208-4a70-85d2-0fb749c7658b,2,10,7.0
281bc9e6-b208-4a70-85d2-0fb749c7658b,2,11,20.757575757575758
281bc9e6-b208-4a70-85d2-0fb749c7658b,2,12,31.145833333333332
281bc9e6-b208-4a70-85d2-0fb749c7658b,2,13,23.516414141414142
281bc9e6-b208-4a70-85d2-0fb749c7658b,2,14,14.895833333333332
281bc9e6-b208-4a70-85d2-0fb749c7658b,2,15,17.22222222222222
281bc9e6-b208-4a70-85d2-0fb749c7658b,2,16,13.472222222222221
281bc9e6-b208-4a70-85d2-0fb749c7658b,2,17,10.13888888888889
281bc9e6-b208-4a70-85d2-0fb749c7658b,2,18,7.708333333333334
281bc9e6-b208-4a70-85d2-0fb749c7658b,2,19,5.416666666666667
281bc9e6-b208-4a70-85d2-0fb749c7658b,3,10,9.011093073593074
281bc9e6-b208-4a70-85d2-0fb749c7658b,3,11,18.854166666666668
281bc9e6-b208-4a70-85d2-0fb749c7658b,3,12,21.770833333333332
281bc9e6-b208-4a70-85d2-0fb749c7658b,3,13,24.337121212121215
281bc9e6-b208-4a70-85d2-0fb749c7658b,3,14,17.291666666666664
281bc9e6-b208-4a70-85d2-0fb749c7658b,3,15,18.40277777777778
281bc9e6-b208-4a70-85d2-0fb749c7658b,3,16,15.625
281bc9e6-b208-4a70-85d2-0fb749c7658b,3,17,5.9375
281bc9e6-b208-4a70-85d2-0fb749c7658b,3,18,5.138888888888889
281bc9e6-b208-4a70-85d2-0fb749c7658b,3,19,5.0
281bc9e6-b208-4a70-85d2-0fb749c7658b,4,10,8.210227272727273
281bc9e6-b208-4a70-85d2-0fb749c7658b,4,11,26.875
281bc9e6-b208-4a70-85d2-0fb749c7658b,4,12,26.505681818181817
281bc9e6-b208-4a70-85d2-0fb749c7658b,4,13,26.145833333333332
281bc9e6-b208-4a70-85d2-0fb749c7658b,4,14,27.481060606060606
281bc9e6-b208-4a70-85d2-0fb749c7658b,4,15,28.958333333333336
281bc9e6-b208-4a70-85d2-0fb749c7658b,4,16,21.75595238095238
281bc9e6-b208-4a70-85d2-0fb749c7658b,4,17,14.305555555555555
281bc9e6-b208-4a70-85d2-0fb749c7658b,4,18,8.75
281bc9e6-b208-4a70-85d2-0fb749c7658b,4,19,6.666666666666667
281bc9e6-b208-4a70-85d2-0fb749c7658b,5,9,8.0
281bc9e6-b208-4a70-85d2-0fb749c7658b,5,10,14.427083333333334
281bc9e6-b208-4a70-85d2-0fb749c7658b,5,11,29.6875
281bc9e6-b208-4a70-85d2-0fb749c7658b,5,12,41.25
281bc9e6-b208-4a70-85d2-0fb749c7658b,5,13,46.14583333333333
281bc9e6-b208-4a70-85d2-0fb749c7658b,5,14,42.708333333333336
281bc9e6-b208-4a70-85d2-0fb749c7658b,5,15,32.1875
281bc9e6-b208-4a70-85d2-0fb749c7658b,5,16,15.104166666666668
281bc9e6-b208-4a70-85d2-0fb749c7658b,5,17,9.375
281bc9e6-b208-4a70-85d2-0fb749c7658b,5,18,10.0
281bc9e6-b208-4a70-85d2-0fb749c7658b,5,19,5.625
281bc9e6-b208-4a70-85d2-0fb749c7658b,5,20,5.0
281bc9e6-b208-4a70-85d2-0fb749c7658b,6,10,8.598484848484848
281bc9e6-b208-4a70-85d2-0fb749c7658b,6,11,22.5625
281bc9e6-b208-4a70-85d2-0fb749c7658b,6,12,36.26893939393939
281bc9e6-b208-4a70-85d2-0fb749c7658b,6,13,27.5
281bc9e6-b208-4a70-85d2-0fb749c7658b,6,14,33.813131313131315
281bc9e6-b208-4a70-85d2-0fb749c7658b,6,15,30.75
281bc9e6-b208-4a70-85d2-0fb749c7658b,6,16,24.583333333333332
281bc9e6-b208-4a70-85d2-0fb749c7658b,6,17,14.375
281bc9e6-b208-4a70-85d2-0fb749c7658b,6,18,5.277777777777778
281bc9e6-b208-4a70-85d2-0fb749c7658b,6,19,6.25
281bc9e6-b208-4a70-85d2-0fb749c7658b,6,20,5.0
2ebfb38c-5cb5-4de1-86c0-f7af14188022,0,10,15.0
2ebfb38c-5cb5-4de1-86c0-f7af14188022,0,11,15.0
2ebfb38c-5cb5-4de1-86c0-f7af14188022,0,12,15.0
2ebfb38c-5cb5-4de1-86c0-f7af14188022,0,13,15.0
2ebfb38c-5cb5-4de1-86c0-f7af14188022,0,14,15.0
2ebfb38c-5cb5-4de1-86c0-f7af14188022,0,15,15.0
2ebfb38c-5cb5-4de1-86c0-f7af14188022,0,16,15.0
2ebfb38c-5cb5-4de1-86c0-f7af14188022,0,17,15.0
2ebfb38c-5cb5-4de1-86c0-f7af14188022,0,18,15.0
2ebfb38c-5cb5-4de1-86c0-f7af14188022,0,19,15.0
2ebfb38c-5cb5-4de1-86c0-f7af14188022,0,20,15.0
2ebfb38c-5cb5-4de1-86c0-f7af14188022,1,10,15.0
2ebfb38c-5cb5-4de1-86c0-f7af14188022,1,11,15.0
2ebfb38c-5cb5-4de1-86c0-f7af14188022,1,12,15.0
2ebfb38c-5cb5-4de1-86c0-f7af14188022,1,13,15.0
2ebfb38c-5cb5-4de1-86c0-f7af14188022,1,14,15.0
2ebfb38c-5cb5-4de1-86c0-f7af14188022,1,15,15.0
2ebfb38c-5cb5-4de1-86c0-f7af14188022,1,16,15.0
2ebfb38c-5cb5-4de1-86c0-f7af14188022,1,17,15.0
2ebfb38c-5cb5-4de1-86c0-f7af14188022,2,10,15.0
2ebfb38c-5cb5-4de1-86c0-f7af14188022,2,11,15.0
2ebfb38c-5cb5-4de1-86c0-f7af14188022,2,12,15.0
2ebfb38c-5cb5-4de1-86c0-f7af14188022,2,13,15.0
2ebfb38c-5cb5-4de1-86c0-f7af14188022,2,14,15.0
2ebfb38c-5cb5-4de1-86c0-f7af14188022,2,15,15.0
2ebfb38c-5cb5-4de1-86c0-f7af14188022,2,16,15.0
2ebfb38c-5cb5-4de1-86c0-f7af14188022,2,17,15.0
2ebfb38c-5cb5-4de1-86c0-f7af14188022,2,18,15.0
2ebfb38c-5cb5-4de1-86c0-f7af14188022,2,19,15.0
2ebfb38c-5cb5-4de1-86c0-f7af14188022,2,20,15.0
2ebfb38c-5cb5-4de1-86c0-f7af14188022,3,10,15.0
2ebfb38c-5cb5-4de1-86c0-f7af14188022,3,11,16.25
2ebfb38c-5cb5-4de1-86c0-f7af14188022,3,12,16.25
2ebfb38c-5cb5-4de1-86c0-f7af14188022,3,13,16.25
2ebfb38c-5cb5-4de1-86c0-f7af14188022,3,14,16.25
2ebfb38c-5cb5-4de1-86c0-f7af14188022,3,15,16.25
2ebfb38c-5cb5-4de1-86c0-f7af14188022,3,16,16.25
2ebfb38c-5cb5-4de1-86c0-f7af14188022,3,17,16.25
2ebfb38c-5cb5-4de1-86c0-f7af14188022,3,18,16.666666666666668
2ebfb38c-5cb5-4de1-86c0-f7af14188022,3,19,16.666666666666668
2ebfb38c-5cb5-4de1-86c0-f7af14188022,3,20,15.0
2ebfb38c-5cb5-4de1-86c0-f7af14188022,4,10,15.0
2ebfb38c-5cb5-4de1-86c0-f7af14188022,4,11,15.0
2ebfb38c-5cb5-4de1-86c0-f7af14188022,4,12,15.0
2ebfb38c-5cb5-4de1-86c0-f7af14188022,4,13,15.0
2ebfb38c-5cb5-4de1-86c0-f7af14188022,4,14,15.0
2ebfb38c-5cb5-4de1-86c0-f7af14188022,4,15,15.0
2ebfb38c-5cb5-4de1-86c0-f7af14188022,4,16,15.0
2ebfb38c-5cb5-4de1-86c0-f7af14188022,4,17,15.0
2ebfb38c-5cb5-4de1-86c0-f7af14188022,5,10,15.0
2ebfb38c-5cb5-4de1-86c0-f7af14188022,5,11,15.0
2ebfb38c-5cb5-4de1-86c0-f7af14188022,5,12,15.0
2ebfb38c-5cb5-4de1-86c0-f7af14188022,5,13,15.0
2ebfb38c-5cb5-4de1-86c0-f7af14188022,5,14,15.0
2ebfb38c-5cb5-4de1-86c0-f7af14188022,5,15,15.0
2ebfb38c-5cb5-4de1-86c0-f7af14188022,5,16,15.0
2ebfb38c-5cb5-4de1-86c0-f7af14188022,5,17,15.0
2ebfb38c-5cb5-4de1-86c0-f7af14188022,5,18,15.0
2ebfb38c-5cb5-4de1-86c0-f7af14188022,5,19,15.0
2ebfb38c-5cb5-4de1-86c0-f7af14188022,5,20,15.0
2ebfb38c-5cb5-4de1-86c0-f7af14188022,6,9,15.0
2ebfb38c-5cb5-4de1-86c0-f7af14188022,6,10,15.0
2ebfb38c-5cb5-4de1-86c0-f7af14188022,6,11,15.0
2ebfb38c-5cb5-4de1-86c0-f7af14188022,6,12,15.0
2ebfb38c-5cb5-4de1-86c0-f7af14188022,6,13,15.0
2ebfb38c-5cb5-4de1-86c0-f7af14188022,6,14,15.0
2ebfb38c-5cb5-4de1-86c0-f7af14188022,6,15,15.0
2ebfb38c-5cb5-4de1-86c0-f7af14188022,6,16,15.0
2ebfb38c-5cb5-4de1-86c0-f7af14188022,6,17,15.0
2ebfb38c-5cb5-4de1-86c0-f7af14188022,6,19,15.0
2f95b213-daaa-4370-8349-c2cd57be470e,0,9,8.4375
2f95b213-daaa-4370-8349-c2cd57be470e,0,10,11.770833333333334
2f95b213-daaa-4370-8349-c2cd57be470e,0,11,16.875
2f95b213-daaa-4370-8349-c2cd57be470e,0,12,9.6875
2f95b213-daaa-4370-8349-c2cd57be470e,0,13,7.291666666666666
2f95b213-daaa-4370-8349-c2cd57be470e,0,14,7.92929292929293
2f95b213-daaa-4370-8349-c2cd57be470e,0,15,8.37962962962963
2f95b213-daaa-4370-8349-c2cd57be470e,0,16,6.9444444444444455
2f95b213-daaa-4370-8349-c2cd57be470e,0,17,8.333333333333332
2f95b213-daaa-4370-8349-c2cd57be470e,0,18,5.208333333333334
2f95b213-daaa-4370-8349-c2cd57be470e,0,19,10.416666666666666
2f95b213-daaa-4370-8349-c2cd57be470e,0,20,7.5
2f95b213-daaa-4370-8349-c2cd57be470e,1,9,8.541666666666666
2f95b213-daaa-4370-8349-c2cd57be470e,1,10,13.958333333333334
2f95b213-daaa-4370-8349-c2cd57be470e,1,11,19.6875
2f95b213-daaa-4370-8349-c2cd57be470e,1,12,14.375
2f95b213-daaa-4370-8349-c2cd57be470e,1,13,12.65625
2f95b213-daaa-4370-8349-c2cd57be470e,1,14,7.5
2f95b213-daaa-4370-8349-c2cd57be470e,1,15,9.020833333333332
2f95b213-daaa-4370-8349-c2cd57be470e,1,16,16.25
2f95b213-daaa-4370-8349-c2cd57be470e,1,17,8.333333333333334
2f95b213-daaa-4370-8349-c2cd57be470e,1,18,10.520833333333334
2f95b213-daaa-4370-8349-c2cd57be470e,1,19,13.75
2f95b213-daaa-4370-8349-c2cd57be470e,1,20,10.0
2f95b213-daaa-4370-8349-c2cd57be470e,2,9,8.75
2f95b213-daaa-4370-8349-c2cd57be470e,2,10,17.395833333333332
2f95b213-daaa-4370-8349-c2cd57be470e,2,11,21.0625
2f95b213-daaa-4370-8349-c2cd57be470e,2,12,13.020833333333332
2f95b213-daaa-4370-8349-c2cd57be470e,2,13,10.454545454545455
2f95b213-daaa-4370-8349-c2cd57be470e,2,14,11.25
2f95b213-daaa-4370-8349-c2cd57be470e,2,15,8.93939393939394
2f95b213-daaa-4370-8349-c2cd57be470e,2,16,8.333333333333332
2f95b213-daaa-4370-8349-c2cd57be470e,2,17,10.416666666666666
2f95b213-daaa-4370-8349-c2cd57be470e,2,18,11.055555555555557
2f95b213-daaa-4370-8349-c2cd57be470e,2,19,10.277777777777779
2f95b213-daaa-4370-8349-c2cd57be470e,2,20,5.0
2f95b213-daaa-4370-8349-c2cd57be470e,3,9,8.020833333333334
2f95b213-daaa-4370-8349-c2cd57be470e,3,10,8.645833333333334
2f95b213-daaa-4370-8349-c2cd57be470e,3,11,8.229166666666666
2f95b213-daaa-4370-8349-c2cd57be470e,3,12,8.541666666666668
2f95b213-daaa-4370-8349-c2cd57be470e,3,13,9.583333333333334
2f95b213-daaa-4370-8349-c2cd57be470e,3,14,6.666666666666666
2f95b213-daaa-4370-8349-c2cd57be470e,3,15,7.916666666666666
2f95b213-daaa-4370-8349-c2cd57be470e,3,16,9.0625
2f95b213-daaa-4370-8349-c2cd57be470e,3,17,13.020833333333334
2f95b213-daaa-4370-8349-c2cd57be470e,3,18,14.791666666666668
2f95b213-daaa-4370-8349-c2cd57be470e,3,19,11.666666666666666
2f95b213-daaa-4370-8349-c2cd57be470e,3,20,10.0
2f95b213-daaa-4370-8349-c2cd57be470e,4,9,8.75
2f95b213-daaa-4370-8349-c2cd57be470e,4,10,9.6875
2f95b213-daaa-4370-8349-c2cd57be470e,4,11,8.333333333333332
2f95b213-daaa-4370-8349-c2cd57be470e,4,12,5.729166666666667
2f95b213-daaa-4370-8349-c2cd57be470e,4,13,10.0
2f95b213-daaa-4370-8349-c2cd57be470e,4,14,11.770833333333332
2f95b213-daaa-4370-8349-c2cd57be470e,4,15,10.625
2f95b213-daaa-4370-8349-c2cd57be470e,4,16,17.5
2f95b213-daaa-4370-8349-c2cd57be470e,4,17,14.583333333333334
2f95b213-daaa-4370-8349-c2cd57be470e,4,18,9.583333333333334
2f95b213-daaa-4370-8349-c2cd57be470e,4,19,8.4375
2f95b213-daaa-4370-8349-c2cd57be470e,4,20,5.0
2f95b213-daaa-4370-8349-c2cd57be470e,5,9,6.25
2f95b213-daaa-4370-8349-c2cd57be470e,5,10,6.25
2f95b213-daaa-4370-8349-c2cd57be470e,5,11,10.9375
2f95b213-daaa-4370-8349-c2cd57be470e,5,12,12.604166666666668
2f95b213-daaa-4370-8349-c2cd57be470e,5,13,6.5625
2f95b213-daaa-4370-8349-c2cd57be470e,5,14,8.645833333333334
2f95b213-daaa-4370-8349-c2cd57be470e,5,15,7.291666666666666
2f95b213-daaa-4370-8349-c2cd57be470e,5,16,10.520833333333332
2f95b213-daaa-4370-8349-c2cd57be470e,5,17,17.916666666666668
2f95b213-daaa-4370-8349-c2cd57be470e,5,18,15.0
2f95b213-daaa-4370-8349-c2cd57be470e,5,19,12.916666666666666
2f95b213-daaa-4370-8349-c2cd57be470e,5,20,12.5
2f95b213-daaa-4370-8349-c2cd57be470e,6,9,8.75
2f95b213-daaa-4370-8349-c2cd57be470e,6,10,9.479166666666668
2f95b213-daaa-4370-8349-c2cd57be470e,6,11,6.5625
2f95b213-daaa-4370-8349-c2cd57be470e,6,12,13.333333333333334
2f95b213-daaa-4370-8349-c2cd57be470e,6,13,11.111111111111109
2f95b213-daaa-4370-8349-c2cd57be470e,6,14,10.000000000000002
2f95b213-daaa-4370-8349-c2cd57be470e,6,15,11.018518518518519
2f95b213-daaa-4370-8349-c2cd57be470e,6,16,16.805555555555554
2f95b213-daaa-4370-8349-c2cd57be470e,6,17,9.166666666666666
2f95b213-daaa-4370-8349-c2cd57be470e,6,18,8.333333333333332
2f95b213-daaa-4370-8349-c2cd57be470e,6,19,6.354166666666666
2f95b213-daaa-4370-8349-c2cd57be470e,6,20,9.375
30fe3c64-af71-4c66-a54b-aa61fd7af177,0,9,5.0
30fe3c64-af71-4c66-a54b-aa61fd7af177,0,10,5.0
30fe3c64-af71-4c66-a54b-aa61fd7af177,0,11,5.0
30fe3c64-af71-4c66-a54b-aa61fd7af177,0,12,5.0
30fe3c64-af71-4c66-a54b-aa61fd7af177,0,13,5.0
30fe3c64-af71-4c66-a54b-aa61fd7af177,0,14,5.0
30fe3c64-af71-4c66-a54b-aa61fd7af177,0,15,5.0
30fe3c64-af71-4c66-a54b-aa61fd7af177,0,16,5.0
30fe3c64-af71-4c66-a54b-aa61fd7af177,0,17,5.0
30fe3c64-af71-4c66-a54b-aa61fd7af177,0,18,5.0
30fe3c64-af71-4c66-a54b-aa61fd7af177,0,19,5.0
30fe3c64-af71-4c66-a54b-aa61fd7af177,0,20,5.0
30fe3c64-af71-4c66-a54b-aa61fd7af177,0,21,5.0
30fe3c64-af71-4c66-a54b-aa61fd7af177,0,22,5.0
30fe3c64-af71-4c66-a54b-aa61fd7af177,1,9,5.0
30fe3c64-af71-4c66-a54b-aa61fd7af177,1,10,5.0
30fe3c64-af71-4c66-a54b-aa61fd7af177,1,11,5.0
30fe3c64-af71-4c66-a54b-aa61fd7af177,1,12,5.0
30fe3c64-af71-4c66-a54b-aa61fd7af177,1,13,5.0
30fe3c64-af71-4c66-a54b-aa61fd7af177,1,14,5.0
30fe3c64-af71-4c66-a54b-aa61fd7af177,1,15,5.0
30fe3c64-af71-4c66-a54b-aa61fd7af177,1,16,5.0
30fe3c64-af71-4c66-a54b-aa61fd7af177,1,17,5.0
30fe3c64-af71-4c66-a54b-aa61fd7af177,2,9,5.0
30fe3c64-af71-4c66-a54b-aa61fd7af177,2,10,5.0
30fe3c64-af71-4c66-a54b-aa61fd7af177,2,11,5.0
30fe3c64-af71-4c66-a54b-aa61fd7af177,2,12,5.0
30fe3c64-af71-4c66-a54b-aa61fd7af177,2,13,5.0
30fe3c64-af71-4c66-a54b-aa61fd7af177,2,14,5.0
30fe3c64-af71-4c66-a54b-aa61fd7af177,2,15,5.0
30fe3c64-af71-4c66-a54b-aa61fd7af177,2,16,5.0
30fe3c64-af71-4c66-a54b-aa61fd7af177,2,17,5.0
30fe3c64-af71-4c66-a54b-aa61fd7af177,2,18,5.0
30fe3c64-af71-4c66-a54b-aa61fd7af177,2,19,5.0
30fe3c64-af71-4c66-a54b-aa61fd7af177,2,20,5.0
30fe3c64-af71-4c66-a54b-aa61fd7af177,2,21,5.0
30fe3c64-af71-4c66-a54b-aa61fd7af177,2,22,5.0
30fe3c64-af71-4c66-a54b-aa61fd7af177,3,9,5.0
30fe3c64-af71-4c66-a54b-aa61fd7af177,3,10,5.0
30fe3c64-af71-4c66-a54b-aa61fd7af177,3,11,5.0
30fe3c64-af71-4c66-a54b-aa61fd7af177,3,12,5.0
30fe3c64-af71-4c66-a54b-aa61fd7af177,3,13,5.0
30fe3c64-af71-4c66-a54b-aa61fd7af177,3,14,5.0
30fe3c64-af71-4c66-a54b-aa61fd7af177,3,15,5.0
30fe3c64-af71-4c66-a54b-aa61fd7af177,3,16,5.0
30fe3c64-af71-4c66-a54b-aa61fd7af177,3,17,5.0
30fe3c64-af71-4c66-a54b-aa61fd7af177,3,18,5.0
30fe3c64-af71-4c66-a54b-aa61fd7af177,3,19,5.0
30fe3c64-af71-4c66-a54b-aa61fd7af177,3,20,5.0
30fe3c64-af71-4c66-a54b-aa61fd7af177,3,21,5.0
30fe3c64-af71-4c66-a54b-aa61fd7af177,3,22,5.0
30fe3c64-af71-4c66-a54b-aa61fd7af177,4,8,5.0
30fe3c64-af71-4c66-a54b-aa61fd7af177,4,9,5.0
30fe3c64-af71-4c66-a54b-aa61fd7af177,4,10,5.0
30fe3c64-af71-4c66-a54b-aa61fd7af177,4,11,5.0
30fe3c64-af71-4c66-a54b-aa61fd7af177,4,12,5.0
30fe3c64-af71-4c66-a54b-aa61fd7af177,4,13,5.0
30fe3c64-af71-4c66-a54b-aa61fd7af177,4,14,5.0
30fe3c64-af71-4c66-a54b-aa61fd7af177,4,15,5.0
30fe3c64-af71-4c66-a54b-aa61fd7af177,4,16,5.0
30fe3c64-af71-4c66-a54b-aa61fd7af177,4,17,5.0
30fe3c64-af71-4c66-a54b-aa61fd7af177,5,8,5.0
30fe3c64-af71-4c66-a54b-aa61fd7af177,5,9,5.0
30fe3c64-af71-4c66-a54b-aa61fd7af177,5,10,5.0
30fe3c64-af71-4c66-a54b-aa61fd7af177,5,11,5.0
30fe3c64-af71-4c66-a54b-aa61fd7af177,5,12,5.0
30fe3c64-af71-4c66-a54b-aa61fd7af177,5,13,5.0
30fe3c64-af71-4c66-a54b-aa61fd7af177,5,14,5.0
30fe3c64-af71-4c66-a54b-aa61fd7af177,5,15,5.0
30fe3c64-af71-4c66-a54b-aa61fd7af177,5,16,3.3333333333333335
30fe3c64-af71-4c66-a54b-aa61fd7af177,5,17,3.3333333333333335
30fe3c64-af71-4c66-a54b-aa61fd7af177,5,18,5.0
30fe3c64-af71-4c66-a54b-aa61fd7af177,5,19,3.75
30fe3c64-af71-4c66-a54b-aa61fd7af177,5,20,3.75
30fe3c64-af71-4c66-a54b-aa61fd7af177,5,21,3.75
30fe3c64-af71-4c66-a54b-aa61fd7af177,5,22,3.75
30fe3c64-af71-4c66-a54b-aa61fd7af177,6,8,5.0
30fe3c64-af71-4c66-a54b-aa61fd7af177,6,9,5.0
30fe3c64-af71-4c66-a54b-aa61fd7af177,6,10,5.0
30fe3c64-af71-4c66-a54b-aa61fd7af177,6,11,5.0
30fe3c64-af71-4c66-a54b-aa61fd7af177,6,12,5.0
30fe3c64-af71-4c66-a54b-aa61fd7af177,6,13,5.0
30fe3c64-af71-4c66-a54b-aa61fd7af177,6,14,5.0
30fe3c64-af71-4c66-a54b-aa61fd7af177,6,15,5.0
30fe3c64-af71-4c66-a54b-aa61fd7af177,6,16,5.0
30fe3c64-af71-4c66-a54b-aa61fd7af177,6,17,5.0
30fe3c64-af71-4c66-a54b-aa61fd7af177,6,18,5.0
30fe3c64-af71-4c66-a54b-aa61fd7af177,6,19,5.0
30fe3c64-af71-4c66-a54b-aa61fd7af177,6,20,5.0
30fe3c64-af71-4c66-a54b-aa61fd7af177,6,21,5.0
32e01181-9a5f-4936-8a77-0dace1de836c,0,8,31.477272727272727
32e01181-9a5f-4936-8a77-0dace1de836c,0,9,47.291666666666664
32e01181-9a5f-4936-8a77-0dace1de836c,0,10,46.35416666666667
32e01181-9a5f-4936-8a77-0dace1de836c,0,11,43.75
32e01181-9a5f-4936-8a77-0dace1de836c,0,12,33.33333333333333
32e01181-9a5f-4936-8a77-0dace1de836c,0,13,31.458333333333336
32e01181-9a5f-4936-8a77-0dace1de836c,0,14,18.854166666666668
32e01181-9a5f-4936-8a77-0dace1de836c,0,15,8.125
32e01181-9a5f-4936-8a77-0dace1de836c,0,16,7.5
32e01181-9a5f-4936-8a77-0dace1de836c,0,17,8.229166666666668
32e01181-9a5f-4936-8a77-0dace1de836c,0,18,12.5
32e01181-9a5f-4936-8a77-0dace1de836c,1,8,21.897727272727273
32e01181-9a5f-4936-8a77-0dace1de836c,1,9,38.854166666666664
32e01181-9a5f-4936-8a77-0dace1de836c,1,10,42.29166666666667
32e01181-9a5f-4936-8a77-0dace1de836c,1,11,40.0
32e01181-9a5f-4936-8a77-0dace1de836c,1,12,24.375
32e01181-9a5f-4936-8a77-0dace1de836c,1,13,14.479166666666668
32e01181-9a5f-4936-8a77-0dace1de836c,1,14,9.895833333333332
32e01181-9a5f-4936-8a77-0dace1de836c,1,15,8.229166666666666
32e01181-9a5f-4936-8a77-0dace1de836c,1,16,6.458333333333333
32e01181-9a5f-4936-8a77-0dace1de836c,1,17,6.666666666666667
32e01181-9a5f-4936-8a77-0dace1de836c,1,18,10.0
32e01181-9a5f-4936-8a77-0dace1de836c,2,8,13.068181818181818
32e01181-9a5f-4936-8a77-0dace1de836c,2,9,26.25
32e01181-9a5f-4936-8a77-0dace1de836c,2,10,36.25
32e01181-9a5f-4936-8a77-0dace1de836c,2,11,28.125000000000004
32e01181-9a5f-4936-8a77-0dace1de836c,2,12,14.270833333333332
32e01181-9a5f-4936-8a77-0dace1de836c,2,13,8.125
32e01181-9a5f-4936-8a77-0dace1de836c,2,14,7.8125
32e01181-9a5f-4936-8a77-0dace1de836c,2,15,9.479166666666668
32e01181-9a5f-4936-8a77-0dace1de836c,2,16,8.020833333333332
32e01181-9a5f-4936-8a77-0dace1de836c,2,17,8.333333333333334
32e01181-9a5f-4936-8a77-0dace1de836c,2,18,10.0
32e01181-9a5f-4936-8a77-0dace1de836c,3,8,20.34090909090909
32e01181-9a5f-4936-8a77-0dace1de836c,3,9,30.833333333333336
32e01181-9a5f-4936-8a77-0dace1de836c,3,10,40.72916666666667
32e01181-9a5f-4936-8a77-0dace1de836c,3,11,41.875
32e01181-9a5f-4936-8a77-0dace1de836c,3,12,30.520833333333336
32e01181-9a5f-4936-8a77-0dace1de836c,3,13,14.6875
32e01181-9a5f-4936-8a77-0dace1de836c,3,14,8.4375
32e01181-9a5f-4936-8a77-0dace1de836c,3,15,5.729166666666667
32e01181-9a5f-4936-8a77-0dace1de836c,3,16,5.104166666666667
32e01181-9a5f-4936-8a77-0dace1de836c,3,17,8.229166666666668
32e01181-9a5f-4936-8a77-0dace1de836c,3,18,5.0
32e01181-9a5f-4936-8a77-0dace1de836c,4,8,27.613636363636363
32e01181-9a5f-4936-8a77-0dace1de836c,4,9,43.33333333333333
32e01181-9a5f-4936-8a77-0dace1de836c,4,10,48.64583333333333
32e01181-9a5f-4936-8a77-0dace1de836c,4,11,52.91666666666667
32e01181-9a5f-4936-8a77-0dace1de836c,4,12,55.208333333333336
32e01181-9a5f-4936-8a77-0dace1de836c,4,13,28.75
32e01181-9a5f-4936-8a77-0dace1de836c,4,14,22.1875
32e01181-9a5f-4936-8a77-0dace1de836c,4,15,14.375
32e01181-9a5f-4936-8a77-0dace1de836c,4,16,9.479166666666668
32e01181-9a5f-4936-8a77-0dace1de836c,4,17,9.0625
32e01181-9a5f-4936-8a77-0dace1de836c,4,18,5.0
32e01181-9a5f-4936-8a77-0dace1de836c,5,8,29.555555555555557
32e01181-9a5f-4936-8a77-0dace1de836c,5,9,46.5625
32e01181-9a5f-4936-8a77-0dace1de836c,5,10,57.08333333333333
32e01181-9a5f-4936-8a77-0dace1de836c,5,11,58.54166666666667
32e01181-9a5f-4936-8a77-0dace1de836c,5,12,43.645833333333336
32e01181-9a5f-4936-8a77-0dace1de836c,5,13,35.9375
32e01181-9a5f-4936-8a77-0dace1de836c,5,14,22.5
32e01181-9a5f-4936-8a77-0dace1de836c,5,15,16.25
32e01181-9a5f-4936-8a77-0dace1de836c,5,16,12.1875
32e01181-9a5f-4936-8a77-0dace1de836c,5,17,12.8125
32e01181-9a5f-4936-8a77-0dace1de836c,5,18,10.0
32e01181-9a5f-4936-8a77-0dace1de836c,6,8,32.72727272727273
32e01181-9a5f-4936-8a77-0dace1de836c,6,9,49.37499999999999
32e01181-9a5f-4936-8a77-0dace1de836c,6,10,58.22916666666667
32e01181-9a5f-4936-8a77-0dace1de836c,6,11,46.97916666666667
32e01181-9a5f-4936-8a77-0dace1de836c,6,12,44.375
32e01181-9a5f-4936-8a77-0dace1de836c,6,13,41.458333333333336
32e01181-9a5f-4936-8a77-0dace1de836c,6,14,29.479166666666668
32e01181-9a5f-4936-8a77-0dace1de836c,6,15,15.416666666666666
32e01181-9a5f-4936-8a77-0dace1de836c,6,16,10.416666666666666
32e01181-9a5f-4936-8a77-0dace1de836c,6,17,10.104166666666666
32e01181-9a5f-4936-8a77-0dace1de836c,6,18,7.0
34c4916b-989b-4ff1-a7e3-a6a846a3484f,0,9,20.3125
34c4916b-989b-4ff1-a7e3-a6a846a3484f,0,10,28.229166666666668
34c4916b-989b-4ff1-a7e3-a6a846a3484f,0,11,29.6875
34c4916b-989b-4ff1-a7e3-a6a846a3484f,0,12,26.041666666666668
34c4916b-989b-4ff1-a7e3-a6a846a3484f,0,13,26.875
34c4916b-989b-4ff1-a7e3-a6a846a3484f,0,14,24.270833333333332
34c4916b-989b-4ff1-a7e3-a6a846a3484f,0,15,20.9375
34c4916b-989b-4ff1-a7e3-a6a846a3484f,0,16,14.6875
34c4916b-989b-4ff1-a7e3-a6a846a3484f,0,17,13.125
34c4916b-989b-4ff1-a7e3-a6a846a3484f,0,18,11.770833333333334
34c4916b-989b-4ff1-a7e3-a6a846a3484f,0,19,11.354166666666668
34c4916b-989b-4ff1-a7e3-a6a846a3484f,0,20,10.520833333333332
34c4916b-989b-4ff1-a7e3-a6a846a3484f,1,9,19.6875
34c4916b-989b-4ff1-a7e3-a6a846a3484f,1,10,33.22916666666667
34c4916b-989b-4ff1-a7e3-a6a846a3484f,1,11,36.041666666666664
34c4916b-989b-4ff1-a7e3-a6a846a3484f,1,12,37.8125
34c4916b-989b-4ff1-a7e3-a6a846a3484f,1,13,32.083333333333336
34c4916b-989b-4ff1-a7e3-a6a846a3484f,1,14,28.958333333333332
34c4916b-989b-4ff1-a7e3-a6a846a3484f,1,15,22.8125
34c4916b-989b-4ff1-a7e3-a6a846a3484f,1,16,22.604166666666668
34c4916b-989b-4ff1-a7e3-a6a846a3484f,1,17,14.0625
34c4916b-989b-4ff1-a7e3-a6a846a3484f,1,18,12.875
34c4916b-989b-4ff1-a7e3-a6a846a3484f,1,19,12.604166666666666
34c4916b-989b-4ff1-a7e3-a6a846a3484f,1,20,11.25
34c4916b-989b-4ff1-a7e3-a6a846a3484f,1,21,10.0
34c4916b-989b-4ff1-a7e3-a6a846a3484f,2,9,21.458333333333332
34c4916b-989b-4ff1-a7e3-a6a846a3484f,2,10,25.416666666666668
34c4916b-989b-4ff1-a7e3-a6a846a3484f,2,11,30.104166666666668
34c4916b-989b-4ff1-a7e3-a6a846a3484f,2,12,31.25
34c4916b-989b-4ff1-a7e3-a6a846a3484f,2,13,23.4375
34c4916b-989b-4ff1-a7e3-a6a846a3484f,2,14,21.950757575757574
34c4916b-989b-4ff1-a7e3-a6a846a3484f,2,15,18.333333333333332
34c4916b-989b-4ff1-a7e3-a6a846a3484f,2,16,16.354166666666668
34c4916b-989b-4ff1-a7e3-a6a846a3484f,2,17,14.375
34c4916b-989b-4ff1-a7e3-a6a846a3484f,2,18,14.0625
34c4916b-989b-4ff1-a7e3-a6a846a3484f,2,19,15.3125
34c4916b-989b-4ff1-a7e3-a6a846a3484f,2,20,11.875
34c4916b-989b-4ff1-a7e3-a6a846a3484f,3,9,16.145833333333336
34c4916b-989b-4ff1-a7e3-a6a846a3484f,3,10,25.520833333333336
34c4916b-989b-4ff1-a7e3-a6a846a3484f,3,11,30.729166666666664
34c4916b-989b-4ff1-a7e3-a6a846a3484f,3,12,29.895833333333336
34c4916b-989b-4ff1-a7e3-a6a846a3484f,3,13,25.833333333333332
34c4916b-989b-4ff1-a7e3-a6a846a3484f,3,14,21.5625
34c4916b-989b-4ff1-a7e3-a6a846a3484f,3,15,18.125
34c4916b-989b-4ff1-a7e3-a6a846a3484f,3,16,15.9375
34c4916b-989b-4ff1-a7e3-a6a846a3484f,3,17,13.75
34c4916b-989b-4ff1-a7e3-a6a846a3484f,3,18,13.229166666666666
34c4916b-989b-4ff1-a7e3-a6a846a3484f,3,19,12.916666666666668
34c4916b-989b-4ff1-a7e3-a6a846a3484f,3,20,9.375
34c4916b-989b-4ff1-a7e3-a6a846a3484f,4,8,15.0
34c4916b-989b-4ff1-a7e3-a6a846a3484f,4,9,21.145833333333336
34c4916b-989b-4ff1-a7e3-a6a846a3484f,4,10,34.583333333333336
34c4916b-989b-4ff1-a7e3-a6a846a3484f,4,11,37.1875
34c4916b-989b-4ff1-a7e3-a6a846a3484f,4,12,45.3125
34c4916b-989b-4ff1-a7e3-a6a846a3484f,4,13,41.04166666666667
34c4916b-989b-4ff1-a7e3-a6a846a3484f,4,14,37.8125
34c4916b-989b-4ff1-a7e3-a6a846a3484f,4,15,38.125
34c4916b-989b-4ff1-a7e3-a6a846a3484f,4,16,23.958333333333332
34c4916b-989b-4ff1-a7e3-a6a846a3484f,4,17,25.729166666666668
34c4916b-989b-4ff1-a7e3-a6a846a3484f,4,18,26.25
34c4916b-989b-4ff1-a7e3-a6a846a3484f,4,19,29.166666666666664
34c4916b-989b-4ff1-a7e3-a6a846a3484f,4,20,19.0625
34c4916b-989b-4ff1-a7e3-a6a846a3484f,4,21,16.25
34c4916b-989b-4ff1-a7e3-a6a846a3484f,5,8,15.0
34c4916b-989b-4ff1-a7e3-a6a846a3484f,5,9,21.5625
34c4916b-989b-4ff1-a7e3-a6a846a3484f,5,10,37.8125
34c4916b-989b-4ff1-a7e3-a6a846a3484f,5,11,39.270833333333336
34c4916b-989b-4ff1-a7e3-a6a846a3484f,5,12,48.75
34c4916b-989b-4ff1-a7e3-a6a846a3484f,5,13,39.375
34c4916b-989b-4ff1-a7e3-a6a846a3484f,5,14,35.520833333333336
34c4916b-989b-4ff1-a7e3-a6a846a3484f,5,15,32.5
34c4916b-989b-4ff1-a7e3-a6a846a3484f,5,16,26.354166666666668
34c4916b-989b-4ff1-a7e3-a6a846a3484f,5,17,23.75
34c4916b-989b-4ff1-a7e3-a6a846a3484f,5,18,21.875
34c4916b-989b-4ff1-a7e3-a6a846a3484f,5,19,18.020833333333336
34c4916b-989b-4ff1-a7e3-a6a846a3484f,5,20,16.5625
34c4916b-989b-4ff1-a7e3-a6a846a3484f,5,21,14.166666666666666
34c4916b-989b-4ff1-a7e3-a6a846a3484f,6,9,18.020833333333332
34c4916b-989b-4ff1-a7e3-a6a846a3484f,6,10,34.270833333333336
34c4916b-989b-4ff1-a7e3-a6a846a3484f,6,11,36.97916666666667
34c4916b-989b-4ff1-a7e3-a6a846a3484f,6,12,35.416666666666664
34c4916b-989b-4ff1-a7e3-a6a846a3484f,6,13,36.35416666666667
34c4916b-989b-4ff1-a7e3-a6a846a3484f,6,14,33.541666666666664
34c4916b-989b-4ff1-a7e3-a6a846a3484f,6,15,27.8125
34c4916b-989b-4ff1-a7e3-a6a846a3484f,6,16,24.166666666666668
34c4916b-989b-4ff1-a7e3-a6a846a3484f,6,17,20.104166666666664
34c4916b-989b-4ff1-a7e3-a6a846a3484f,6,18,17.916666666666664
34c4916b-989b-4ff1-a7e3-a6a846a3484f,6,19,15.208333333333334
34c4916b-989b-4ff1-a7e3-a6a846a3484f,6,20,11.458333333333332
34c4916b-989b-4ff1-a7e3-a6a846a3484f,6,21,10.833333333333332
352feb94-e52e-45eb-9c92-e4b44c6b1a9d,0,9,5.25
352feb94-e52e-45eb-9c92-e4b44c6b1a9d,0,10,10.625
352feb94-e52e-45eb-9c92-e4b44c6b1a9d,0,11,19.583333333333336
352feb94-e52e-45eb-9c92-e4b44c6b1a9d,0,12,21.458333333333332
352feb94-e52e-45eb-9c92-e4b44c6b1a9d,0,13,18.75
352feb94-e52e-45eb-9c92-e4b44c6b1a9d,0,14,12.5
352feb94-e52e-45eb-9c92-e4b44c6b1a9d,0,15,18.541666666666668
352feb94-e52e-45eb-9c92-e4b44c6b1a9d,0,16,15.868055555555557
352feb94-e52e-45eb-9c92-e4b44c6b1a9d,0,17,15.625
352feb94-e52e-45eb-9c92-e4b44c6b1a9d,0,18,13.958333333333332
352feb94-e52e-45eb-9c92-e4b44c6b1a9d,0,19,13.020833333333332
352feb94-e52e-45eb-9c92-e4b44c6b1a9d,0,20,7.395833333333334
352feb94-e52e-45eb-9c92-e4b44c6b1a9d,0,21,5.208333333333333
352feb94-e52e-45eb-9c92-e4b44c6b1a9d,0,22,5.0
352feb94-e52e-45eb-9c92-e4b44c6b1a9d,1,9,5.0
352feb94-e52e-45eb-9c92-e4b44c6b1a9d,1,10,7.1875
352feb94-e52e-45eb-9c92-e4b44c6b1a9d,1,11,16.666666666666668
352feb94-e52e-45eb-9c92-e4b44c6b1a9d,1,12,16.354166666666664
352feb94-e52e-45eb-9c92-e4b44c6b1a9d,1,13,10.833333333333334
352feb94-e52e-45eb-9c92-e4b44c6b1a9d,1,14,8.125
352feb94-e52e-45eb-9c92-e4b44c6b1a9d,1,15,5.3125
352feb94-e52e-45eb-9c92-e4b44c6b1a9d,1,16,7.395833333333333
352feb94-e52e-45eb-9c92-e4b44c6b1a9d,1,17,9.375
352feb94-e52e-45eb-9c92-e4b44c6b1a9d,2,9,5.303030303030304
352feb94-e52e-45eb-9c92-e4b44c6b1a9d,2,10,14.895833333333334
352feb94-e52e-45eb-9c92-e4b44c6b1a9d,2,11,24.375
352feb94-e52e-45eb-9c92-e4b44c6b1a9d,2,12,26.354166666666668
352feb94-e52e-45eb-9c92-e4b44c6b1a9d,2,13,24.166666666666664
352feb94-e52e-45eb-9c92-e4b44c6b1a9d,2,14,18.645833333333332
352feb94-e52e-45eb-9c92-e4b44c6b1a9d,2,15,25.416666666666668
352feb94-e52e-45eb-9c92-e4b44c6b1a9d,2,16,19.270833333333332
352feb94-e52e-45eb-9c92-e4b44c6b1a9d,2,17,14.375
352feb94-e52e-45eb-9c92-e4b44c6b1a9d,2,18,16.5625
352feb94-e52e-45eb-9c92-e4b44c6b1a9d,2,19,15.520833333333334
352feb94-e52e-45eb-9c92-e4b44c6b1a9d,2,20,10.179924242424242
352feb94-e52e-45eb-9c92-e4b44c6b1a9d,2,21,5.520833333333333
352feb94-e52e-45eb-9c92-e4b44c6b1a9d,2,22,5.0
352feb94-e52e-45eb-9c92-e4b44c6b1a9d,3,9,4.886363636363637
352feb94-e52e-45eb-9c92-e4b44c6b1a9d,3,10,12.8125
352feb94-e52e-45eb-9c92-e4b44c6b1a9d,3,11,22.708333333333332
352feb94-e52e-45eb-9c92-e4b44c6b1a9d,3,12,21.770833333333332
352feb94-e52e-45eb-9c92-e4b44c6b1a9d,3,13,20.0
352feb94-e52e-45eb-9c92-e4b44c6b1a9d,3,14,12.239583333333332
352feb94-e52e-45eb-9c92-e4b44c6b1a9d,3,15,17.36111111111111
352feb94-e52e-45eb-9c92-e4b44c6b1a9d,3,16,14.166666666666668
352feb94-e52e-45eb-9c92-e4b44c6b1a9d,3,17,16.354166666666664
352feb94-e52e-45eb-9c92-e4b44c6b1a9d,3,18,14.027777777777779
352feb94-e52e-45eb-9c92-e4b44c6b1a9d,3,19,11.666666666666666
352feb94-e52e-45eb-9c92-e4b44c6b1a9d,3,20,8.472222222222221
352feb94-e52e-45eb-9c92-e4b44c6b1a9d,3,21,5.0
352feb94-e52e-45eb-9c92-e4b44c6b1a9d,3,22,5.0
352feb94-e52e-45eb-9c92-e4b44c6b1a9d,4,8,5.0
352feb94-e52e-45eb-9c92-e4b44c6b1a9d,4,9,4.861111111111111
352feb94-e52e-45eb-9c92-e4b44c6b1a9d,4,10,9.305555555555555
352feb94-e52e-45eb-9c92-e4b44c6b1a9d,4,11,19.166666666666668
352feb94-e52e-45eb-9c92-e4b44c6b1a9d,4,12,20.729166666666668
352feb94-e52e-45eb-9c92-e4b44c6b1a9d,4,13,18.229166666666668
352feb94-e52e-45eb-9c92-e4b44c6b1a9d,4,14,11.666666666666666
352feb94-e52e-45eb-9c92-e4b44c6b1a9d,4,15,11.770833333333332
352feb94-e52e-45eb-9c92-e4b44c6b1a9d,4,16,11.458333333333332
352feb94-e52e-45eb-9c92-e4b44c6b1a9d,4,17,14.270833333333334
352feb94-e52e-45eb-9c92-e4b44c6b1a9d,5,8,5.0
352feb94-e52e-45eb-9c92-e4b44c6b1a9d,5,9,5.0
352feb94-e52e-45eb-9c92-e4b44c6b1a9d,5,10,10.729166666666666
352feb94-e52e-45eb-9c92-e4b44c6b1a9d,5,11,23.333333333333336
352feb94-e52e-45eb-9c92-e4b44c6b1a9d,5,12,28.541666666666668
352feb94-e52e-45eb-9c92-e4b44c6b1a9d,5,13,27.5
352feb94-e52e-45eb-9c92-e4b44c6b1a9d,5,14,21.770833333333336
352feb94-e52e-45eb-9c92-e4b44c6b1a9d,5,15,25.104166666666668
352feb94-e52e-45eb-9c92-e4b44c6b1a9d,5,16,26.041666666666664
352feb94-e52e-45eb-9c92-e4b44c6b1a9d,5,17,23.333333333333332
352feb94-e52e-45eb-9c92-e4b44c6b1a9d,5,18,23.125
352feb94-e52e-45eb-9c92-e4b44c6b1a9d,5,19,18.75
352feb94-e52e-45eb-9c92-e4b44c6b1a9d,5,20,15.208333333333332
352feb94-e52e-45eb-9c92-e4b44c6b1a9d,5,21,6.145833333333333
352feb94-e52e-45eb-9c92-e4b44c6b1a9d,5,22,5.0
352feb94-e52e-45eb-9c92-e4b44c6b1a9d,6,8,5.0
352feb94-e52e-45eb-9c92-e4b44c6b1a9d,6,9,6.076388888888889
352feb94-e52e-45eb-9c92-e4b44c6b1a9d,6,10,10.104166666666668
352feb94-e52e-45eb-9c92-e4b44c6b1a9d,6,11,18.020833333333332
352feb94-e52e-45eb-9c92-e4b44c6b1a9d,6,12,19.166666666666664
352feb94-e52e-45eb-9c92-e4b44c6b1a9d,6,13,16.041666666666664
352feb94-e52e-45eb-9c92-e4b44c6b1a9d,6,14,15.520833333333334
352feb94-e52e-45eb-9c92-e4b44c6b1a9d,6,15,12.916666666666666
352feb94-e52e-45eb-9c92-e4b44c6b1a9d,6,16,11.145833333333334
352feb94-e52e-45eb-9c92-e4b44c6b1a9d,6,17,17.604166666666664
352feb94-e52e-45eb-9c92-e4b44c6b1a9d,6,18,25.416666666666668
352feb94-e52e-45eb-9c92-e4b44c6b1a9d,6,19,21.666666666666668
352feb94-e52e-45eb-9c92-e4b44c6b1a9d,6,20,19.166666666666668
352feb94-e52e-45eb-9c92-e4b44c6b1a9d,6,21,6.25
370ba4d1-f199-4dc2-be6d-6bb09b442891,0,9,9.166666666666666
370ba4d1-f199-4dc2-be6d-6bb09b442891,0,10,31.666666666666668
370ba4d1-f199-4dc2-be6d-6bb09b442891,0,11,59.583333333333336
370ba4d1-f199-4dc2-be6d-6bb09b442891,0,12,37.083333333333336
370ba4d1-f199-4dc2-be6d-6bb09b442891,0,13,35.0
370ba4d1-f199-4dc2-be6d-6bb09b442891,0,14,35.0
370ba4d1-f199-4dc2-be6d-6bb09b442891,0,15,24.583333333333332
370ba4d1-f199-4dc2-be6d-6bb09b442891,0,16,20.833333333333332
370ba4d1-f199-4dc2-be6d-6bb09b442891,0,17,5.0
370ba4d1-f199-4dc2-be6d-6bb09b442891,0,18,5.0
370ba4d1-f199-4dc2-be6d-6bb09b442891,0,19,5.0
370ba4d1-f199-4dc2-be6d-6bb09b442891,1,9,10.0
370ba4d1-f199-4dc2-be6d-6bb09b442891,1,10,10.0
370ba4d1-f199-4dc2-be6d-6bb09b442891,1,11,10.0
370ba4d1-f199-4dc2-be6d-6bb09b442891,1,12,20.0
370ba4d1-f199-4dc2-be6d-6bb09b442891,1,13,20.0
370ba4d1-f199-4dc2-be6d-6bb09b442891,1,14,16.666666666666668
370ba4d1-f199-4dc2-be6d-6bb09b442891,1,15,10.0
370ba4d1-f199-4dc2-be6d-6bb09b442891,1,16,6.25
370ba4d1-f199-4dc2-be6d-6bb09b442891,1,17,5.0
370ba4d1-f199-4dc2-be6d-6bb09b442891,1,18,5.0
370ba4d1-f199-4dc2-be6d-6bb09b442891,2,9,5.0
370ba4d1-f199-4dc2-be6d-6bb09b442891,2,10,5.0
370ba4d1-f199-4dc2-be6d-6bb09b442891,2,11,5.0
370ba4d1-f199-4dc2-be6d-6bb09b442891,2,12,5.0
370ba4d1-f199-4dc2-be6d-6bb09b442891,2,13,5.0
370ba4d1-f199-4dc2-be6d-6bb09b442891,2,14,7.083333333333333
370ba4d1-f199-4dc2-be6d-6bb09b442891,2,15,5.0
370ba4d1-f199-4dc2-be6d-6bb09b442891,2,16,5.0
370ba4d1-f199-4dc2-be6d-6bb09b442891,2,17,5.0
370ba4d1-f199-4dc2-be6d-6bb09b442891,3,9,5.0
370ba4d1-f199-4dc2-be6d-6bb09b442891,3,10,18.75
370ba4d1-f199-4dc2-be6d-6bb09b442891,3,15,23.0
370ba4d1-f199-4dc2-be6d-6bb09b442891,3,16,55.833333333333336
370ba4d1-f199-4dc2-be6d-6bb09b442891,3,17,47.5
370ba4d1-f199-4dc2-be6d-6bb09b442891,3,18,28.75
370ba4d1-f199-4dc2-be6d-6bb09b442891,3,19,15.0
370ba4d1-f199-4dc2-be6d-6bb09b442891,4,9,6.25
370ba4d1-f199-4dc2-be6d-6bb09b442891,4,10,7.5
370ba4d1-f199-4dc2-be6d-6bb09b442891,4,11,23.333333333333332
370ba4d1-f199-4dc2-be6d-6bb09b442891,4,12,36.63690476190476
370ba4d1-f199-4dc2-be6d-6bb09b442891,4,13,32.27272727272727
370ba4d1-f199-4dc2-be6d-6bb09b442891,4,14,31.208333333333332
370ba4d1-f199-4dc2-be6d-6bb09b442891,4,15,29.791666666666668
370ba4d1-f199-4dc2-be6d-6bb09b442891,4,16,24.166666666666668
370ba4d1-f199-4dc2-be6d-6bb09b442891,4,17,32.5
370ba4d1-f199-4dc2-be6d-6bb09b442891,4,18,42.708333333333336
370ba4d1-f199-4dc2-be6d-6bb09b442891,4,19,21.875
370ba4d1-f199-4dc2-be6d-6bb09b442891,5,9,12.083333333333334
370ba4d1-f199-4dc2-be6d-6bb09b442891,5,10,38.333333333333336
370ba4d1-f199-4dc2-be6d-6bb09b442891,5,11,41.666666666666664
370ba4d1-f199-4dc2-be6d-6bb09b442891,5,12,40.90909090909091
370ba4d1-f199-4dc2-be6d-6bb09b442891,5,13,45.833333333333336
370ba4d1-f199-4dc2-be6d-6bb09b442891,5,14,59.166666666666664
370ba4d1-f199-4dc2-be6d-6bb09b442891,5,15,45.0
370ba4d1-f199-4dc2-be6d-6bb09b442891,5,16,45.0
370ba4d1-f199-4dc2-be6d-6bb09b442891,5,17,48.333333333333336
370ba4d1-f199-4dc2-be6d-6bb09b442891,5,18,60.0
370ba4d1-f199-4dc2-be6d-6bb09b442891,5,19,39.54545454545455
370ba4d1-f199-4dc2-be6d-6bb09b442891,6,9,5.0
370ba4d1-f199-4dc2-be6d-6bb09b442891,6,10,14.583333333333334
370ba4d1-f199-4dc2-be6d-6bb09b442891,6,11,44.166666666666664
370ba4d1-f199-4dc2-be6d-6bb09b442891,6,12,59.166666666666664
370ba4d1-f199-4dc2-be6d-6bb09b442891,6,13,41.111111111111114
370ba4d1-f199-4dc2-be6d-6bb09b442891,6,14,51.666666666666664
370ba4d1-f199-4dc2-be6d-6bb09b442891,6,15,45.833333333333336
370ba4d1-f199-4dc2-be6d-6bb09b442891,6,16,24.166666666666668
370ba4d1-f199-4dc2-be6d-6bb09b442891,6,17,43.75
370ba4d1-f199-4dc2-be6d-6bb09b442891,6,18,40.0
370ba4d1-f199-4dc2-be6d-6bb09b442891,6,19,25.0
37989fb7-5576-4247-bd6e-e981bc70cca2,0,11,5.0
37989fb7-5576-4247-bd6e-e981bc70cca2,0,12,9.166666666666666
37989fb7-5576-4247-bd6e-e981bc70cca2,0,13,15.416666666666666
37989fb7-5576-4247-bd6e-e981bc70cca2,0,14,12.664141414141413
37989fb7-5576-4247-bd6e-e981bc70cca2,0,15,17.916666666666664
37989fb7-5576-4247-bd6e-e981bc70cca2,0,16,10.833333333333334
37989fb7-5576-4247-bd6e-e981bc70cca2,0,17,14.285714285714286
37989fb7-5576-4247-bd6e-e981bc70cca2,1,10,5.0
37989fb7-5576-4247-bd6e-e981bc70cca2,1,11,5.625
37989fb7-5576-4247-bd6e-e981bc70cca2,1,12,14.0625
37989fb7-5576-4247-bd6e-e981bc70cca2,1,13,15.0
37989fb7-5576-4247-bd6e-e981bc70cca2,1,14,11.041666666666666
37989fb7-5576-4247-bd6e-e981bc70cca2,1,15,13.541666666666666
37989fb7-5576-4247-bd6e-e981bc70cca2,1,16,17.083333333333332
37989fb7-5576-4247-bd6e-e981bc70cca2,1,17,19.6875
37989fb7-5576-4247-bd6e-e981bc70cca2,1,18,8.88888888888889
37989fb7-5576-4247-bd6e-e981bc70cca2,2,10,5.0
37989fb7-5576-4247-bd6e-e981bc70cca2,2,11,6.388888888888889
37989fb7-5576-4247-bd6e-e981bc70cca2,2,12,5.416666666666667
37989fb7-5576-4247-bd6e-e981bc70cca2,2,13,5.0
37989fb7-5576-4247-bd6e-e981bc70cca2,2,14,5.694444444444444
37989fb7-5576-4247-bd6e-e981bc70cca2,2,15,5.277777777777778
37989fb7-5576-4247-bd6e-e981bc70cca2,2,16,5.0
37989fb7-5576-4247-bd6e-e981bc70cca2,3,10,5.0
37989fb7-5576-4247-bd6e-e981bc70cca2,3,11,6.388888888888888
37989fb7-5576-4247-bd6e-e981bc70cca2,3,12,13.861111111111109
37989fb7-5576-4247-bd6e-e981bc70cca2,3,13,13.946969696969697
37989fb7-5576-4247-bd6e-e981bc70cca2,3,14,12.526455026455027
37989fb7-5576-4247-bd6e-e981bc70cca2,3,15,14.479166666666668
37989fb7-5576-4247-bd6e-e981bc70cca2,3,16,7.760416666666667
37989fb7-5576-4247-bd6e-e981bc70cca2,4,10,5.0
37989fb7-5576-4247-bd6e-e981bc70cca2,4,11,6.458333333333334
37989fb7-5576-4247-bd6e-e981bc70cca2,4,12,13.4375
37989fb7-5576-4247-bd6e-e981bc70cca2,4,13,10.416666666666666
37989fb7-5576-4247-bd6e-e981bc70cca2,4,14,11.111111111111109
37989fb7-5576-4247-bd6e-e981bc70cca2,4,15,15.37797619047619
37989fb7-5576-4247-bd6e-e981bc70cca2,4,16,11.25
37989fb7-5576-4247-bd6e-e981bc70cca2,5,9,5.0
37989fb7-5576-4247-bd6e-e981bc70cca2,5,10,5.0
37989fb7-5576-4247-bd6e-e981bc70cca2,5,11,11.041666666666668
37989fb7-5576-4247-bd6e-e981bc70cca2,5,12,18.88392857142857
37989fb7-5576-4247-bd6e-e981bc70cca2,5,13,22.708333333333332
37989fb7-5576-4247-bd6e-e981bc70cca2,5,14,21.11111111111111
37989fb7-5576-4247-bd6e-e981bc70cca2,5,15,14.776785714285715
37989fb7-5576-4247-bd6e-e981bc70cca2,5,16,9.537037037037036
37989fb7-5576-4247-bd6e-e981bc70cca2,6,9,5.454545454545454
37989fb7-5576-4247-bd6e-e981bc70cca2,6,10,5.0
37989fb7-5576-4247-bd6e-e981bc70cca2,6,11,11.25
37989fb7-5576-4247-bd6e-e981bc70cca2,6,12,15.833333333333332
37989fb7-5576-4247-bd6e-e981bc70cca2,6,13,16.38888888888889
37989fb7-5576-4247-bd6e-e981bc70cca2,6,14,14.976851851851853
37989fb7-5576-4247-bd6e-e981bc70cca2,6,15,16.25
37989fb7-5576-4247-bd6e-e981bc70cca2,6,16,13.611111111111109
37ae57c5-feaf-4e47-8f27-4b385be200f0,0,9,70.61607142857143
37ae57c5-feaf-4e47-8f27-4b385be200f0,0,10,76.25
37ae57c5-feaf-4e47-8f27-4b385be200f0,0,11,62.5
37ae57c5-feaf-4e47-8f27-4b385be200f0,0,12,75.83333333333334
37ae57c5-feaf-4e47-8f27-4b385be200f0,0,13,90.0
37ae57c5-feaf-4e47-8f27-4b385be200f0,0,14,88.98148148148148
37ae57c5-feaf-4e47-8f27-4b385be200f0,0,15,61.38888888888889
37ae57c5-feaf-4e47-8f27-4b385be200f0,0,16,69.375
37ae57c5-feaf-4e47-8f27-4b385be200f0,0,17,54.12698412698413
37ae57c5-feaf-4e47-8f27-4b385be200f0,0,18,70.0
37ae57c5-feaf-4e47-8f27-4b385be200f0,0,19,71.25
37ae57c5-feaf-4e47-8f27-4b385be200f0,0,20,69.16666666666666
37ae57c5-feaf-4e47-8f27-4b385be200f0,1,9,50.458333333333336
37ae57c5-feaf-4e47-8f27-4b385be200f0,1,10,57.0625
37ae57c5-feaf-4e47-8f27-4b385be200f0,1,11,64.16666666666666
37ae57c5-feaf-4e47-8f27-4b385be200f0,1,12,57.8125
37ae57c5-feaf-4e47-8f27-4b385be200f0,1,13,84.60227272727273
37ae57c5-feaf-4e47-8f27-4b385be200f0,1,14,90.0
37ae57c5-feaf-4e47-8f27-4b385be200f0,1,15,63.5
37ae57c5-feaf-4e47-8f27-4b385be200f0,1,16,60.416666666666664
37ae57c5-feaf-4e47-8f27-4b385be200f0,1,17,65.06944444444444
37ae57c5-feaf-4e47-8f27-4b385be200f0,1,18,85.0
37ae57c5-feaf-4e47-8f27-4b385be200f0,1,20,51.875
37ae57c5-feaf-4e47-8f27-4b385be200f0,2,9,45.104166666666664
37ae57c5-feaf-4e47-8f27-4b385be200f0,2,10,51.35416666666667
37ae57c5-feaf-4e47-8f27-4b385be200f0,2,11,66.04166666666667
37ae57c5-feaf-4e47-8f27-4b385be200f0,2,12,61.5625
37ae57c5-feaf-4e47-8f27-4b385be200f0,2,13,51.8125
37ae57c5-feaf-4e47-8f27-4b385be200f0,2,14,64.81060606060606
37ae57c5-feaf-4e47-8f27-4b385be200f0,2,17,57.638888888888886
37ae57c5-feaf-4e47-8f27-4b385be200f0,2,18,51.145833333333336
37ae57c5-feaf-4e47-8f27-4b385be200f0,2,19,49.48863636363637
37ae57c5-feaf-4e47-8f27-4b385be200f0,2,20,47.25757575757576
37ae57c5-feaf-4e47-8f27-4b385be200f0,3,9,50.38920454545455
37ae57c5-feaf-4e47-8f27-4b385be200f0,3,10,51.259469696969695
37ae57c5-feaf-4e47-8f27-4b385be200f0,3,11,67.1875
37ae57c5-feaf-4e47-8f27-4b385be200f0,3,12,56.83080808080808
37ae57c5-feaf-4e47-8f27-4b385be200f0,3,13,81.875
37ae57c5-feaf-4e47-8f27-4b385be200f0,3,14,62.33333333333333
37ae57c5-feaf-4e47-8f27-4b385be200f0,3,15,54.82142857142857
37ae57c5-feaf-4e47-8f27-4b385be200f0,3,16,65.02777777777779
37ae57c5-feaf-4e47-8f27-4b385be200f0,3,17,53.9484126984127
37ae57c5-feaf-4e47-8f27-4b385be200f0,3,18,58.888888888888886
37ae57c5-feaf-4e47-8f27-4b385be200f0,3,19,55.97222222222222
37ae57c5-feaf-4e47-8f27-4b385be200f0,3,20,57.66666666666667
37ae57c5-feaf-4e47-8f27-4b385be200f0,4,9,51.875
37ae57c5-feaf-4e47-8f27-4b385be200f0,4,10,58.33333333333333
37ae57c5-feaf-4e47-8f27-4b385be200f0,4,11,72.4621212121212
37ae57c5-feaf-4e47-8f27-4b385be200f0,4,12,65.72916666666667
37ae57c5-feaf-4e47-8f27-4b385be200f0,4,13,71.45833333333333
37ae57c5-feaf-4e47-8f27-4b385be200f0,4,14,68.02083333333333
37ae57c5-feaf-4e47-8f27-4b385be200f0,4,15,72.75252525252525
37ae57c5-feaf-4e47-8f27-4b385be200f0,4,16,83.95833333333334
37ae57c5-feaf-4e47-8f27-4b385be200f0,4,17,59.166666666666664
37ae57c5-feaf-4e47-8f27-4b385be200f0,4,18,78.75
37ae57c5-feaf-4e47-8f27-4b385be200f0,4,19,82.5
37ae57c5-feaf-4e47-8f27-4b385be200f0,4,20,65.18127705627705
37ae57c5-feaf-4e47-8f27-4b385be200f0,5,9,56.75
37ae57c5-feaf-4e47-8f27-4b385be200f0,5,10,59.166666666666664
37ae57c5-feaf-4e47-8f27-4b385be200f0,5,11,72.5
37ae57c5-feaf-4e47-8f27-4b385be200f0,5,12,82.08333333333333
37ae57c5-feaf-4e47-8f27-4b385be200f0,5,13,82.08333333333333
37ae57c5-feaf-4e47-8f27-4b385be200f0,5,14,59.88095238095238
37ae57c5-feaf-4e47-8f27-4b385be200f0,5,15,80.0
37ae57c5-feaf-4e47-8f27-4b385be200f0,5,17,100.0
37ae57c5-feaf-4e47-8f27-4b385be200f0,5,18,88.75
37ae57c5-feaf-4e47-8f27-4b385be200f0,5,19,78.75
37ae57c5-feaf-4e47-8f27-4b385be200f0,5,20,80.83333333333334
37ae57c5-feaf-4e47-8f27-4b385be200f0,6,9,56.235119047619044
37ae57c5-feaf-4e47-8f27-4b385be200f0,6,10,64.16666666666666
37ae57c5-feaf-4e47-8f27-4b385be200f0,6,11,69.27083333333334
37ae57c5-feaf-4e47-8f27-4b385be200f0,6,12,74.64285714285714
37ae57c5-feaf-4e47-8f27-4b385be200f0,6,13,75.87962962962963
37ae57c5-feaf-4e47-8f27-4b385be200f0,6,14,61.66666666666667
37ae57c5-feaf-4e47-8f27-4b385be200f0,6,15,96.66666666666667
37ae57c5-feaf-4e47-8f27-4b385be200f0,6,16,72.0
37ae57c5-feaf-4e47-8f27-4b385be200f0,6,17,58.541666666666664
37ae57c5-feaf-4e47-8f27-4b385be200f0,6,18,48.75
37ae57c5-feaf-4e47-8f27-4b385be200f0,6,19,65.41666666666666
37ae57c5-feaf-4e47-8f27-4b385be200f0,6,20,55.104166666666664
399aa0a1-98e2-4d2b-b297-2b451e9665e1,0,9,57.5
399aa0a1-98e2-4d2b-b297-2b451e9665e1,0,10,54.583333333333336
399aa0a1-98e2-4d2b-b297-2b451e9665e1,0,11,66.66666666666666
399aa0a1-98e2-4d2b-b297-2b451e9665e1,0,12,69.44444444444444
399aa0a1-98e2-4d2b-b297-2b451e9665e1,0,13,66.48148148148148
399aa0a1-98e2-4d2b-b297-2b451e9665e1,0,14,67.6984126984127
399aa0a1-98e2-4d2b-b297-2b451e9665e1,0,15,67.5
399aa0a1-98e2-4d2b-b297-2b451e9665e1,0,16,51.04166666666667
399aa0a1-98e2-4d2b-b297-2b451e9665e1,0,17,53.888888888888886
399aa0a1-98e2-4d2b-b297-2b451e9665e1,0,18,44.513888888888886
399aa0a1-98e2-4d2b-b297-2b451e9665e1,0,19,38.125
399aa0a1-98e2-4d2b-b297-2b451e9665e1,0,20,40.45833333333333
399aa0a1-98e2-4d2b-b297-2b451e9665e1,1,9,60.416666666666664
399aa0a1-98e2-4d2b-b297-2b451e9665e1,1,10,59.166666666666664
399aa0a1-98e2-4d2b-b297-2b451e9665e1,1,11,67.77777777777779
399aa0a1-98e2-4d2b-b297-2b451e9665e1,1,12,68.5479797979798
399aa0a1-98e2-4d2b-b297-2b451e9665e1,1,13,64.53282828282828
399aa0a1-98e2-4d2b-b297-2b451e9665e1,1,14,54.583333333333336
399aa0a1-98e2-4d2b-b297-2b451e9665e1,1,15,65.55555555555556
399aa0a1-98e2-4d2b-b297-2b451e9665e1,1,16,49.583333333333336
399aa0a1-98e2-4d2b-b297-2b451e9665e1,1,17,60.5
399aa0a1-98e2-4d2b-b297-2b451e9665e1,1,18,59.83134920634921
399aa0a1-98e2-4d2b-b297-2b451e9665e1,1,19,41.66666666666667
399aa0a1-98e2-4d2b-b297-2b451e9665e1,1,20,55.0
399aa0a1-98e2-4d2b-b297-2b451e9665e1,1,21,42.5
399aa0a1-98e2-4d2b-b297-2b451e9665e1,2,9,56.38888888888889
399aa0a1-98e2-4d2b-b297-2b451e9665e1,2,10,56.944444444444436
399aa0a1-98e2-4d2b-b297-2b451e9665e1,2,11,57.22222222222222
399aa0a1-98e2-4d2b-b297-2b451e9665e1,2,12,61.38888888888889
399aa0a1-98e2-4d2b-b297-2b451e9665e1,2,13,52.916666666666664
399aa0a1-98e2-4d2b-b297-2b451e9665e1,2,14,55.416666666666664
399aa0a1-98e2-4d2b-b297-2b451e9665e1,2,15,49.43452380952381
399aa0a1-98e2-4d2b-b297-2b451e9665e1,2,16,49.16666666666667
399aa0a1-98e2-4d2b-b297-2b451e9665e1,2,17,52.638888888888886
399aa0a1-98e2-4d2b-b297-2b451e9665e1,2,18,56.03535353535353
399aa0a1-98e2-4d2b-b297-2b451e9665e1,2,19,50.416666666666664
399aa0a1-98e2-4d2b-b297-2b451e9665e1,2,20,37.5
399aa0a1-98e2-4d2b-b297-2b451e9665e1,3,9,46.875
399aa0a1-98e2-4d2b-b297-2b451e9665e1,3,10,54.72222222222222
399aa0a1-98e2-4d2b-b297-2b451e9665e1,3,11,58.47222222222223
399aa0a1-98e2-4d2b-b297-2b451e9665e1,3,12,60.833333333333336
399aa0a1-98e2-4d2b-b297-2b451e9665e1,3,13,56.80555555555555
399aa0a1-98e2-4d2b-b297-2b451e9665e1,3,14,54.583333333333336
399aa0a1-98e2-4d2b-b297-2b451e9665e1,3,15,58.67063492063492
399aa0a1-98e2-4d2b-b297-2b451e9665e1,3,16,54.81060606060606
399aa0a1-98e2-4d2b-b297-2b451e9665e1,3,17,49.583333333333336
399aa0a1-98e2-4d2b-b297-2b451e9665e1,3,18,55.20833333333333
399aa0a1-98e2-4d2b-b297-2b451e9665e1,3,19,49.02777777777777
399aa0a1-98e2-4d2b-b297-2b451e9665e1,3,20,33.61111111111111
399aa0a1-98e2-4d2b-b297-2b451e9665e1,4,8,55.0
399aa0a1-98e2-4d2b-b297-2b451e9665e1,4,9,58.47222222222223
399aa0a1-98e2-4d2b-b297-2b451e9665e1,4,10,62.916666666666664
399aa0a1-98e2-4d2b-b297-2b451e9665e1,4,11,72.29166666666667
399aa0a1-98e2-4d2b-b297-2b451e9665e1,4,12,74.47916666666666
399aa0a1-98e2-4d2b-b297-2b451e9665e1,4,13,69.5625
399aa0a1-98e2-4d2b-b297-2b451e9665e1,4,14,63.333333333333336
399aa0a1-98e2-4d2b-b297-2b451e9665e1,4,15,66.25
399aa0a1-98e2-4d2b-b297-2b451e9665e1,4,16,58.697916666666664
399aa0a1-98e2-4d2b-b297-2b451e9665e1,4,17,62.083333333333336
399aa0a1-98e2-4d2b-b297-2b451e9665e1,4,18,76.38888888888889
399aa0a1-98e2-4d2b-b297-2b451e9665e1,4,19,76.52083333333333
399aa0a1-98e2-4d2b-b297-2b451e9665e1,4,20,62.11309523809524
399aa0a1-98e2-4d2b-b297-2b451e9665e1,4,21,71.25
399aa0a1-98e2-4d2b-b297-2b451e9665e1,5,8,66.66666666666667
399aa0a1-98e2-4d2b-b297-2b451e9665e1,5,9,58.194444444444436
399aa0a1-98e2-4d2b-b297-2b451e9665e1,5,10,62.36111111111111
399aa0a1-98e2-4d2b-b297-2b451e9665e1,5,11,74.58333333333333
399aa0a1-98e2-4d2b-b297-2b451e9665e1,5,12,82.91666666666667
399aa0a1-98e2-4d2b-b297-2b451e9665e1,5,13,65.1388888888889
399aa0a1-98e2-4d2b-b297-2b451e9665e1,5,14,71.54166666666667
399aa0a1-98e2-4d2b-b297-2b451e9665e1,5,15,76.0
399aa0a1-98e2-4d2b-b297-2b451e9665e1,5,16,66.45833333333333
399aa0a1-98e2-4d2b-b297-2b451e9665e1,5,17,56.458333333333336
399aa0a1-98e2-4d2b-b297-2b451e9665e1,5,18,69.72916666666667
399aa0a1-98e2-4d2b-b297-2b451e9665e1,5,19,66.08712121212122
399aa0a1-98e2-4d2b-b297-2b451e9665e1,5,20,47.870370370370374
399aa0a1-98e2-4d2b-b297-2b451e9665e1,5,21,51.25
399aa0a1-98e2-4d2b-b297-2b451e9665e1,6,9,59.02777777777778
399aa0a1-98e2-4d2b-b297-2b451e9665e1,6,10,74.86111111111111
399aa0a1-98e2-4d2b-b297-2b451e9665e1,6,11,84.89583333333333
399aa0a1-98e2-4d2b-b297-2b451e9665e1,6,12,81.04166666666667
399aa0a1-98e2-4d2b-b297-2b451e9665e1,6,13,66.5625
399aa0a1-98e2-4d2b-b297-2b451e9665e1,6,14,65.0
399aa0a1-98e2-4d2b-b297-2b451e9665e1,6,15,67.02380952380952
399aa0a1-98e2-4d2b-b297-2b451e9665e1,6,16,76.07638888888889
399aa0a1-98e2-4d2b-b297-2b451e9665e1,6,17,67.70833333333333
399aa0a1-98e2-4d2b-b297-2b451e9665e1,6,18,57.1875
399aa0a1-98e2-4d2b-b297-2b451e9665e1,6,19,50.833333333333336
399aa0a1-98e2-4d2b-b297-2b451e9665e1,6,20,44.79166666666667
399aa0a1-98e2-4d2b-b297-2b451e9665e1,6,21,33.333333333333336
3b290419-8ca2-44bc-a710-a6c83fca76ec,0,9,5.0
3b290419-8ca2-44bc-a710-a6c83fca76ec,0,10,6.770833333333334
3b290419-8ca2-44bc-a710-a6c83fca76ec,0,11,7.604166666666666
3b290419-8ca2-44bc-a710-a6c83fca76ec,0,12,5.520833333333333
3b290419-8ca2-44bc-a710-a6c83fca76ec,0,13,6.354166666666667
3b290419-8ca2-44bc-a710-a6c83fca76ec,0,14,6.25
3b290419-8ca2-44bc-a710-a6c83fca76ec,0,15,6.25
3b290419-8ca2-44bc-a710-a6c83fca76ec,0,16,5.3125
3b290419-8ca2-44bc-a710-a6c83fca76ec,0,17,5.0
3b290419-8ca2-44bc-a710-a6c83fca76ec,0,18,5.0
3b290419-8ca2-44bc-a710-a6c83fca76ec,0,19,5.0
3b290419-8ca2-44bc-a710-a6c83fca76ec,0,20,5.0
3b290419-8ca2-44bc-a710-a6c83fca76ec,1,9,5.0
3b290419-8ca2-44bc-a710-a6c83fca76ec,1,10,6.770833333333334
3b290419-8ca2-44bc-a710-a6c83fca76ec,1,11,5.416666666666667
3b290419-8ca2-44bc-a710-a6c83fca76ec,1,12,5.0
3b290419-8ca2-44bc-a710-a6c83fca76ec,1,13,5.0
3b290419-8ca2-44bc-a710-a6c83fca76ec,1,14,5.0
3b290419-8ca2-44bc-a710-a6c83fca76ec,1,15,5.0
3b290419-8ca2-44bc-a710-a6c83fca76ec,1,16,5.0
3b290419-8ca2-44bc-a710-a6c83fca76ec,1,17,5.0
3b290419-8ca2-44bc-a710-a6c83fca76ec,1,18,5.0
3b290419-8ca2-44bc-a710-a6c83fca76ec,1,19,5.0
3b290419-8ca2-44bc-a710-a6c83fca76ec,1,20,5.0
3b290419-8ca2-44bc-a710-a6c83fca76ec,1,21,5.0
3b290419-8ca2-44bc-a710-a6c83fca76ec,2,9,5.0
3b290419-8ca2-44bc-a710-a6c83fca76ec,2,10,6.458333333333334
3b290419-8ca2-44bc-a710-a6c83fca76ec,2,11,5.729166666666667
3b290419-8ca2-44bc-a710-a6c83fca76ec,2,12,5.0
3b290419-8ca2-44bc-a710-a6c83fca76ec,2,13,5.0
3b290419-8ca2-44bc-a710-a6c83fca76ec,2,14,5.0
3b290419-8ca2-44bc-a710-a6c83fca76ec,2,15,5.0
3b290419-8ca2-44bc-a710-a6c83fca76ec,2,16,5.0
3b290419-8ca2-44bc-a710-a6c83fca76ec,2,17,5.0
3b290419-8ca2-44bc-a710-a6c83fca76ec,2,18,5.0
3b290419-8ca2-44bc-a710-a6c83fca76ec,2,19,5.0
3b290419-8ca2-44bc-a710-a6c83fca76ec,2,20,5.0
3b290419-8ca2-44bc-a710-a6c83fca76ec,3,9,5.208333333333333
3b290419-8ca2-44bc-a710-a6c83fca76ec,3,10,8.229166666666668
3b290419-8ca2-44bc-a710-a6c83fca76ec,3,11,6.979166666666666
3b290419-8ca2-44bc-a710-a6c83fca76ec,3,12,5.208333333333333
3b290419-8ca2-44bc-a710-a6c83fca76ec,3,13,5.0
3b290419-8ca2-44bc-a710-a6c83fca76ec,3,14,5.0
3b290419-8ca2-44bc-a710-a6c83fca76ec,3,15,5.0
3b290419-8ca2-44bc-a710-a6c83fca76ec,3,16,5.0
3b290419-8ca2-44bc-a710-a6c83fca76ec,3,17,5.0
3b290419-8ca2-44bc-a710-a6c83fca76ec,3,18,5.0
3b290419-8ca2-44bc-a710-a6c83fca76ec,3,19,5.0
3b290419-8ca2-44bc-a710-a6c83fca76ec,3,20,5.0
3b290419-8ca2-44bc-a710-a6c83fca76ec,4,8,5.0
3b290419-8ca2-44bc-a710-a6c83fca76ec,4,9,5.0
3b290419-8ca2-44bc-a710-a6c83fca76ec,4,10,5.833333333333333
3b290419-8ca2-44bc-a710-a6c83fca76ec,4,11,6.979166666666666
3b290419-8ca2-44bc-a710-a6c83fca76ec,4,12,8.020833333333332
3b290419-8ca2-44bc-a710-a6c83fca76ec,4,13,6.458333333333333
3b290419-8ca2-44bc-a710-a6c83fca76ec,4,14,6.041666666666666
3b290419-8ca2-44bc-a710-a6c83fca76ec,4,15,5.0
3b290419-8ca2-44bc-a710-a6c83fca76ec,4,16,5.0
3b290419-8ca2-44bc-a710-a6c83fca76ec,4,17,5.104166666666667
3b290419-8ca2-44bc-a710-a6c83fca76ec,4,18,5.0
3b290419-8ca2-44bc-a710-a6c83fca76ec,4,19,6.875
3b290419-8ca2-44bc-a710-a6c83fca76ec,4,20,8.020833333333334
3b290419-8ca2-44bc-a710-a6c83fca76ec,4,21,5.0
3b290419-8ca2-44bc-a710-a6c83fca76ec,5,8,5.0
3b290419-8ca2-44bc-a710-a6c83fca76ec,5,9,5.0
3b290419-8ca2-44bc-a710-a6c83fca76ec,5,10,6.25
3b290419-8ca2-44bc-a710-a6c83fca76ec,5,11,8.4375
3b290419-8ca2-44bc-a710-a6c83fca76ec,5,12,13.020833333333334
3b290419-8ca2-44bc-a710-a6c83fca76ec,5,13,7.5
3b290419-8ca2-44bc-a710-a6c83fca76ec,5,14,6.041666666666667
3b290419-8ca2-44bc-a710-a6c83fca76ec,5,15,5.0
3b290419-8ca2-44bc-a710-a6c83fca76ec,5,16,5.0
3b290419-8ca2-44bc-a710-a6c83fca76ec,5,17,5.0
3b290419-8ca2-44bc-a710-a6c83fca76ec,5,18,5.0
3b290419-8ca2-44bc-a710-a6c83fca76ec,5,19,5.0
3b290419-8ca2-44bc-a710-a6c83fca76ec,5,20,5.0
3b290419-8ca2-44bc-a710-a6c83fca76ec,5,21,5.0
3b290419-8ca2-44bc-a710-a6c83fca76ec,6,9,5.0
3b290419-8ca2-44bc-a710-a6c83fca76ec,6,10,8.4375
3b290419-8ca2-44bc-a710-a6c83fca76ec,6,11,12.604166666666668
3b290419-8ca2-44bc-a710-a6c83fca76ec,6,12,11.354166666666668
3b290419-8ca2-44bc-a710-a6c83fca76ec,6,13,7.604166666666666
3b290419-8ca2-44bc-a710-a6c83fca76ec,6,14,6.770833333333333
3b290419-8ca2-44bc-a710-a6c83fca76ec,6,15,7.604166666666667
3b290419-8ca2-44bc-a710-a6c83fca76ec,6,16,6.458333333333334
3b290419-8ca2-44bc-a710-a6c83fca76ec,6,17,5.0
3b290419-8ca2-44bc-a710-a6c83fca76ec,6,18,5.0
3b290419-8ca2-44bc-a710-a6c83fca76ec,6,19,5.0
3b290419-8ca2-44bc-a710-a6c83fca76ec,6,20,5.0
3b290419-8ca2-44bc-a710-a6c83fca76ec,6,21,5.0
3cb52134-e9d6-4212-83c8-3ce1321dcb05,0,9,5.0
3cb52134-e9d6-4212-83c8-3ce1321dcb05,0,10,5.0
3cb52134-e9d6-4212-83c8-3ce1321dcb05,0,11,5.0
3cb52134-e9d6-4212-83c8-3ce1321dcb05,0,12,5.0
3cb52134-e9d6-4212-83c8-3ce1321dcb05,0,13,5.0
3cb52134-e9d6-4212-83c8-3ce1321dcb05,0,14,5.0
3cb52134-e9d6-4212-83c8-3ce1321dcb05,0,15,5.0
3cb52134-e9d6-4212-83c8-3ce1321dcb05,0,16,5.0
3cb52134-e9d6-4212-83c8-3ce1321dcb05,0,17,5.0
3cb52134-e9d6-4212-83c8-3ce1321dcb05,0,18,5.0
3cb52134-e9d6-4212-83c8-3ce1321dcb05,0,19,5.0
3cb52134-e9d6-4212-83c8-3ce1321dcb05,0,20,5.0
3cb52134-e9d6-4212-83c8-3ce1321dcb05,1,9,5.0
3cb52134-e9d6-4212-83c8-3ce1321dcb05,1,10,5.0
3cb52134-e9d6-4212-83c8-3ce1321dcb05,1,11,5.0
3cb52134-e9d6-4212-83c8-3ce1321dcb05,1,12,5.0
3cb52134-e9d6-4212-83c8-3ce1321dcb05,1,13,5.0
3cb52134-e9d6-4212-83c8-3ce1321dcb05,1,14,5.0
3cb52134-e9d6-4212-83c8-3ce1321dcb05,1,15,5.0
3cb52134-e9d6-4212-83c8-3ce1321dcb05,1,16,5.0
3cb52134-e9d6-4212-83c8-3ce1321dcb05,1,17,5.0
3cb52134-e9d6-4212-83c8-3ce1321dcb05,1,18,5.0
3cb52134-e9d6-4212-83c8-3ce1321dcb05,1,19,5.0
3cb52134-e9d6-4212-83c8-3ce1321dcb05,1,20,5.0
3cb52134-e9d6-4212-83c8-3ce1321dcb05,2,9,5.0
3cb52134-e9d6-4212-83c8-3ce1321dcb05,2,10,5.0
3cb52134-e9d6-4212-83c8-3ce1321dcb05,2,11,5.0
3cb52134-e9d6-4212-83c8-3ce1321dcb05,2,12,5.0
3cb52134-e9d6-4212-83c8-3ce1321dcb05,2,13,5.0
3cb52134-e9d6-4212-83c8-3ce1321dcb05,2,14,5.0
3cb52134-e9d6-4212-83c8-3ce1321dcb05,2,15,5.0
3cb52134-e9d6-4212-83c8-3ce1321dcb05,2,16,5.0
3cb52134-e9d6-4212-83c8-3ce1321dcb05,2,17,6.145833333333334
3cb52134-e9d6-4212-83c8-3ce1321dcb05,2,18,6.666666666666667
3cb52134-e9d6-4212-83c8-3ce1321dcb05,2,19,6.666666666666667
3cb52134-e9d6-4212-83c8-3ce1321dcb05,2,20,10.0
3cb52134-e9d6-4212-83c8-3ce1321dcb05,3,9,5.0
3cb52134-e9d6-4212-83c8-3ce1321dcb05,3,10,5.0
3cb52134-e9d6-4212-83c8-3ce1321dcb05,3,11,5.0
3cb52134-e9d6-4212-83c8-3ce1321dcb05,3,12,5.0
3cb52134-e9d6-4212-83c8-3ce1321dcb05,3,13,5.0
3cb52134-e9d6-4212-83c8-3ce1321dcb05,3,14,5.0
3cb52134-e9d6-4212-83c8-3ce1321dcb05,3,15,5.0
3cb52134-e9d6-4212-83c8-3ce1321dcb05,3,16,5.0
3cb52134-e9d6-4212-83c8-3ce1321dcb05,3,17,5.104166666666667
3cb52134-e9d6-4212-83c8-3ce1321dcb05,3,18,6.25
3cb52134-e9d6-4212-83c8-3ce1321dcb05,3,19,6.875
3cb52134-e9d6-4212-83c8-3ce1321dcb05,3,20,5.0
3cb52134-e9d6-4212-83c8-3ce1321dcb05,4,9,5.0
3cb52134-e9d6-4212-83c8-3ce1321dcb05,4,10,5.0
3cb52134-e9d6-4212-83c8-3ce1321dcb05,4,11,5.0
3cb52134-e9d6-4212-83c8-3ce1321dcb05,4,12,5.0
3cb52134-e9d6-4212-83c8-3ce1321dcb05,4,13,5.0
3cb52134-e9d6-4212-83c8-3ce1321dcb05,4,14,5.0
3cb52134-e9d6-4212-83c8-3ce1321dcb05,4,15,5.0
3cb52134-e9d6-4212-83c8-3ce1321dcb05,4,16,5.0
3cb52134-e9d6-4212-83c8-3ce1321dcb05,4,17,5.0
3cb52134-e9d6-4212-83c8-3ce1321dcb05,4,18,5.0
3cb52134-e9d6-4212-83c8-3ce1321dcb05,4,19,5.0
3cb52134-e9d6-4212-83c8-3ce1321dcb05,4,20,5.0
3cb52134-e9d6-4212-83c8-3ce1321dcb05,5,9,5.0
3cb52134-e9d6-4212-83c8-3ce1321dcb05,5,10,5.0
3cb52134-e9d6-4212-83c8-3ce1321dcb05,5,11,5.0
3cb52134-e9d6-4212-83c8-3ce1321dcb05,5,12,5.0
3cb52134-e9d6-4212-83c8-3ce1321dcb05,5,13,5.0
3cb52134-e9d6-4212-83c8-3ce1321dcb05,5,14,5.0
3cb52134-e9d6-4212-83c8-3ce1321dcb05,5,15,5.0
3cb52134-e9d6-4212-83c8-3ce1321dcb05,5,16,5.0
3cb52134-e9d6-4212-83c8-3ce1321dcb05,5,17,7.8125
3cb52134-e9d6-4212-83c8-3ce1321dcb05,5,18,13.4375
3cb52134-e9d6-4212-83c8-3ce1321dcb05,5,19,14.375
3cb52134-e9d6-4212-83c8-3ce1321dcb05,5,20,5.416666666666666
3cb52134-e9d6-4212-83c8-3ce1321dcb05,6,9,5.0
3cb52134-e9d6-4212-83c8-3ce1321dcb05,6,10,5.0
3cb52134-e9d6-4212-83c8-3ce1321dcb05,6,11,5.0
3cb52134-e9d6-4212-83c8-3ce1321dcb05,6,12,5.0
3cb52134-e9d6-4212-83c8-3ce1321dcb05,6,13,5.520833333333333
3cb52134-e9d6-4212-83c8-3ce1321dcb05,6,14,6.354166666666667
3cb52134-e9d6-4212-83c8-3ce1321dcb05,6,15,5.0
3cb52134-e9d6-4212-83c8-3ce1321dcb05,6,16,5.0
3cb52134-e9d6-4212-83c8-3ce1321dcb05,6,17,5.75
3cb52134-e9d6-4212-83c8-3ce1321dcb05,6,18,13.4375
3cb52134-e9d6-4212-83c8-3ce1321dcb05,6,19,12.5
3cb52134-e9d6-4212-83c8-3ce1321dcb05,6,20,7.5
3cba0cb4-e2a6-402c-93ee-c11ffcb127ef,0,9,5.104166666666667
3cba0cb4-e2a6-402c-93ee-c11ffcb127ef,0,10,6.979166666666666
3cba0cb4-e2a6-402c-93ee-c11ffcb127ef,0,11,12.291666666666668
3cba0cb4-e2a6-402c-93ee-c11ffcb127ef,0,12,14.583333333333332
3cba0cb4-e2a6-402c-93ee-c11ffcb127ef,0,13,17.083333333333336
3cba0cb4-e2a6-402c-93ee-c11ffcb127ef,0,14,14.270833333333332
3cba0cb4-e2a6-402c-93ee-c11ffcb127ef,0,15,18.645833333333336
3cba0cb4-e2a6-402c-93ee-c11ffcb127ef,0,16,10.222222222222223
3cba0cb4-e2a6-402c-93ee-c11ffcb127ef,0,17,14.59280303030303
3cba0cb4-e2a6-402c-93ee-c11ffcb127ef,0,18,16.410984848484848
3cba0cb4-e2a6-402c-93ee-c11ffcb127ef,0,19,18.020833333333332
3cba0cb4-e2a6-402c-93ee-c11ffcb127ef,0,20,11.145833333333332
3cba0cb4-e2a6-402c-93ee-c11ffcb127ef,0,21,5.416666666666667
3cba0cb4-e2a6-402c-93ee-c11ffcb127ef,0,22,6.25
3cba0cb4-e2a6-402c-93ee-c11ffcb127ef,1,9,5.0
3cba0cb4-e2a6-402c-93ee-c11ffcb127ef,1,10,5.0
3cba0cb4-e2a6-402c-93ee-c11ffcb127ef,1,11,5.625
3cba0cb4-e2a6-402c-93ee-c11ffcb127ef,1,12,5.902777777777778
3cba0cb4-e2a6-402c-93ee-c11ffcb127ef,1,13,5.729166666666667
3cba0cb4-e2a6-402c-93ee-c11ffcb127ef,1,14,5.416666666666667
3cba0cb4-e2a6-402c-93ee-c11ffcb127ef,1,15,5.520833333333334
3cba0cb4-e2a6-402c-93ee-c11ffcb127ef,1,16,6.354166666666667
3cba0cb4-e2a6-402c-93ee-c11ffcb127ef,1,17,5.208333333333333
3cba0cb4-e2a6-402c-93ee-c11ffcb127ef,2,9,5.0
3cba0cb4-e2a6-402c-93ee-c11ffcb127ef,2,10,6.354166666666667
3cba0cb4-e2a6-402c-93ee-c11ffcb127ef,2,11,10.833333333333334
3cba0cb4-e2a6-402c-93ee-c11ffcb127ef,2,12,15.104166666666666
3cba0cb4-e2a6-402c-93ee-c11ffcb127ef,2,13,21.145833333333336
3cba0cb4-e2a6-402c-93ee-c11ffcb127ef,2,14,12.291666666666668
3cba0cb4-e2a6-402c-93ee-c11ffcb127ef,2,15,19.895833333333336
3cba0cb4-e2a6-402c-93ee-c11ffcb127ef,2,16,22.083333333333332
3cba0cb4-e2a6-402c-93ee-c11ffcb127ef,2,17,20.520833333333332
3cba0cb4-e2a6-402c-93ee-c11ffcb127ef,2,18,20.416666666666664
3cba0cb4-e2a6-402c-93ee-c11ffcb127ef,2,19,14.791666666666666
3cba0cb4-e2a6-402c-93ee-c11ffcb127ef,2,20,8.4375
3cba0cb4-e2a6-402c-93ee-c11ffcb127ef,2,21,5.0
3cba0cb4-e2a6-402c-93ee-c11ffcb127ef,2,22,5.0
3cba0cb4-e2a6-402c-93ee-c11ffcb127ef,3,9,5.0
3cba0cb4-e2a6-402c-93ee-c11ffcb127ef,3,10,5.208333333333333
3cba0cb4-e2a6-402c-93ee-c11ffcb127ef,3,11,9.270833333333334
3cba0cb4-e2a6-402c-93ee-c11ffcb127ef,3,12,14.791666666666666
3cba0cb4-e2a6-402c-93ee-c11ffcb127ef,3,13,14.375
3cba0cb4-e2a6-402c-93ee-c11ffcb127ef,3,14,11.979166666666668
3cba0cb4-e2a6-402c-93ee-c11ffcb127ef,3,15,12.604166666666668
3cba0cb4-e2a6-402c-93ee-c11ffcb127ef,3,16,15.625
3cba0cb4-e2a6-402c-93ee-c11ffcb127ef,3,17,14.583333333333332
3cba0cb4-e2a6-402c-93ee-c11ffcb127ef,3,18,24.444444444444443
3cba0cb4-e2a6-402c-93ee-c11ffcb127ef,3,19,13.194444444444443
3cba0cb4-e2a6-402c-93ee-c11ffcb127ef,3,20,5.972222222222222
3cba0cb4-e2a6-402c-93ee-c11ffcb127ef,3,21,5.0
3cba0cb4-e2a6-402c-93ee-c11ffcb127ef,3,22,5.0
3cba0cb4-e2a6-402c-93ee-c11ffcb127ef,4,8,5.0
3cba0cb4-e2a6-402c-93ee-c11ffcb127ef,4,9,5.104166666666667
3cba0cb4-e2a6-402c-93ee-c11ffcb127ef,4,10,5.416666666666667
3cba0cb4-e2a6-402c-93ee-c11ffcb127ef,4,11,6.875
3cba0cb4-e2a6-402c-93ee-c11ffcb127ef,4,12,9.479166666666668
3cba0cb4-e2a6-402c-93ee-c11ffcb127ef,4,13,9.289772727272727
3cba0cb4-e2a6-402c-93ee-c11ffcb127ef,4,14,5.3125
3cba0cb4-e2a6-402c-93ee-c11ffcb127ef,4,15,5.625
3cba0cb4-e2a6-402c-93ee-c11ffcb127ef,4,16,6.25
3cba0cb4-e2a6-402c-93ee-c11ffcb127ef,4,17,6.145833333333334
3cba0cb4-e2a6-402c-93ee-c11ffcb127ef,5,8,5.208333333333334
3cba0cb4-e2a6-402c-93ee-c11ffcb127ef,5,9,5.520833333333333
3cba0cb4-e2a6-402c-93ee-c11ffcb127ef,5,10,5.833333333333334
3cba0cb4-e2a6-402c-93ee-c11ffcb127ef,5,11,10.208333333333334
3cba0cb4-e2a6-402c-93ee-c11ffcb127ef,5,12,18.645833333333336
3cba0cb4-e2a6-402c-93ee-c11ffcb127ef,5,13,17.708333333333332
3cba0cb4-e2a6-402c-93ee-c11ffcb127ef,5,14,21.429924242424242
3cba0cb4-e2a6-402c-93ee-c11ffcb127ef,5,15,25.9375
3cba0cb4-e2a6-402c-93ee-c11ffcb127ef,5,16,30.208333333333332
3cba0cb4-e2a6-402c-93ee-c11ffcb127ef,5,17,27.8125
3cba0cb4-e2a6-402c-93ee-c11ffcb127ef,5,18,26.979166666666664
3cba0cb4-e2a6-402c-93ee-c11ffcb127ef,5,19,26.145833333333336
3cba0cb4-e2a6-402c-93ee-c11ffcb127ef,5,20,17.8125
3cba0cb4-e2a6-402c-93ee-c11ffcb127ef,5,21,5.3125
3cba0cb4-e2a6-402c-93ee-c11ffcb127ef,5,22,5.0
3cba0cb4-e2a6-402c-93ee-c11ffcb127ef,6,8,5.833333333333334
3cba0cb4-e2a6-402c-93ee-c11ffcb127ef,6,9,5.9375
3cba0cb4-e2a6-402c-93ee-c11ffcb127ef,6,10,6.145833333333334
3cba0cb4-e2a6-402c-93ee-c11ffcb127ef,6,11,10.710227272727273
3cba0cb4-e2a6-402c-93ee-c11ffcb127ef,6,12,9.895833333333332
3cba0cb4-e2a6-402c-93ee-c11ffcb127ef,6,13,11.979166666666666
3cba0cb4-e2a6-402c-93ee-c11ffcb127ef,6,14,7.5
3cba0cb4-e2a6-402c-93ee-c11ffcb127ef,6,15,11.354166666666666
3cba0cb4-e2a6-402c-93ee-c11ffcb127ef,6,16,10.416666666666668
3cba0cb4-e2a6-402c-93ee-c11ffcb127ef,6,17,12.8125
3cba0cb4-e2a6-402c-93ee-c11ffcb127ef,6,18,27.916666666666668
3cba0cb4-e2a6-402c-93ee-c11ffcb127ef,6,19,13.333333333333334
3cba0cb4-e2a6-402c-93ee-c11ffcb127ef,6,20,9.166666666666666
3cba0cb4-e2a6-402c-93ee-c11ffcb127ef,6,21,5.0
3daca54f-50f0-44e9-a993-d706ce7520a0,0,9,9.0625
3daca54f-50f0-44e9-a993-d706ce7520a0,0,10,17.5
3daca54f-50f0-44e9-a993-d706ce7520a0,0,11,29.722222222222225
3daca54f-50f0-44e9-a993-d706ce7520a0,0,12,27.125
3daca54f-50f0-44e9-a993-d706ce7520a0,0,13,31.145833333333336
3daca54f-50f0-44e9-a993-d706ce7520a0,0,14,25.972222222222218
3daca54f-50f0-44e9-a993-d706ce7520a0,0,15,21.25
3daca54f-50f0-44e9-a993-d706ce7520a0,0,16,11.666666666666666
3daca54f-50f0-44e9-a993-d706ce7520a0,0,17,10.0
3daca54f-50f0-44e9-a993-d706ce7520a0,0,18,16.25
3daca54f-50f0-44e9-a993-d706ce7520a0,0,19,17.5
3daca54f-50f0-44e9-a993-d706ce7520a0,0,20,15.416666666666666
3daca54f-50f0-44e9-a993-d706ce7520a0,1,9,10.833333333333334
3daca54f-50f0-44e9-a993-d706ce7520a0,1,10,13.229166666666666
3daca54f-50f0-44e9-a993-d706ce7520a0,1,11,24.33712121212121
3daca54f-50f0-44e9-a993-d706ce7520a0,1,12,29.0
3daca54f-50f0-44e9-a993-d706ce7520a0,1,13,23.541666666666664
3daca54f-50f0-44e9-a993-d706ce7520a0,1,14,25.0
3daca54f-50f0-44e9-a993-d706ce7520a0,1,15,13.291666666666668
3daca54f-50f0-44e9-a993-d706ce7520a0,1,16,13.106060606060604
3daca54f-50f0-44e9-a993-d706ce7520a0,1,17,17.689393939393938
3daca54f-50f0-44e9-a993-d706ce7520a0,1,18,15.208333333333332
3daca54f-50f0-44e9-a993-d706ce7520a0,1,19,9.722222222222221
3daca54f-50f0-44e9-a993-d706ce7520a0,1,20,8.75
3daca54f-50f0-44e9-a993-d706ce7520a0,2,9,5.729166666666667
3daca54f-50f0-44e9-a993-d706ce7520a0,2,10,6.458333333333334
3daca54f-50f0-44e9-a993-d706ce7520a0,2,11,12.5
3daca54f-50f0-44e9-a993-d706ce7520a0,2,12,16.145833333333332
3daca54f-50f0-44e9-a993-d706ce7520a0,2,13,12.582070707070708
3daca54f-50f0-44e9-a993-d706ce7520a0,2,14,13.611111111111112
3daca54f-50f0-44e9-a993-d706ce7520a0,2,15,13.305555555555555
3daca54f-50f0-44e9-a993-d706ce7520a0,2,16,10.833333333333332
3daca54f-50f0-44e9-a993-d706ce7520a0,2,17,10.833333333333334
3daca54f-50f0-44e9-a993-d706ce7520a0,2,18,15.277777777777779
3daca54f-50f0-44e9-a993-d706ce7520a0,2,19,13.055555555555555
3daca54f-50f0-44e9-a993-d706ce7520a0,3,9,5.3125
3daca54f-50f0-44e9-a993-d706ce7520a0,3,10,9.0625
3daca54f-50f0-44e9-a993-d706ce7520a0,3,11,18.472222222222225
3daca54f-50f0-44e9-a993-d706ce7520a0,3,12,17.291666666666664
3daca54f-50f0-44e9-a993-d706ce7520a0,3,13,14.0625
3daca54f-50f0-44e9-a993-d706ce7520a0,3,14,12.410714285714285
3daca54f-50f0-44e9-a993-d706ce7520a0,3,15,17.32638888888889
3daca54f-50f0-44e9-a993-d706ce7520a0,3,16,16.875
3daca54f-50f0-44e9-a993-d706ce7520a0,3,17,14.305555555555557
3daca54f-50f0-44e9-a993-d706ce7520a0,3,18,27.1875
3daca54f-50f0-44e9-a993-d706ce7520a0,3,19,23.229166666666668
3daca54f-50f0-44e9-a993-d706ce7520a0,3,20,12.5
3daca54f-50f0-44e9-a993-d706ce7520a0,4,9,8.518518518518519
3daca54f-50f0-44e9-a993-d706ce7520a0,4,10,9.538690476190476
3daca54f-50f0-44e9-a993-d706ce7520a0,4,11,18.041666666666668
3daca54f-50f0-44e9-a993-d706ce7520a0,4,12,20.520833333333332
3daca54f-50f0-44e9-a993-d706ce7520a0,4,13,21.458333333333332
3daca54f-50f0-44e9-a993-d706ce7520a0,4,14,20.625
3daca54f-50f0-44e9-a993-d706ce7520a0,4,15,18.125
3daca54f-50f0-44e9-a993-d706ce7520a0,4,16,28.958333333333336
3daca54f-50f0-44e9-a993-d706ce7520a0,4,17,20.0
3daca54f-50f0-44e9-a993-d706ce7520a0,4,18,31.354166666666664
3daca54f-50f0-44e9-a993-d706ce7520a0,4,19,27.1875
3daca54f-50f0-44e9-a993-d706ce7520a0,4,20,18.75
3daca54f-50f0-44e9-a993-d706ce7520a0,5,9,6.875
3daca54f-50f0-44e9-a993-d706ce7520a0,5,10,15.520833333333334
3daca54f-50f0-44e9-a993-d706ce7520a0,5,11,23.333333333333336
3daca54f-50f0-44e9-a993-d706ce7520a0,5,12,20.520833333333336
3daca54f-50f0-44e9-a993-d706ce7520a0,5,13,29.74431818181818
3daca54f-50f0-44e9-a993-d706ce7520a0,5,14,30.833333333333332
3daca54f-50f0-44e9-a993-d706ce7520a0,5,15,26.11111111111111
3daca54f-50f0-44e9-a993-d706ce7520a0,5,16,25.925925925925924
3daca54f-50f0-44e9-a993-d706ce7520a0,5,17,29.375
3daca54f-50f0-44e9-a993-d706ce7520a0,5,18,37.69444444444444
3daca54f-50f0-44e9-a993-d706ce7520a0,5,19,33.888888888888886
3daca54f-50f0-44e9-a993-d706ce7520a0,5,20,24.375
3daca54f-50f0-44e9-a993-d706ce7520a0,6,9,7.604166666666666
3daca54f-50f0-44e9-a993-d706ce7520a0,6,10,20.0
3daca54f-50f0-44e9-a993-d706ce7520a0,6,11,23.229166666666664
3daca54f-50f0-44e9-a993-d706ce7520a0,6,12,25.0
3daca54f-50f0-44e9-a993-d706ce7520a0,6,13,24.444444444444446
3daca54f-50f0-44e9-a993-d706ce7520a0,6,14,10.833333333333332
3daca54f-50f0-44e9-a993-d706ce7520a0,6,15,25.0
3daca54f-50f0-44e9-a993-d706ce7520a0,6,16,30.555555555555554
3daca54f-50f0-44e9-a993-d706ce7520a0,6,17,28.73737373737374
3daca54f-50f0-44e9-a993-d706ce7520a0,6,18,23.75
3daca54f-50f0-44e9-a993-d706ce7520a0,6,19,21.11111111111111
3daca54f-50f0-44e9-a993-d706ce7520a0,6,20,15.0
43df71bf-aa7c-46c0-925c-46f69d8bf23f,0,10,52.64204545454545
43df71bf-aa7c-46c0-925c-46f69d8bf23f,0,11,74.61174242424242
43df71bf-aa7c-46c0-925c-46f69d8bf23f,0,12,80.10416666666667
43df71bf-aa7c-46c0-925c-46f69d8bf23f,0,13,58.15972222222222
43df71bf-aa7c-46c0-925c-46f69d8bf23f,0,14,63.09659090909091
43df71bf-aa7c-46c0-925c-46f69d8bf23f,0,15,58.19444444444445
43df71bf-aa7c-46c0-925c-46f69d8bf23f,0,16,50.694444444444436
43df71bf-aa7c-46c0-925c-46f69d8bf23f,0,17,53.4375
43df71bf-aa7c-46c0-925c-46f69d8bf23f,0,18,39.375
43df71bf-aa7c-46c0-925c-46f69d8bf23f,0,19,28.22222222222222
43df71bf-aa7c-46c0-925c-46f69d8bf23f,0,20,15.0
43df71bf-aa7c-46c0-925c-46f69d8bf23f,1,10,57.234848484848484
43df71bf-aa7c-46c0-925c-46f69d8bf23f,1,11,68.95833333333333
43df71bf-aa7c-46c0-925c-46f69d8bf23f,1,12,54.479166666666664
43df71bf-aa7c-46c0-925c-46f69d8bf23f,1,13,55.3125
43df71bf-aa7c-46c0-925c-46f69d8bf23f,1,14,55.208333333333336
43df71bf-aa7c-46c0-925c-46f69d8bf23f,1,15,41.25
43df71bf-aa7c-46c0-925c-46f69d8bf23f,1,16,35.833333333333336
43df71bf-aa7c-46c0-925c-46f69d8bf23f,1,17,31.761363636363637
43df71bf-aa7c-46c0-925c-46f69d8bf23f,1,18,26.757575757575758
43df71bf-aa7c-46c0-925c-46f69d8bf23f,1,19,16.041666666666668
43df71bf-aa7c-46c0-925c-46f69d8bf23f,2,10,46.5
43df71bf-aa7c-46c0-925c-46f69d8bf23f,2,11,78.4375
43df71bf-aa7c-46c0-925c-46f69d8bf23f,2,12,53.229166666666664
43df71bf-aa7c-46c0-925c-46f69d8bf23f,2,13,48.53219696969697
43df71bf-aa7c-46c0-925c-46f69d8bf23f,2,14,43.854166666666664
43df71bf-aa7c-46c0-925c-46f69d8bf23f,2,15,50.97222222222222
43df71bf-aa7c-46c0-925c-46f69d8bf23f,2,16,42.15277777777778
43df71bf-aa7c-46c0-925c-46f69d8bf23f,2,17,26.117424242424242
43df71bf-aa7c-46c0-925c-46f69d8bf23f,2,18,16.25
43df71bf-aa7c-46c0-925c-46f69d8bf23f,2,19,13.75
43df71bf-aa7c-46c0-925c-46f69d8bf23f,3,10,52.333333333333336
43df71bf-aa7c-46c0-925c-46f69d8bf23f,3,11,72.8125
43df71bf-aa7c-46c0-925c-46f69d8bf23f,3,12,63.75
43df71bf-aa7c-46c0-925c-46f69d8bf23f,3,13,52.916666666666664
43df71bf-aa7c-46c0-925c-46f69d8bf23f,3,14,46.98674242424242
43df71bf-aa7c-46c0-925c-46f69d8bf23f,3,15,44.94047619047619
43df71bf-aa7c-46c0-925c-46f69d8bf23f,3,16,42.36268939393939
43df71bf-aa7c-46c0-925c-46f69d8bf23f,3,17,34.55357142857143
43df71bf-aa7c-46c0-925c-46f69d8bf23f,3,18,28.611111111111114
43df71bf-aa7c-46c0-925c-46f69d8bf23f,3,19,13.75
43df71bf-aa7c-46c0-925c-46f69d8bf23f,4,10,52.916666666666664
43df71bf-aa7c-46c0-925c-46f69d8bf23f,4,11,76.25
43df71bf-aa7c-46c0-925c-46f69d8bf23f,4,12,61.14583333333333
43df71bf-aa7c-46c0-925c-46f69d8bf23f,4,13,51.875
43df71bf-aa7c-46c0-925c-46f69d8bf23f,4,14,56.38257575757576
43df71bf-aa7c-46c0-925c-46f69d8bf23f,4,15,53.145833333333336
43df71bf-aa7c-46c0-925c-46f69d8bf23f,4,16,45.13888888888889
43df71bf-aa7c-46c0-925c-46f69d8bf23f,4,17,33.05555555555555
43df71bf-aa7c-46c0-925c-46f69d8bf23f,4,18,21.527777777777775
43df71bf-aa7c-46c0-925c-46f69d8bf23f,4,19,14.6875
43df71bf-aa7c-46c0-925c-46f69d8bf23f,5,9,42.083333333333336
43df71bf-aa7c-46c0-925c-46f69d8bf23f,5,10,63.85416666666667
43df71bf-aa7c-46c0-925c-46f69d8bf23f,5,11,84.6875
43df71bf-aa7c-46c0-925c-46f69d8bf23f,5,12,101.2405303030303
43df71bf-aa7c-46c0-925c-46f69d8bf23f,5,13,73.92045454545455
43df71bf-aa7c-46c0-925c-46f69d8bf23f,5,14,59.895833333333336
43df71bf-aa7c-46c0-925c-46f69d8bf23f,5,15,59.041666666666664
43df71bf-aa7c-46c0-925c-46f69d8bf23f,5,16,53.05555555555556
43df71bf-aa7c-46c0-925c-46f69d8bf23f,5,17,52.8125
43df71bf-aa7c-46c0-925c-46f69d8bf23f,5,18,38.854166666666664
43df71bf-aa7c-46c0-925c-46f69d8bf23f,5,19,18.333333333333336
43df71bf-aa7c-46c0-925c-46f69d8bf23f,5,20,15.0
43df71bf-aa7c-46c0-925c-46f69d8bf23f,6,10,55.20833333333333
43df71bf-aa7c-46c0-925c-46f69d8bf23f,6,11,86.25
43df71bf-aa7c-46c0-925c-46f69d8bf23f,6,12,88.30492424242424
43df71bf-aa7c-46c0-925c-46f69d8bf23f,6,13,65.98958333333334
43df71bf-aa7c-46c0-925c-46f69d8bf23f,6,14,66.82291666666666
43df71bf-aa7c-46c0-925c-46f69d8bf23f,6,15,65.1388888888889
43df71bf-aa7c-46c0-925c-46f69d8bf23f,6,16,55.52083333333333
43df71bf-aa7c-46c0-925c-46f69d8bf23f,6,17,55.0
43df71bf-aa7c-46c0-925c-46f69d8bf23f,6,18,55.3125
43df71bf-aa7c-46c0-925c-46f69d8bf23f,6,19,33.27651515151515
43df71bf-aa7c-46c0-925c-46f69d8bf23f,6,20,10.0
447033ce-ee1f-4cca-bb12-47d22583ac12,0,10,20.916666666666668
447033ce-ee1f-4cca-bb12-47d22583ac12,0,11,28.055555555555557
447033ce-ee1f-4cca-bb12-47d22583ac12,0,12,23.75
447033ce-ee1f-4cca-bb12-47d22583ac12,0,13,18.125
447033ce-ee1f-4cca-bb12-47d22583ac12,0,14,16.575757575757574
447033ce-ee1f-4cca-bb12-47d22583ac12,0,15,13.472222222222221
447033ce-ee1f-4cca-bb12-47d22583ac12,0,16,13.333333333333334
447033ce-ee1f-4cca-bb12-47d22583ac12,0,17,12.619047619047619
447033ce-ee1f-4cca-bb12-47d22583ac12,0,18,14.375
447033ce-ee1f-4cca-bb12-47d22583ac12,0,19,18.75
447033ce-ee1f-4cca-bb12-47d22583ac12,0,20,16.666666666666668
447033ce-ee1f-4cca-bb12-47d22583ac12,1,10,18.680555555555557
447033ce-ee1f-4cca-bb12-47d22583ac12,1,11,24.833333333333332
447033ce-ee1f-4cca-bb12-47d22583ac12,1,12,25.729166666666668
447033ce-ee1f-4cca-bb12-47d22583ac12,1,13,25.9375
447033ce-ee1f-4cca-bb12-47d22583ac12,1,14,24.375
447033ce-ee1f-4cca-bb12-47d22583ac12,1,15,23.40277777777778
447033ce-ee1f-4cca-bb12-47d22583ac12,1,16,21.25
447033ce-ee1f-4cca-bb12-47d22583ac12,1,17,14.791666666666668
447033ce-ee1f-4cca-bb12-47d22583ac12,1,18,13.333333333333334
447033ce-ee1f-4cca-bb12-47d22583ac12,1,19,15.9375
447033ce-ee1f-4cca-bb12-47d22583ac12,2,10,13.645833333333334
447033ce-ee1f-4cca-bb12-47d22583ac12,2,11,21.5625
447033ce-ee1f-4cca-bb12-47d22583ac12,2,12,25.511363636363637
447033ce-ee1f-4cca-bb12-47d22583ac12,2,13,18.65340909090909
447033ce-ee1f-4cca-bb12-47d22583ac12,2,14,11.837121212121213
447033ce-ee1f-4cca-bb12-47d22583ac12,2,15,13.472222222222223
447033ce-ee1f-4cca-bb12-47d22583ac12,2,16,15.0
447033ce-ee1f-4cca-bb12-47d22583ac12,2,17,16.770833333333336
447033ce-ee1f-4cca-bb12-47d22583ac12,2,18,14.375
447033ce-ee1f-4cca-bb12-47d22583ac12,2,19,16.25
447033ce-ee1f-4cca-bb12-47d22583ac12,3,10,15.6875
447033ce-ee1f-4cca-bb12-47d22583ac12,3,11,33.8095238095238
447033ce-ee1f-4cca-bb12-47d22583ac12,3,12,58.083333333333336
447033ce-ee1f-4cca-bb12-47d22583ac12,3,13,36.00694444444444
447033ce-ee1f-4cca-bb12-47d22583ac12,3,14,40.41666666666667
447033ce-ee1f-4cca-bb12-47d22583ac12,3,15,28.75
447033ce-ee1f-4cca-bb12-47d22583ac12,3,16,23.270833333333332
447033ce-ee1f-4cca-bb12-47d22583ac12,3,17,22.083333333333332
447033ce-ee1f-4cca-bb12-47d22583ac12,3,18,20.277777777777775
447033ce-ee1f-4cca-bb12-47d22583ac12,3,19,22.569444444444443
447033ce-ee1f-4cca-bb12-47d22583ac12,4,10,19.444444444444446
447033ce-ee1f-4cca-bb12-47d22583ac12,4,11,19.595959595959595
447033ce-ee1f-4cca-bb12-47d22583ac12,4,12,28.645833333333332
447033ce-ee1f-4cca-bb12-47d22583ac12,4,13,31.964285714285715
447033ce-ee1f-4cca-bb12-47d22583ac12,4,14,25.104166666666668
447033ce-ee1f-4cca-bb12-47d22583ac12,4,15,21.5
447033ce-ee1f-4cca-bb12-47d22583ac12,4,16,25.625
447033ce-ee1f-4cca-bb12-47d22583ac12,4,17,17.455357142857142
447033ce-ee1f-4cca-bb12-47d22583ac12,4,18,20.989583333333332
447033ce-ee1f-4cca-bb12-47d22583ac12,4,19,26.979166666666668
447033ce-ee1f-4cca-bb12-47d22583ac12,5,9,15.0
447033ce-ee1f-4cca-bb12-47d22583ac12,5,10,16.822916666666668
447033ce-ee1f-4cca-bb12-47d22583ac12,5,11,20.788690476190478
447033ce-ee1f-4cca-bb12-47d22583ac12,5,12,25.625
447033ce-ee1f-4cca-bb12-47d22583ac12,5,13,25.0
447033ce-ee1f-4cca-bb12-47d22583ac12,5,14,23.645833333333332
447033ce-ee1f-4cca-bb12-47d22583ac12,5,15,17.33585858585859
447033ce-ee1f-4cca-bb12-47d22583ac12,5,16,18.143939393939394
447033ce-ee1f-4cca-bb12-47d22583ac12,5,17,16.666666666666668
447033ce-ee1f-4cca-bb12-47d22583ac12,5,18,14.204545454545453
447033ce-ee1f-4cca-bb12-47d22583ac12,5,19,19.375
447033ce-ee1f-4cca-bb12-47d22583ac12,5,20,31.666666666666668
447033ce-ee1f-4cca-bb12-47d22583ac12,6,10,16.527777777777775
447033ce-ee1f-4cca-bb12-47d22583ac12,6,11,23.591269841269842
447033ce-ee1f-4cca-bb12-47d22583ac12,6,12,24.583333333333332
447033ce-ee1f-4cca-bb12-47d22583ac12,6,13,20.833333333333332
447033ce-ee1f-4cca-bb12-47d22583ac12,6,14,18.386243386243386
447033ce-ee1f-4cca-bb12-47d22583ac12,6,15,29.62121212121212
447033ce-ee1f-4cca-bb12-47d22583ac12,6,16,27.083333333333332
447033ce-ee1f-4cca-bb12-47d22583ac12,6,17,21.145833333333332
447033ce-ee1f-4cca-bb12-47d22583ac12,6,18,15.833333333333334
447033ce-ee1f-4cca-bb12-47d22583ac12,6,19,18.229166666666664
447033ce-ee1f-4cca-bb12-47d22583ac12,6,20,21.25
480fde8f-fe58-4bfb-b3ab-052a39d4db7c,0,9,9.166666666666666
480fde8f-fe58-4bfb-b3ab-052a39d4db7c,0,10,23.636363636363637
480fde8f-fe58-4bfb-b3ab-052a39d4db7c,0,11,29.6875
480fde8f-fe58-4bfb-b3ab-052a39d4db7c,0,12,18.854166666666664
480fde8f-fe58-4bfb-b3ab-052a39d4db7c,0,13,18.106060606060606
480fde8f-fe58-4bfb-b3ab-052a39d4db7c,0,14,15.87797619047619
480fde8f-fe58-4bfb-b3ab-052a39d4db7c,0,15,12.5
480fde8f-fe58-4bfb-b3ab-052a39d4db7c,0,16,12.5
480fde8f-fe58-4bfb-b3ab-052a39d4db7c,0,17,10.0
480fde8f-fe58-4bfb-b3ab-052a39d4db7c,0,18,8.472222222222223
480fde8f-fe58-4bfb-b3ab-052a39d4db7c,0,19,8.541666666666666
480fde8f-fe58-4bfb-b3ab-052a39d4db7c,0,20,8.854166666666666
480fde8f-fe58-4bfb-b3ab-052a39d4db7c,1,9,6.5625
480fde8f-fe58-4bfb-b3ab-052a39d4db7c,1,10,17.723214285714285
480fde8f-fe58-4bfb-b3ab-052a39d4db7c,1,11,20.416666666666664
480fde8f-fe58-4bfb-b3ab-052a39d4db7c,1,12,15.3125
480fde8f-fe58-4bfb-b3ab-052a39d4db7c,1,13,10.104166666666666
480fde8f-fe58-4bfb-b3ab-052a39d4db7c,1,14,8.854166666666666
480fde8f-fe58-4bfb-b3ab-052a39d4db7c,1,15,6.875
480fde8f-fe58-4bfb-b3ab-052a39d4db7c,1,16,6.979166666666667
480fde8f-fe58-4bfb-b3ab-052a39d4db7c,1,17,7.095959595959596
480fde8f-fe58-4bfb-b3ab-052a39d4db7c,1,18,7.708333333333333
480fde8f-fe58-4bfb-b3ab-052a39d4db7c,1,19,5.583333333333333
480fde8f-fe58-4bfb-b3ab-052a39d4db7c,1,20,5.0
480fde8f-fe58-4bfb-b3ab-052a39d4db7c,2,9,6.9444444444444455
480fde8f-fe58-4bfb-b3ab-052a39d4db7c,2,10,18.854166666666668
480fde8f-fe58-4bfb-b3ab-052a39d4db7c,2,11,19.270833333333336
480fde8f-fe58-4bfb-b3ab-052a39d4db7c,2,12,15.9375
480fde8f-fe58-4bfb-b3ab-052a39d4db7c,2,13,11.770833333333332
480fde8f-fe58-4bfb-b3ab-052a39d4db7c,2,14,8.958333333333334
480fde8f-fe58-4bfb-b3ab-052a39d4db7c,2,15,6.136363636363637
480fde8f-fe58-4bfb-b3ab-052a39d4db7c,2,16,8.854166666666668
480fde8f-fe58-4bfb-b3ab-052a39d4db7c,2,17,7.604166666666666
480fde8f-fe58-4bfb-b3ab-052a39d4db7c,2,18,8.75
480fde8f-fe58-4bfb-b3ab-052a39d4db7c,2,19,6.979166666666667
480fde8f-fe58-4bfb-b3ab-052a39d4db7c,2,20,8.229166666666666
480fde8f-fe58-4bfb-b3ab-052a39d4db7c,3,9,7.1645021645021645
480fde8f-fe58-4bfb-b3ab-052a39d4db7c,3,10,20.395833333333332
480fde8f-fe58-4bfb-b3ab-052a39d4db7c,3,11,24.114583333333332
480fde8f-fe58-4bfb-b3ab-052a39d4db7c,3,12,19.867424242424242
480fde8f-fe58-4bfb-b3ab-052a39d4db7c,3,13,10.428030303030303
480fde8f-fe58-4bfb-b3ab-052a39d4db7c,3,14,9.583333333333334
480fde8f-fe58-4bfb-b3ab-052a39d4db7c,3,15,11.111111111111112
480fde8f-fe58-4bfb-b3ab-052a39d4db7c,3,16,9.469696969696969
480fde8f-fe58-4bfb-b3ab-052a39d4db7c,3,17,12.5
480fde8f-fe58-4bfb-b3ab-052a39d4db7c,3,18,10.416666666666666
480fde8f-fe58-4bfb-b3ab-052a39d4db7c,3,19,11.527777777777779
480fde8f-fe58-4bfb-b3ab-052a39d4db7c,3,20,7.222222222222222
480fde8f-fe58-4bfb-b3ab-052a39d4db7c,4,9,8.323863636363637
480fde8f-fe58-4bfb-b3ab-052a39d4db7c,4,10,23.61111111111111
480fde8f-fe58-4bfb-b3ab-052a39d4db7c,4,11,26.944444444444443
480fde8f-fe58-4bfb-b3ab-052a39d4db7c,4,12,17.172619047619047
480fde8f-fe58-4bfb-b3ab-052a39d4db7c,4,13,18.75
480fde8f-fe58-4bfb-b3ab-052a39d4db7c,4,14,16.770833333333336
480fde8f-fe58-4bfb-b3ab-052a39d4db7c,4,15,16.041666666666668
480fde8f-fe58-4bfb-b3ab-052a39d4db7c,4,16,18.020833333333336
480fde8f-fe58-4bfb-b3ab-052a39d4db7c,4,17,18.229166666666668
480fde8f-fe58-4bfb-b3ab-052a39d4db7c,4,18,20.104166666666668
480fde8f-fe58-4bfb-b3ab-052a39d4db7c,4,19,18.645833333333332
480fde8f-fe58-4bfb-b3ab-052a39d4db7c,4,20,14.6875
480fde8f-fe58-4bfb-b3ab-052a39d4db7c,5,9,8.541666666666666
480fde8f-fe58-4bfb-b3ab-052a39d4db7c,5,10,26.979166666666668
480fde8f-fe58-4bfb-b3ab-052a39d4db7c,5,11,30.833333333333336
480fde8f-fe58-4bfb-b3ab-052a39d4db7c,5,12,23.248106060606062
480fde8f-fe58-4bfb-b3ab-052a39d4db7c,5,13,18.583333333333332
480fde8f-fe58-4bfb-b3ab-052a39d4db7c,5,14,14.6875
480fde8f-fe58-4bfb-b3ab-052a39d4db7c,5,15,16.770833333333332
480fde8f-fe58-4bfb-b3ab-052a39d4db7c,5,16,16.875
480fde8f-fe58-4bfb-b3ab-052a39d4db7c,5,17,12.708333333333332
480fde8f-fe58-4bfb-b3ab-052a39d4db7c,5,18,11.666666666666668
480fde8f-fe58-4bfb-b3ab-052a39d4db7c,5,19,9.0
480fde8f-fe58-4bfb-b3ab-052a39d4db7c,5,20,8.854166666666666
480fde8f-fe58-4bfb-b3ab-052a39d4db7c,6,9,10.277777777777779
480fde8f-fe58-4bfb-b3ab-052a39d4db7c,6,10,21.25
480fde8f-fe58-4bfb-b3ab-052a39d4db7c,6,11,27.3125
480fde8f-fe58-4bfb-b3ab-052a39d4db7c,6,12,22.8125
480fde8f-fe58-4bfb-b3ab-052a39d4db7c,6,13,18.314393939393938
480fde8f-fe58-4bfb-b3ab-052a39d4db7c,6,14,14.25189393939394
480fde8f-fe58-4bfb-b3ab-052a39d4db7c,6,15,14.166666666666666
480fde8f-fe58-4bfb-b3ab-052a39d4db7c,6,16,9.61111111111111
480fde8f-fe58-4bfb-b3ab-052a39d4db7c,6,17,13.75
480fde8f-fe58-4bfb-b3ab-052a39d4db7c,6,18,13.541666666666666
480fde8f-fe58-4bfb-b3ab-052a39d4db7c,6,19,11.666666666666666
480fde8f-fe58-4bfb-b3ab-052a39d4db7c,6,20,12.5
482169b9-2889-4747-8aef-f9d13a37d940,4,9,0.0
482169b9-2889-4747-8aef-f9d13a37d940,4,10,0.0
482169b9-2889-4747-8aef-f9d13a37d940,4,11,0.0
482169b9-2889-4747-8aef-f9d13a37d940,4,12,0.0
482169b9-2889-4747-8aef-f9d13a37d940,4,13,0.0
482169b9-2889-4747-8aef-f9d13a37d940,4,14,0.0
482169b9-2889-4747-8aef-f9d13a37d940,4,15,0.0
482169b9-2889-4747-8aef-f9d13a37d940,4,16,0.0
482169b9-2889-4747-8aef-f9d13a37d940,4,17,0.0
482169b9-2889-4747-8aef-f9d13a37d940,4,18,0.0
482169b9-2889-4747-8aef-f9d13a37d940,4,19,0.0
482169b9-2889-4747-8aef-f9d13a37d940,4,20,0.0
4f391f0e-52be-4f9d-99d6-b3ae0373b43c,0,8,5.0
4f391f0e-52be-4f9d-99d6-b3ae0373b43c,0,9,6.666666666666667
4f391f0e-52be-4f9d-99d6-b3ae0373b43c,0,10,12.083333333333332
4f391f0e-52be-4f9d-99d6-b3ae0373b43c,0,11,16.25
4f391f0e-52be-4f9d-99d6-b3ae0373b43c,0,12,15.3125
4f391f0e-52be-4f9d-99d6-b3ae0373b43c,0,13,13.125
4f391f0e-52be-4f9d-99d6-b3ae0373b43c,0,14,13.958333333333332
4f391f0e-52be-4f9d-99d6-b3ae0373b43c,0,15,9.166666666666666
4f391f0e-52be-4f9d-99d6-b3ae0373b43c,0,16,7.5
4f391f0e-52be-4f9d-99d6-b3ae0373b43c,1,8,5.0
4f391f0e-52be-4f9d-99d6-b3ae0373b43c,1,9,8.28125
4f391f0e-52be-4f9d-99d6-b3ae0373b43c,1,10,8.541666666666668
4f391f0e-52be-4f9d-99d6-b3ae0373b43c,1,11,11.25
4f391f0e-52be-4f9d-99d6-b3ae0373b43c,1,12,11.458333333333332
4f391f0e-52be-4f9d-99d6-b3ae0373b43c,1,13,9.583333333333332
4f391f0e-52be-4f9d-99d6-b3ae0373b43c,1,14,9.270833333333332
4f391f0e-52be-4f9d-99d6-b3ae0373b43c,1,15,8.75
4f391f0e-52be-4f9d-99d6-b3ae0373b43c,1,16,5.0
4f391f0e-52be-4f9d-99d6-b3ae0373b43c,2,8,5.0
4f391f0e-52be-4f9d-99d6-b3ae0373b43c,2,9,6.944444444444445
4f391f0e-52be-4f9d-99d6-b3ae0373b43c,2,10,8.229166666666668
4f391f0e-52be-4f9d-99d6-b3ae0373b43c,2,11,11.458333333333332
4f391f0e-52be-4f9d-99d6-b3ae0373b43c,2,12,9.375
4f391f0e-52be-4f9d-99d6-b3ae0373b43c,2,13,8.75
4f391f0e-52be-4f9d-99d6-b3ae0373b43c,2,14,8.75
4f391f0e-52be-4f9d-99d6-b3ae0373b43c,2,15,6.875
4f391f0e-52be-4f9d-99d6-b3ae0373b43c,2,16,5.0
4f391f0e-52be-4f9d-99d6-b3ae0373b43c,3,8,5.0
4f391f0e-52be-4f9d-99d6-b3ae0373b43c,3,9,5.0
4f391f0e-52be-4f9d-99d6-b3ae0373b43c,3,10,5.0
4f391f0e-52be-4f9d-99d6-b3ae0373b43c,3,11,5.0
4f391f0e-52be-4f9d-99d6-b3ae0373b43c,3,12,5.0
4f391f0e-52be-4f9d-99d6-b3ae0373b43c,3,13,5.0
4f391f0e-52be-4f9d-99d6-b3ae0373b43c,3,14,5.0
4f391f0e-52be-4f9d-99d6-b3ae0373b43c,3,15,5.0
4f391f0e-52be-4f9d-99d6-b3ae0373b43c,3,16,5.0
4f391f0e-52be-4f9d-99d6-b3ae0373b43c,4,8,5.0
4f391f0e-52be-4f9d-99d6-b3ae0373b43c,4,9,7.5
4f391f0e-52be-4f9d-99d6-b3ae0373b43c,4,10,7.604166666666667
4f391f0e-52be-4f9d-99d6-b3ae0373b43c,4,11,10.208333333333332
4f391f0e-52be-4f9d-99d6-b3ae0373b43c,4,12,12.604166666666666
4f391f0e-52be-4f9d-99d6-b3ae0373b43c,4,13,12.1875
4f391f0e-52be-4f9d-99d6-b3ae0373b43c,4,14,12.395833333333332
4f391f0e-52be-4f9d-99d6-b3ae0373b43c,4,15,8.75
4f391f0e-52be-4f9d-99d6-b3ae0373b43c,4,16,5.0
4f391f0e-52be-4f9d-99d6-b3ae0373b43c,5,8,6.666666666666667
4f391f0e-52be-4f9d-99d6-b3ae0373b43c,5,9,7.017045454545455
4f391f0e-52be-4f9d-99d6-b3ae0373b43c,5,10,12.083333333333332
4f391f0e-52be-4f9d-99d6-b3ae0373b43c,5,11,20.3125
4f391f0e-52be-4f9d-99d6-b3ae0373b43c,5,12,19.0625
4f391f0e-52be-4f9d-99d6-b3ae0373b43c,5,13,15.625
4f391f0e-52be-4f9d-99d6-b3ae0373b43c,5,14,12.5
4f391f0e-52be-4f9d-99d6-b3ae0373b43c,5,15,12.5
4f391f0e-52be-4f9d-99d6-b3ae0373b43c,5,16,13.333333333333334
4f391f0e-52be-4f9d-99d6-b3ae0373b43c,6,8,11.363636363636363
4f391f0e-52be-4f9d-99d6-b3ae0373b43c,6,9,8.75
4f391f0e-52be-4f9d-99d6-b3ae0373b43c,6,10,10.0
4f391f0e-52be-4f9d-99d6-b3ae0373b43c,6,11,12.083333333333334
4f391f0e-52be-4f9d-99d6-b3ae0373b43c,6,12,10.729166666666668
4f391f0e-52be-4f9d-99d6-b3ae0373b43c,6,13,10.0
4f391f0e-52be-4f9d-99d6-b3ae0373b43c,6,14,10.0
4f391f0e-52be-4f9d-99d6-b3ae0373b43c,6,15,10.0
4f391f0e-52be-4f9d-99d6-b3ae0373b43c,6,16,5.0
578bbd12-1975-4ec3-9879-ea641c780342,0,9,71.35416666666666
578bbd12-1975-4ec3-9879-ea641c780342,0,10,64.86607142857142
578bbd12-1975-4ec3-9879-ea641c780342,0,11,62.604166666666664
578bbd12-1975-4ec3-9879-ea641c780342,0,12,67.29166666666666
578bbd12-1975-4ec3-9879-ea641c780342,0,13,56.458333333333336
578bbd12-1975-4ec3-9879-ea641c780342,0,14,59.166666666666664
578bbd12-1975-4ec3-9879-ea641c780342,0,15,55.625
578bbd12-1975-4ec3-9879-ea641c780342,0,16,55.833333333333336
578bbd12-1975-4ec3-9879-ea641c780342,0,17,38.125
578bbd12-1975-4ec3-9879-ea641c780342,0,18,60.0
578bbd12-1975-4ec3-9879-ea641c780342,0,19,52.72727272727273
578bbd12-1975-4ec3-9879-ea641c780342,0,20,56.666666666666664
578bbd12-1975-4ec3-9879-ea641c780342,1,9,70.52083333333333
578bbd12-1975-4ec3-9879-ea641c780342,1,10,66.66666666666667
578bbd12-1975-4ec3-9879-ea641c780342,1,11,60.0
578bbd12-1975-4ec3-9879-ea641c780342,1,12,60.20833333333333
578bbd12-1975-4ec3-9879-ea641c780342,1,13,51.145833333333336
578bbd12-1975-4ec3-9879-ea641c780342,1,14,59.583333333333336
578bbd12-1975-4ec3-9879-ea641c780342,1,15,50.166666666666664
578bbd12-1975-4ec3-9879-ea641c780342,1,16,53.05555555555555
578bbd12-1975-4ec3-9879-ea641c780342,1,17,50.56547619047619
578bbd12-1975-4ec3-9879-ea641c780342,1,18,50.83333333333333
578bbd12-1975-4ec3-9879-ea641c780342,1,19,50.0
578bbd12-1975-4ec3-9879-ea641c780342,1,20,52.083333333333336
578bbd12-1975-4ec3-9879-ea641c780342,2,9,52.72727272727273
578bbd12-1975-4ec3-9879-ea641c780342,2,10,54.166666666666664
578bbd12-1975-4ec3-9879-ea641c780342,2,11,47.22222222222222
578bbd12-1975-4ec3-9879-ea641c780342,2,12,43.75
578bbd12-1975-4ec3-9879-ea641c780342,2,13,46.666666666666664
578bbd12-1975-4ec3-9879-ea641c780342,2,14,49.86111111111111
578bbd12-1975-4ec3-9879-ea641c780342,2,15,56.138888888888886
578bbd12-1975-4ec3-9879-ea641c780342,2,16,55.83333333333333
578bbd12-1975-4ec3-9879-ea641c780342,2,17,59.166666666666664
578bbd12-1975-4ec3-9879-ea641c780342,2,18,57.5
578bbd12-1975-4ec3-9879-ea641c780342,2,19,46.66666666666667
578bbd12-1975-4ec3-9879-ea641c780342,3,9,62.083333333333336
578bbd12-1975-4ec3-9879-ea641c780342,3,10,51.00694444444444
578bbd12-1975-4ec3-9879-ea641c780342,3,11,56.66666666666667
578bbd12-1975-4ec3-9879-ea641c780342,3,12,59.583333333333336
578bbd12-1975-4ec3-9879-ea641c780342,3,13,58.125
578bbd12-1975-4ec3-9879-ea641c780342,3,14,54.6875
578bbd12-1975-4ec3-9879-ea641c780342,3,15,60.05952380952381
578bbd12-1975-4ec3-9879-ea641c780342,3,16,53.05555555555555
578bbd12-1975-4ec3-9879-ea641c780342,3,17,56.666666666666664
578bbd12-1975-4ec3-9879-ea641c780342,3,18,57.17171717171717
578bbd12-1975-4ec3-9879-ea641c780342,3,19,56.25
578bbd12-1975-4ec3-9879-ea641c780342,3,20,51.25
578bbd12-1975-4ec3-9879-ea641c780342,4,9,55.25568181818181
578bbd12-1975-4ec3-9879-ea641c780342,4,10,51.1875
578bbd12-1975-4ec3-9879-ea641c780342,4,11,53.191287878787875
578bbd12-1975-4ec3-9879-ea641c780342,4,12,51.354166666666664
578bbd12-1975-4ec3-9879-ea641c780342,4,13,50.27777777777778
578bbd12-1975-4ec3-9879-ea641c780342,4,14,53.854166666666664
578bbd12-1975-4ec3-9879-ea641c780342,4,15,55.769480519480524
578bbd12-1975-4ec3-9879-ea641c780342,4,16,63.125
578bbd12-1975-4ec3-9879-ea641c780342,4,17,57.61904761904762
578bbd12-1975-4ec3-9879-ea641c780342,4,18,60.34090909090909
578bbd12-1975-4ec3-9879-ea641c780342,4,19,61.25
578bbd12-1975-4ec3-9879-ea641c780342,4,20,40.833333333333336
578bbd12-1975-4ec3-9879-ea641c780342,5,9,66.5625
578bbd12-1975-4ec3-9879-ea641c780342,5,10,63.22916666666667
578bbd12-1975-4ec3-9879-ea641c780342,5,11,64.6875
578bbd12-1975-4ec3-9879-ea641c780342,5,12,67.5
578bbd12-1975-4ec3-9879-ea641c780342,5,13,65.41666666666666
578bbd12-1975-4ec3-9879-ea641c780342,5,14,69.89583333333333
578bbd12-1975-4ec3-9879-ea641c780342,5,15,69.25
578bbd12-1975-4ec3-9879-ea641c780342,5,16,66.1111111111111
578bbd12-1975-4ec3-9879-ea641c780342,5,17,69.375
578bbd12-1975-4ec3-9879-ea641c780342,5,18,80.0
578bbd12-1975-4ec3-9879-ea641c780342,5,19,75.0
578bbd12-1975-4ec3-9879-ea641c780342,5,20,65.83333333333333
578bbd12-1975-4ec3-9879-ea641c780342,6,9,62.1875
578bbd12-1975-4ec3-9879-ea641c780342,6,10,60.890151515151516
578bbd12-1975-4ec3-9879-ea641c780342,6,11,62.24747474747474
578bbd12-1975-4ec3-9879-ea641c780342,6,12,64.00252525252525
578bbd12-1975-4ec3-9879-ea641c780342,6,13,62.65151515151515
578bbd12-1975-4ec3-9879-ea641c780342,6,14,62.22222222222223
578bbd12-1975-4ec3-9879-ea641c780342,6,15,63.17460317460317
578bbd12-1975-4ec3-9879-ea641c780342,6,16,71.25
578bbd12-1975-4ec3-9879-ea641c780342,6,17,64.58333333333333
578bbd12-1975-4ec3-9879-ea641c780342,6,18,50.0
578bbd12-1975-4ec3-9879-ea641c780342,6,19,58.22222222222223
578bbd12-1975-4ec3-9879-ea641c780342,6,20,65.55555555555556
57acb522-a6fc-4aa4-a80e-21f21f317250,0,10,15.729166666666668
57acb522-a6fc-4aa4-a80e-21f21f317250,0,11,16.25
57acb522-a6fc-4aa4-a80e-21f21f317250,0,12,18.125
57acb522-a6fc-4aa4-a80e-21f21f317250,0,13,16.875
57acb522-a6fc-4aa4-a80e-21f21f317250,0,14,15.0
57acb522-a6fc-4aa4-a80e-21f21f317250,0,15,15.0
57acb522-a6fc-4aa4-a80e-21f21f317250,0,16,16.458333333333332
57acb522-a6fc-4aa4-a80e-21f21f317250,0,17,16.25
57acb522-a6fc-4aa4-a80e-21f21f317250,0,18,15.0
57acb522-a6fc-4aa4-a80e-21f21f317250,0,19,15.0
57acb522-a6fc-4aa4-a80e-21f21f317250,0,20,15.0
57acb522-a6fc-4aa4-a80e-21f21f317250,1,10,15.208333333333334
57acb522-a6fc-4aa4-a80e-21f21f317250,1,11,15.0
57acb522-a6fc-4aa4-a80e-21f21f317250,1,12,15.0
57acb522-a6fc-4aa4-a80e-21f21f317250,1,13,15.0
57acb522-a6fc-4aa4-a80e-21f21f317250,1,14,15.0
57acb522-a6fc-4aa4-a80e-21f21f317250,1,15,15.0
57acb522-a6fc-4aa4-a80e-21f21f317250,1,16,15.0
57acb522-a6fc-4aa4-a80e-21f21f317250,1,17,15.0
57acb522-a6fc-4aa4-a80e-21f21f317250,1,18,15.0
57acb522-a6fc-4aa4-a80e-21f21f317250,1,19,15.0
57acb522-a6fc-4aa4-a80e-21f21f317250,1,20,15.0
57acb522-a6fc-4aa4-a80e-21f21f317250,2,10,15.0
57acb522-a6fc-4aa4-a80e-21f21f317250,2,11,15.0
57acb522-a6fc-4aa4-a80e-21f21f317250,2,12,15.0
57acb522-a6fc-4aa4-a80e-21f21f317250,2,13,15.0
57acb522-a6fc-4aa4-a80e-21f21f317250,2,14,15.0
57acb522-a6fc-4aa4-a80e-21f21f317250,2,15,15.0
57acb522-a6fc-4aa4-a80e-21f21f317250,2,16,15.0
57acb522-a6fc-4aa4-a80e-21f21f317250,2,17,15.0
57acb522-a6fc-4aa4-a80e-21f21f317250,2,18,15.0
57acb522-a6fc-4aa4-a80e-21f21f317250,2,19,15.0
57acb522-a6fc-4aa4-a80e-21f21f317250,2,20,15.0
57acb522-a6fc-4aa4-a80e-21f21f317250,3,10,15.0
57acb522-a6fc-4aa4-a80e-21f21f317250,3,11,15.0
57acb522-a6fc-4aa4-a80e-21f21f317250,3,12,15.0
57acb522-a6fc-4aa4-a80e-21f21f317250,3,13,15.0
57acb522-a6fc-4aa4-a80e-21f21f317250,3,14,15.0
57acb522-a6fc-4aa4-a80e-21f21f317250,3,15,15.0
57acb522-a6fc-4aa4-a80e-21f21f317250,3,16,15.0
57acb522-a6fc-4aa4-a80e-21f21f317250,3,17,15.0
57acb522-a6fc-4aa4-a80e-21f21f317250,3,18,15.0
57acb522-a6fc-4aa4-a80e-21f21f317250,3,19,15.0
57acb522-a6fc-4aa4-a80e-21f21f317250,3,20,15.0
57acb522-a6fc-4aa4-a80e-21f21f317250,4,10,15.0
57acb522-a6fc-4aa4-a80e-21f21f317250,4,11,15.0
57acb522-a6fc-4aa4-a80e-21f21f317250,4,12,16.145833333333332
57acb522-a6fc-4aa4-a80e-21f21f317250,4,13,18.541666666666668
57acb522-a6fc-4aa4-a80e-21f21f317250,4,14,16.25
57acb522-a6fc-4aa4-a80e-21f21f317250,4,15,15.0
57acb522-a6fc-4aa4-a80e-21f21f317250,4,16,15.0
57acb522-a6fc-4aa4-a80e-21f21f317250,4,17,15.0
57acb522-a6fc-4aa4-a80e-21f21f317250,4,18,15.0
57acb522-a6fc-4aa4-a80e-21f21f317250,4,19,15.0
57acb522-a6fc-4aa4-a80e-21f21f317250,4,20,15.0
57acb522-a6fc-4aa4-a80e-21f21f317250,5,10,15.0
57acb522-a6fc-4aa4-a80e-21f21f317250,5,11,15.0
57acb522-a6fc-4aa4-a80e-21f21f317250,5,12,15.0
57acb522-a6fc-4aa4-a80e-21f21f317250,5,13,15.0
57acb522-a6fc-4aa4-a80e-21f21f317250,5,14,15.0
57acb522-a6fc-4aa4-a80e-21f21f317250,5,15,15.0
57acb522-a6fc-4aa4-a80e-21f21f317250,5,16,15.0
57acb522-a6fc-4aa4-a80e-21f21f317250,5,17,15.0
57acb522-a6fc-4aa4-a80e-21f21f317250,5,18,15.0
57acb522-a6fc-4aa4-a80e-21f21f317250,5,19,15.0
57acb522-a6fc-4aa4-a80e-21f21f317250,5,20,15.0
57acb522-a6fc-4aa4-a80e-21f21f317250,6,10,15.0
57acb522-a6fc-4aa4-a80e-21f21f317250,6,11,16.145833333333332
57acb522-a6fc-4aa4-a80e-21f21f317250,6,12,16.25
57acb522-a6fc-4aa4-a80e-21f21f317250,6,13,16.25
57acb522-a6fc-4aa4-a80e-21f21f317250,6,14,16.25
57acb522-a6fc-4aa4-a80e-21f21f317250,6,15,16.25
57acb522-a6fc-4aa4-a80e-21f21f317250,6,16,15.9375
57acb522-a6fc-4aa4-a80e-21f21f317250,6,17,15.0
57acb522-a6fc-4aa4-a80e-21f21f317250,6,18,15.0
57acb522-a6fc-4aa4-a80e-21f21f317250,6,19,15.0
57acb522-a6fc-4aa4-a80e-21f21f317250,6,20,15.0
5a43d1a7-ad53-4d25-abfe-25625f0da304,0,9,52.27272727272727
5a43d1a7-ad53-4d25-abfe-25625f0da304,0,10,45.9375
5a43d1a7-ad53-4d25-abfe-25625f0da304,0,11,55.104166666666664
5a43d1a7-ad53-4d25-abfe-25625f0da304,0,12,50.625
5a43d1a7-ad53-4d25-abfe-25625f0da304,0,13,48.33333333333333
5a43d1a7-ad53-4d25-abfe-25625f0da304,0,14,46.25
5a43d1a7-ad53-4d25-abfe-25625f0da304,0,15,54.791666666666664
5a43d1a7-ad53-4d25-abfe-25625f0da304,0,16,48.54166666666667
5a43d1a7-ad53-4d25-abfe-25625f0da304,0,17,51.77083333333333
5a43d1a7-ad53-4d25-abfe-25625f0da304,0,18,55.20833333333333
5a43d1a7-ad53-4d25-abfe-25625f0da304,0,19,61.45833333333333
5a43d1a7-ad53-4d25-abfe-25625f0da304,0,20,64.58333333333333
5a43d1a7-ad53-4d25-abfe-25625f0da304,0,21,50.9375
5a43d1a7-ad53-4d25-abfe-25625f0da304,0,22,92.02651515151516
5a43d1a7-ad53-4d25-abfe-25625f0da304,1,9,31.818181818181817
5a43d1a7-ad53-4d25-abfe-25625f0da304,1,10,38.95833333333333
5a43d1a7-ad53-4d25-abfe-25625f0da304,1,11,38.125
5a43d1a7-ad53-4d25-abfe-25625f0da304,1,12,38.54166666666667
5a43d1a7-ad53-4d25-abfe-25625f0da304,1,13,37.5
5a43d1a7-ad53-4d25-abfe-25625f0da304,1,14,36.979166666666664
5a43d1a7-ad53-4d25-abfe-25625f0da304,1,15,35.854166666666664
5a43d1a7-ad53-4d25-abfe-25625f0da304,1,16,40.104166666666664
5a43d1a7-ad53-4d25-abfe-25625f0da304,1,17,47.1875
5a43d1a7-ad53-4d25-abfe-25625f0da304,2,9,42.85227272727273
5a43d1a7-ad53-4d25-abfe-25625f0da304,2,10,49.47916666666667
5a43d1a7-ad53-4d25-abfe-25625f0da304,2,11,51.145833333333336
5a43d1a7-ad53-4d25-abfe-25625f0da304,2,12,53.229166666666664
5a43d1a7-ad53-4d25-abfe-25625f0da304,2,13,49.895833333333336
5a43d1a7-ad53-4d25-abfe-25625f0da304,2,14,44.16666666666667
5a43d1a7-ad53-4d25-abfe-25625f0da304,2,15,57.217261904761905
5a43d1a7-ad53-4d25-abfe-25625f0da304,2,16,51.77083333333333
5a43d1a7-ad53-4d25-abfe-25625f0da304,2,17,57.39583333333333
5a43d1a7-ad53-4d25-abfe-25625f0da304,2,18,59.6875
5a43d1a7-ad53-4d25-abfe-25625f0da304,2,19,71.14583333333334
5a43d1a7-ad53-4d25-abfe-25625f0da304,2,20,82.39583333333333
5a43d1a7-ad53-4d25-abfe-25625f0da304,2,21,56.125
5a43d1a7-ad53-4d25-abfe-25625f0da304,2,22,107.08333333333333
5a43d1a7-ad53-4d25-abfe-25625f0da304,3,9,46.76136363636364
5a43d1a7-ad53-4d25-abfe-25625f0da304,3,10,44.640151515151516
5a43d1a7-ad53-4d25-abfe-25625f0da304,3,11,54.0625
5a43d1a7-ad53-4d25-abfe-25625f0da304,3,12,48.333333333333336
5a43d1a7-ad53-4d25-abfe-25625f0da304,3,13,51.666666666666664
5a43d1a7-ad53-4d25-abfe-25625f0da304,3,14,49.27083333333333
5a43d1a7-ad53-4d25-abfe-25625f0da304,3,15,52.8125
5a43d1a7-ad53-4d25-abfe-25625f0da304,3,16,52.8125
5a43d1a7-ad53-4d25-abfe-25625f0da304,3,17,50.9375
5a43d1a7-ad53-4d25-abfe-25625f0da304,3,18,66.80555555555556
5a43d1a7-ad53-4d25-abfe-25625f0da304,3,19,70.83333333333333
5a43d1a7-ad53-4d25-abfe-25625f0da304,3,20,71.52777777777777
5a43d1a7-ad53-4d25-abfe-25625f0da304,3,21,57.916666666666664
5a43d1a7-ad53-4d25-abfe-25625f0da304,3,22,94.79166666666667
5a43d1a7-ad53-4d25-abfe-25625f0da304,4,8,19.848484848484848
5a43d1a7-ad53-4d25-abfe-25625f0da304,4,9,35.8125
5a43d1a7-ad53-4d25-abfe-25625f0da304,4,10,40.41666666666667
5a43d1a7-ad53-4d25-abfe-25625f0da304,4,11,44.375
5a43d1a7-ad53-4d25-abfe-25625f0da304,4,12,39.79166666666667
5a43d1a7-ad53-4d25-abfe-25625f0da304,4,13,41.94444444444445
5a43d1a7-ad53-4d25-abfe-25625f0da304,4,14,48.05555555555555
5a43d1a7-ad53-4d25-abfe-25625f0da304,4,15,54.791666666666664
5a43d1a7-ad53-4d25-abfe-25625f0da304,4,16,58.854166666666664
5a43d1a7-ad53-4d25-abfe-25625f0da304,4,17,62.11111111111111
5a43d1a7-ad53-4d25-abfe-25625f0da304,5,8,37.5
5a43d1a7-ad53-4d25-abfe-25625f0da304,5,9,43.282828282828284
5a43d1a7-ad53-4d25-abfe-25625f0da304,5,10,53.95833333333333
5a43d1a7-ad53-4d25-abfe-25625f0da304,5,11,60.20833333333333
5a43d1a7-ad53-4d25-abfe-25625f0da304,5,12,61.5625
5a43d1a7-ad53-4d25-abfe-25625f0da304,5,13,64.6875
5a43d1a7-ad53-4d25-abfe-25625f0da304,5,14,56.90340909090909
5a43d1a7-ad53-4d25-abfe-25625f0da304,5,15,71.70833333333334
5a43d1a7-ad53-4d25-abfe-25625f0da304,5,16,74.27083333333333
5a43d1a7-ad53-4d25-abfe-25625f0da304,5,17,68.95833333333333
5a43d1a7-ad53-4d25-abfe-25625f0da304,5,18,74.0625
5a43d1a7-ad53-4d25-abfe-25625f0da304,5,19,88.95833333333334
5a43d1a7-ad53-4d25-abfe-25625f0da304,5,20,94.375
5a43d1a7-ad53-4d25-abfe-25625f0da304,5,21,88.02083333333333
5a43d1a7-ad53-4d25-abfe-25625f0da304,5,22,95.3125
5a43d1a7-ad53-4d25-abfe-25625f0da304,6,8,26.59090909090909
5a43d1a7-ad53-4d25-abfe-25625f0da304,6,9,49.583333333333336
5a43d1a7-ad53-4d25-abfe-25625f0da304,6,10,41.875
5a43d1a7-ad53-4d25-abfe-25625f0da304,6,11,50.104166666666664
5a43d1a7-ad53-4d25-abfe-25625f0da304,6,12,49.58333333333333
5a43d1a7-ad53-4d25-abfe-25625f0da304,6,13,50.41666666666667
5a43d1a7-ad53-4d25-abfe-25625f0da304,6,14,49.375
5a43d1a7-ad53-4d25-abfe-25625f0da304,6,15,52.39583333333333
5a43d1a7-ad53-4d25-abfe-25625f0da304,6,16,54.16666666666667
5a43d1a7-ad53-4d25-abfe-25625f0da304,6,17,53.333333333333336
5a43d1a7-ad53-4d25-abfe-25625f0da304,6,18,84.16666666666667
5a43d1a7-ad53-4d25-abfe-25625f0da304,6,19,79.58333333333333
5a43d1a7-ad53-4d25-abfe-25625f0da304,6,20,92.91666666666667
5a43d1a7-ad53-4d25-abfe-25625f0da304,6,21,82.5
5b6475ad-4e9a-4793-b841-501aa382c9c0,0,9,15.9375
5b6475ad-4e9a-4793-b841-501aa382c9c0,0,10,21.875
5b6475ad-4e9a-4793-b841-501aa382c9c0,0,11,24.375
5b6475ad-4e9a-4793-b841-501aa382c9c0,0,12,21.770833333333336
5b6475ad-4e9a-4793-b841-501aa382c9c0,0,13,15.9375
5b6475ad-4e9a-4793-b841-501aa382c9c0,0,14,15.0
5b6475ad-4e9a-4793-b841-501aa382c9c0,0,15,16.145833333333332
5b6475ad-4e9a-4793-b841-501aa382c9c0,0,16,15.0
5b6475ad-4e9a-4793-b841-501aa382c9c0,0,17,15.0
5b6475ad-4e9a-4793-b841-501aa382c9c0,0,18,15.0
5b6475ad-4e9a-4793-b841-501aa382c9c0,0,19,15.0
5b6475ad-4e9a-4793-b841-501aa382c9c0,0,20,15.0
5b6475ad-4e9a-4793-b841-501aa382c9c0,1,9,15.0
5b6475ad-4e9a-4793-b841-501aa382c9c0,1,10,19.479166666666664
5b6475ad-4e9a-4793-b841-501aa382c9c0,1,11,21.041666666666668
5b6475ad-4e9a-4793-b841-501aa382c9c0,1,12,17.083333333333332
5b6475ad-4e9a-4793-b841-501aa382c9c0,1,13,16.25
5b6475ad-4e9a-4793-b841-501aa382c9c0,1,14,17.291666666666668
5b6475ad-4e9a-4793-b841-501aa382c9c0,1,15,16.041666666666668
5b6475ad-4e9a-4793-b841-501aa382c9c0,1,16,15.0
5b6475ad-4e9a-4793-b841-501aa382c9c0,1,17,15.0
5b6475ad-4e9a-4793-b841-501aa382c9c0,1,18,15.3125
5b6475ad-4e9a-4793-b841-501aa382c9c0,1,19,16.5625
5b6475ad-4e9a-4793-b841-501aa382c9c0,1,20,15.0
5b6475ad-4e9a-4793-b841-501aa382c9c0,2,9,15.0
5b6475ad-4e9a-4793-b841-501aa382c9c0,2,10,18.854166666666668
5b6475ad-4e9a-4793-b841-501aa382c9c0,2,11,21.979166666666664
5b6475ad-4e9a-4793-b841-501aa382c9c0,2,12,20.833333333333332
5b6475ad-4e9a-4793-b841-501aa382c9c0,2,13,17.708333333333332
5b6475ad-4e9a-4793-b841-501aa382c9c0,2,14,17.291666666666668
5b6475ad-4e9a-4793-b841-501aa382c9c0,2,15,15.0
5b6475ad-4e9a-4793-b841-501aa382c9c0,2,16,15.0
5b6475ad-4e9a-4793-b841-501aa382c9c0,2,17,15.0
5b6475ad-4e9a-4793-b841-501aa382c9c0,2,18,15.0
5b6475ad-4e9a-4793-b841-501aa382c9c0,2,19,15.0
5b6475ad-4e9a-4793-b841-501aa382c9c0,2,20,15.0
5b6475ad-4e9a-4793-b841-501aa382c9c0,3,9,15.0
5b6475ad-4e9a-4793-b841-501aa382c9c0,3,10,15.729166666666668
5b6475ad-4e9a-4793-b841-501aa382c9c0,3,11,19.583333333333336
5b6475ad-4e9a-4793-b841-501aa382c9c0,3,12,22.1875
5b6475ad-4e9a-4793-b841-501aa382c9c0,3,13,17.8125
5b6475ad-4e9a-4793-b841-501aa382c9c0,3,14,18.59375
5b6475ad-4e9a-4793-b841-501aa382c9c0,3,15,15.0
5b6475ad-4e9a-4793-b841-501aa382c9c0,3,16,17.395833333333332
5b6475ad-4e9a-4793-b841-501aa382c9c0,3,17,15.277777777777779
5b6475ad-4e9a-4793-b841-501aa382c9c0,3,18,16.770833333333332
5b6475ad-4e9a-4793-b841-501aa382c9c0,3,19,16.25
5b6475ad-4e9a-4793-b841-501aa382c9c0,3,20,15.416666666666668
5b6475ad-4e9a-4793-b841-501aa382c9c0,4,9,12.708333333333334
5b6475ad-4e9a-4793-b841-501aa382c9c0,4,10,16.041666666666668
5b6475ad-4e9a-4793-b841-501aa382c9c0,4,11,21.354166666666668
5b6475ad-4e9a-4793-b841-501aa382c9c0,4,12,22.916666666666668
5b6475ad-4e9a-4793-b841-501aa382c9c0,4,13,22.291666666666668
5b6475ad-4e9a-4793-b841-501aa382c9c0,4,14,19.270833333333332
5b6475ad-4e9a-4793-b841-501aa382c9c0,4,15,17.291666666666668
5b6475ad-4e9a-4793-b841-501aa382c9c0,4,16,16.25
5b6475ad-4e9a-4793-b841-501aa382c9c0,4,17,16.25
5b6475ad-4e9a-4793-b841-501aa382c9c0,4,18,16.25
5b6475ad-4e9a-4793-b841-501aa382c9c0,4,19,15.416666666666668
5b6475ad-4e9a-4793-b841-501aa382c9c0,4,20,15.0
5b6475ad-4e9a-4793-b841-501aa382c9c0,5,9,10.208333333333334
5b6475ad-4e9a-4793-b841-501aa382c9c0,5,10,12.8125
5b6475ad-4e9a-4793-b841-501aa382c9c0,5,11,19.0625
5b6475ad-4e9a-4793-b841-501aa382c9c0,5,12,19.479166666666668
5b6475ad-4e9a-4793-b841-501aa382c9c0,5,13,15.0
5b6475ad-4e9a-4793-b841-501aa382c9c0,5,14,15.0
5b6475ad-4e9a-4793-b841-501aa382c9c0,5,15,15.104166666666666
5b6475ad-4e9a-4793-b841-501aa382c9c0,5,16,16.25
5b6475ad-4e9a-4793-b841-501aa382c9c0,5,17,16.25
5b6475ad-4e9a-4793-b841-501aa382c9c0,5,18,15.833333333333332
5b6475ad-4e9a-4793-b841-501aa382c9c0,5,19,16.11111111111111
5b6475ad-4e9a-4793-b841-501aa382c9c0,5,20,16.25
5b6475ad-4e9a-4793-b841-501aa382c9c0,6,9,14.365530303030303
5b6475ad-4e9a-4793-b841-501aa382c9c0,6,10,17.395833333333336
5b6475ad-4e9a-4793-b841-501aa382c9c0,6,11,18.229166666666664
5b6475ad-4e9a-4793-b841-501aa382c9c0,6,12,20.3125
5b6475ad-4e9a-4793-b841-501aa382c9c0,6,13,18.125
5b6475ad-4e9a-4793-b841-501aa382c9c0,6,14,15.104166666666666
5b6475ad-4e9a-4793-b841-501aa382c9c0,6,15,15.0
5b6475ad-4e9a-4793-b841-501aa382c9c0,6,16,18.75
5b6475ad-4e9a-4793-b841-501aa382c9c0,6,17,16.979166666666668
5b6475ad-4e9a-4793-b841-501aa382c9c0,6,18,15.729166666666666
5b6475ad-4e9a-4793-b841-501aa382c9c0,6,19,15.3125
5b6475ad-4e9a-4793-b841-501aa382c9c0,6,20,15.0
61079a31-4165-4fb0-b36f-c01c5971f80a,0,9,32.47916666666667
61079a31-4165-4fb0-b36f-c01c5971f80a,0,10,32.27272727272727
61079a31-4165-4fb0-b36f-c01c5971f80a,0,11,39.583333333333336
61079a31-4165-4fb0-b36f-c01c5971f80a,0,12,39.66666666666667
61079a31-4165-4fb0-b36f-c01c5971f80a,0,13,34.583333333333336
61079a31-4165-4fb0-b36f-c01c5971f80a,0,14,32.638888888888886
61079a31-4165-4fb0-b36f-c01c5971f80a,0,15,22.87878787878788
61079a31-4165-4fb0-b36f-c01c5971f80a,0,16,24.444444444444446
61079a31-4165-4fb0-b36f-c01c5971f80a,0,17,16.52777777777778
61079a31-4165-4fb0-b36f-c01c5971f80a,0,18,38.75
61079a31-4165-4fb0-b36f-c01c5971f80a,0,19,54.375
61079a31-4165-4fb0-b36f-c01c5971f80a,0,20,22.916666666666664
61079a31-4165-4fb0-b36f-c01c5971f80a,1,9,20.0
61079a31-4165-4fb0-b36f-c01c5971f80a,1,10,28.055555555555554
61079a31-4165-4fb0-b36f-c01c5971f80a,1,11,40.3125
61079a31-4165-4fb0-b36f-c01c5971f80a,1,12,41.354166666666664
61079a31-4165-4fb0-b36f-c01c5971f80a,1,13,38.4375
61079a31-4165-4fb0-b36f-c01c5971f80a,1,14,37.5
61079a31-4165-4fb0-b36f-c01c5971f80a,1,15,27.15277777777778
61079a31-4165-4fb0-b36f-c01c5971f80a,1,16,23.63888888888889
61079a31-4165-4fb0-b36f-c01c5971f80a,1,17,31.93181818181818
61079a31-4165-4fb0-b36f-c01c5971f80a,1,18,30.104166666666664
61079a31-4165-4fb0-b36f-c01c5971f80a,1,19,32.81565656565656
61079a31-4165-4fb0-b36f-c01c5971f80a,1,20,21.666666666666668
61079a31-4165-4fb0-b36f-c01c5971f80a,2,9,12.291666666666666
61079a31-4165-4fb0-b36f-c01c5971f80a,2,10,13.645833333333332
61079a31-4165-4fb0-b36f-c01c5971f80a,2,11,19.479166666666668
61079a31-4165-4fb0-b36f-c01c5971f80a,2,12,23.541666666666664
61079a31-4165-4fb0-b36f-c01c5971f80a,2,13,17.916666666666668
61079a31-4165-4fb0-b36f-c01c5971f80a,2,14,19.583333333333332
61079a31-4165-4fb0-b36f-c01c5971f80a,2,15,19.166666666666668
61079a31-4165-4fb0-b36f-c01c5971f80a,2,16,21.25
61079a31-4165-4fb0-b36f-c01c5971f80a,2,17,25.606060606060606
61079a31-4165-4fb0-b36f-c01c5971f80a,2,18,33.080808080808076
61079a31-4165-4fb0-b36f-c01c5971f80a,2,19,19.375
61079a31-4165-4fb0-b36f-c01c5971f80a,2,20,20.0
61079a31-4165-4fb0-b36f-c01c5971f80a,3,9,14.829545454545455
61079a31-4165-4fb0-b36f-c01c5971f80a,3,10,15.0
61079a31-4165-4fb0-b36f-c01c5971f80a,3,11,23.020833333333332
61079a31-4165-4fb0-b36f-c01c5971f80a,3,12,27.25
61079a31-4165-4fb0-b36f-c01c5971f80a,3,13,29.444444444444443
61079a31-4165-4fb0-b36f-c01c5971f80a,3,14,26.25
61079a31-4165-4fb0-b36f-c01c5971f80a,3,15,26.0625
61079a31-4165-4fb0-b36f-c01c5971f80a,3,16,30.416666666666664
61079a31-4165-4fb0-b36f-c01c5971f80a,3,17,41.21969696969697
61079a31-4165-4fb0-b36f-c01c5971f80a,3,18,46.02083333333333
61079a31-4165-4fb0-b36f-c01c5971f80a,3,19,35.172348484848484
61079a31-4165-4fb0-b36f-c01c5971f80a,3,20,27.5
61079a31-4165-4fb0-b36f-c01c5971f80a,4,9,12.604166666666666
61079a31-4165-4fb0-b36f-c01c5971f80a,4,10,18.59848484848485
61079a31-4165-4fb0-b36f-c01c5971f80a,4,11,29.375
61079a31-4165-4fb0-b36f-c01c5971f80a,4,12,31.89962121212121
61079a31-4165-4fb0-b36f-c01c5971f80a,4,13,39.35858585858586
61079a31-4165-4fb0-b36f-c01c5971f80a,4,14,35.27777777777778
61079a31-4165-4fb0-b36f-c01c5971f80a,4,15,39.77777777777778
61079a31-4165-4fb0-b36f-c01c5971f80a,4,16,52.5
61079a31-4165-4fb0-b36f-c01c5971f80a,4,17,42.625
61079a31-4165-4fb0-b36f-c01c5971f80a,4,18,50.625
61079a31-4165-4fb0-b36f-c01c5971f80a,4,19,47.1875
61079a31-4165-4fb0-b36f-c01c5971f80a,4,20,29.583333333333332
61079a31-4165-4fb0-b36f-c01c5971f80a,5,9,21.425595238095237
61079a31-4165-4fb0-b36f-c01c5971f80a,5,10,34.89583333333333
61079a31-4165-4fb0-b36f-c01c5971f80a,5,11,41.69507575757576
61079a31-4165-4fb0-b36f-c01c5971f80a,5,12,49.895833333333336
61079a31-4165-4fb0-b36f-c01c5971f80a,5,13,60.72916666666667
61079a31-4165-4fb0-b36f-c01c5971f80a,5,14,51.77083333333333
61079a31-4165-4fb0-b36f-c01c5971f80a,5,15,53.798611111111114
61079a31-4165-4fb0-b36f-c01c5971f80a,5,16,55.14204545454545
61079a31-4165-4fb0-b36f-c01c5971f80a,5,17,67.22222222222221
61079a31-4165-4fb0-b36f-c01c5971f80a,5,18,87.97348484848486
61079a31-4165-4fb0-b36f-c01c5971f80a,5,19,71.99404761904762
61079a31-4165-4fb0-b36f-c01c5971f80a,5,20,58.33333333333333
61079a31-4165-4fb0-b36f-c01c5971f80a,6,9,16.666666666666668
61079a31-4165-4fb0-b36f-c01c5971f80a,6,10,26.5625
61079a31-4165-4fb0-b36f-c01c5971f80a,6,11,34.375
61079a31-4165-4fb0-b36f-c01c5971f80a,6,12,42.083333333333336
61079a31-4165-4fb0-b36f-c01c5971f80a,6,13,28.125
61079a31-4165-4fb0-b36f-c01c5971f80a,6,14,31.56986531986532
61079a31-4165-4fb0-b36f-c01c5971f80a,6,15,44.375
61079a31-4165-4fb0-b36f-c01c5971f80a,6,16,51.180555555555564
61079a31-4165-4fb0-b36f-c01c5971f80a,6,17,40.72222222222222
61079a31-4165-4fb0-b36f-c01c5971f80a,6,18,26.666666666666668
61079a31-4165-4fb0-b36f-c01c5971f80a,6,19,30.757575757575758
61079a31-4165-4fb0-b36f-c01c5971f80a,6,20,67.08333333333333
61fb49f8-e62f-4e1c-ae0e-8ab9929037bc,0,9,15.0
61fb49f8-e62f-4e1c-ae0e-8ab9929037bc,0,10,15.0
61fb49f8-e62f-4e1c-ae0e-8ab9929037bc,0,11,15.0
61fb49f8-e62f-4e1c-ae0e-8ab9929037bc,0,12,15.0
61fb49f8-e62f-4e1c-ae0e-8ab9929037bc,0,13,15.0
61fb49f8-e62f-4e1c-ae0e-8ab9929037bc,0,14,15.0
61fb49f8-e62f-4e1c-ae0e-8ab9929037bc,0,15,15.0
61fb49f8-e62f-4e1c-ae0e-8ab9929037bc,0,16,15.0
61fb49f8-e62f-4e1c-ae0e-8ab9929037bc,0,17,15.0
61fb49f8-e62f-4e1c-ae0e-8ab9929037bc,0,18,15.0
61fb49f8-e62f-4e1c-ae0e-8ab9929037bc,0,19,15.0
61fb49f8-e62f-4e1c-ae0e-8ab9929037bc,0,20,15.0
61fb49f8-e62f-4e1c-ae0e-8ab9929037bc,1,9,15.0
61fb49f8-e62f-4e1c-ae0e-8ab9929037bc,1,10,15.0
61fb49f8-e62f-4e1c-ae0e-8ab9929037bc,1,11,15.0
61fb49f8-e62f-4e1c-ae0e-8ab9929037bc,1,12,15.0
61fb49f8-e62f-4e1c-ae0e-8ab9929037bc,1,13,15.0
61fb49f8-e62f-4e1c-ae0e-8ab9929037bc,1,14,15.0
61fb49f8-e62f-4e1c-ae0e-8ab9929037bc,1,15,15.0
61fb49f8-e62f-4e1c-ae0e-8ab9929037bc,1,16,15.0
61fb49f8-e62f-4e1c-ae0e-8ab9929037bc,1,17,15.0
61fb49f8-e62f-4e1c-ae0e-8ab9929037bc,1,18,15.0
61fb49f8-e62f-4e1c-ae0e-8ab9929037bc,1,19,15.0
61fb49f8-e62f-4e1c-ae0e-8ab9929037bc,1,20,15.0
61fb49f8-e62f-4e1c-ae0e-8ab9929037bc,2,9,15.0
61fb49f8-e62f-4e1c-ae0e-8ab9929037bc,2,10,15.0
61fb49f8-e62f-4e1c-ae0e-8ab9929037bc,2,11,15.0
61fb49f8-e62f-4e1c-ae0e-8ab9929037bc,2,12,15.0
61fb49f8-e62f-4e1c-ae0e-8ab9929037bc,2,13,15.0
61fb49f8-e62f-4e1c-ae0e-8ab9929037bc,2,14,15.0
61fb49f8-e62f-4e1c-ae0e-8ab9929037bc,2,15,15.0
61fb49f8-e62f-4e1c-ae0e-8ab9929037bc,2,16,15.0
61fb49f8-e62f-4e1c-ae0e-8ab9929037bc,2,17,15.0
61fb49f8-e62f-4e1c-ae0e-8ab9929037bc,2,18,15.0
61fb49f8-e62f-4e1c-ae0e-8ab9929037bc,2,19,15.0
61fb49f8-e62f-4e1c-ae0e-8ab9929037bc,2,20,15.0
61fb49f8-e62f-4e1c-ae0e-8ab9929037bc,3,9,15.0
61fb49f8-e62f-4e1c-ae0e-8ab9929037bc,3,10,15.0
61fb49f8-e62f-4e1c-ae0e-8ab9929037bc,3,11,15.0
61fb49f8-e62f-4e1c-ae0e-8ab9929037bc,3,12,15.0
61fb49f8-e62f-4e1c-ae0e-8ab9929037bc,3,13,15.0
61fb49f8-e62f-4e1c-ae0e-8ab9929037bc,3,14,15.0
61fb49f8-e62f-4e1c-ae0e-8ab9929037bc,3,15,15.0
61fb49f8-e62f-4e1c-ae0e-8ab9929037bc,3,16,15.0
61fb49f8-e62f-4e1c-ae0e-8ab9929037bc,3,17,15.0
61fb49f8-e62f-4e1c-ae0e-8ab9929037bc,3,18,15.0
61fb49f8-e62f-4e1c-ae0e-8ab9929037bc,3,19,15.0
61fb49f8-e62f-4e1c-ae0e-8ab9929037bc,3,20,15.0
61fb49f8-e62f-4e1c-ae0e-8ab9929037bc,4,9,15.0
61fb49f8-e62f-4e1c-ae0e-8ab9929037bc,4,10,15.0
61fb49f8-e62f-4e1c-ae0e-8ab9929037bc,4,11,15.0
61fb49f8-e62f-4e1c-ae0e-8ab9929037bc,4,12,15.0
61fb49f8-e62f-4e1c-ae0e-8ab9929037bc,4,13,15.0
61fb49f8-e62f-4e1c-ae0e-8ab9929037bc,4,14,15.0
61fb49f8-e62f-4e1c-ae0e-8ab9929037bc,4,15,15.0
61fb49f8-e62f-4e1c-ae0e-8ab9929037bc,4,16,15.0
61fb49f8-e62f-4e1c-ae0e-8ab9929037bc,4,17,15.0
61fb49f8-e62f-4e1c-ae0e-8ab9929037bc,4,18,15.0
61fb49f8-e62f-4e1c-ae0e-8ab9929037bc,4,19,15.0
61fb49f8-e62f-4e1c-ae0e-8ab9929037bc,4,20,15.0
61fb49f8-e62f-4e1c-ae0e-8ab9929037bc,5,9,15.0
61fb49f8-e62f-4e1c-ae0e-8ab9929037bc,5,10,15.0
61fb49f8-e62f-4e1c-ae0e-8ab9929037bc,5,11,15.0
61fb49f8-e62f-4e1c-ae0e-8ab9929037bc,5,12,15.0
61fb49f8-e62f-4e1c-ae0e-8ab9929037bc,5,13,15.0
61fb49f8-e62f-4e1c-ae0e-8ab9929037bc,5,14,15.0
61fb49f8-e62f-4e1c-ae0e-8ab9929037bc,5,15,15.0
61fb49f8-e62f-4e1c-ae0e-8ab9929037bc,5,16,15.0
61fb49f8-e62f-4e1c-ae0e-8ab9929037bc,5,17,15.0
61fb49f8-e62f-4e1c-ae0e-8ab9929037bc,5,18,15.0
61fb49f8-e62f-4e1c-ae0e-8ab9929037bc,5,19,15.0
61fb49f8-e62f-4e1c-ae0e-8ab9929037bc,5,20,15.0
61fb49f8-e62f-4e1c-ae0e-8ab9929037bc,6,9,15.0
61fb49f8-e62f-4e1c-ae0e-8ab9929037bc,6,10,15.0
61fb49f8-e62f-4e1c-ae0e-8ab9929037bc,6,11,15.0
61fb49f8-e62f-4e1c-ae0e-8ab9929037bc,6,12,15.0
61fb49f8-e62f-4e1c-ae0e-8ab9929037bc,6,13,15.0
61fb49f8-e62f-4e1c-ae0e-8ab9929037bc,6,14,15.0
61fb49f8-e62f-4e1c-ae0e-8ab9929037bc,6,15,15.0
61fb49f8-e62f-4e1c-ae0e-8ab9929037bc,6,16,15.0
61fb49f8-e62f-4e1c-ae0e-8ab9929037bc,6,17,15.0
61fb49f8-e62f-4e1c-ae0e-8ab9929037bc,6,18,15.0
61fb49f8-e62f-4e1c-ae0e-8ab9929037bc,6,19,15.0
61fb49f8-e62f-4e1c-ae0e-8ab9929037bc,6,20,15.0
625a3cc3-7d7e-468b-96fe-1ec00df7b739,0,10,8.477272727272727
625a3cc3-7d7e-468b-96fe-1ec00df7b739,0,11,30.9375
625a3cc3-7d7e-468b-96fe-1ec00df7b739,0,12,35.208333333333336
625a3cc3-7d7e-468b-96fe-1ec00df7b739,0,13,30.0
625a3cc3-7d7e-468b-96fe-1ec00df7b739,0,14,31.25
625a3cc3-7d7e-468b-96fe-1ec00df7b739,0,15,29.270833333333332
625a3cc3-7d7e-468b-96fe-1ec00df7b739,0,16,37.5
625a3cc3-7d7e-468b-96fe-1ec00df7b739,0,17,34.44444444444444
625a3cc3-7d7e-468b-96fe-1ec00df7b739,0,18,26.708333333333332
625a3cc3-7d7e-468b-96fe-1ec00df7b739,1,9,7.7272727272727275
625a3cc3-7d7e-468b-96fe-1ec00df7b739,1,10,9.125
625a3cc3-7d7e-468b-96fe-1ec00df7b739,1,11,33.95833333333333
625a3cc3-7d7e-468b-96fe-1ec00df7b739,1,12,30.0
625a3cc3-7d7e-468b-96fe-1ec00df7b739,1,13,26.875
625a3cc3-7d7e-468b-96fe-1ec00df7b739,1,14,27.8125
625a3cc3-7d7e-468b-96fe-1ec00df7b739,1,15,29.583333333333336
625a3cc3-7d7e-468b-96fe-1ec00df7b739,1,16,31.041666666666668
625a3cc3-7d7e-468b-96fe-1ec00df7b739,1,17,29.33712121212121
625a3cc3-7d7e-468b-96fe-1ec00df7b739,1,18,18.333333333333332
625a3cc3-7d7e-468b-96fe-1ec00df7b739,2,9,8.4375
625a3cc3-7d7e-468b-96fe-1ec00df7b739,2,10,15.729166666666668
625a3cc3-7d7e-468b-96fe-1ec00df7b739,2,11,25.381944444444443
625a3cc3-7d7e-468b-96fe-1ec00df7b739,2,12,27.1875
625a3cc3-7d7e-468b-96fe-1ec00df7b739,2,13,18.75
625a3cc3-7d7e-468b-96fe-1ec00df7b739,2,14,19.375
625a3cc3-7d7e-468b-96fe-1ec00df7b739,2,15,17.291666666666668
625a3cc3-7d7e-468b-96fe-1ec00df7b739,2,16,12.1875
625a3cc3-7d7e-468b-96fe-1ec00df7b739,3,9,6.25
625a3cc3-7d7e-468b-96fe-1ec00df7b739,3,10,10.208333333333332
625a3cc3-7d7e-468b-96fe-1ec00df7b739,3,11,25.625
625a3cc3-7d7e-468b-96fe-1ec00df7b739,3,12,28.645833333333332
625a3cc3-7d7e-468b-96fe-1ec00df7b739,3,13,21.666666666666664
625a3cc3-7d7e-468b-96fe-1ec00df7b739,3,14,22.395833333333332
625a3cc3-7d7e-468b-96fe-1ec00df7b739,3,15,18.333333333333336
625a3cc3-7d7e-468b-96fe-1ec00df7b739,3,16,15.104166666666668
625a3cc3-7d7e-468b-96fe-1ec00df7b739,4,9,6.666666666666667
625a3cc3-7d7e-468b-96fe-1ec00df7b739,4,10,14.479166666666666
625a3cc3-7d7e-468b-96fe-1ec00df7b739,4,11,23.854166666666668
625a3cc3-7d7e-468b-96fe-1ec00df7b739,4,12,28.125
625a3cc3-7d7e-468b-96fe-1ec00df7b739,4,13,17.708333333333332
625a3cc3-7d7e-468b-96fe-1ec00df7b739,4,14,15.0
625a3cc3-7d7e-468b-96fe-1ec00df7b739,4,15,16.458333333333336
625a3cc3-7d7e-468b-96fe-1ec00df7b739,4,16,16.875
625a3cc3-7d7e-468b-96fe-1ec00df7b739,5,8,5.0
625a3cc3-7d7e-468b-96fe-1ec00df7b739,5,9,6.666666666666667
625a3cc3-7d7e-468b-96fe-1ec00df7b739,5,10,22.8125
625a3cc3-7d7e-468b-96fe-1ec00df7b739,5,11,43.75
625a3cc3-7d7e-468b-96fe-1ec00df7b739,5,12,28.229166666666664
625a3cc3-7d7e-468b-96fe-1ec00df7b739,5,13,20.208333333333336
625a3cc3-7d7e-468b-96fe-1ec00df7b739,5,14,18.125
625a3cc3-7d7e-468b-96fe-1ec00df7b739,5,15,18.958333333333332
625a3cc3-7d7e-468b-96fe-1ec00df7b739,5,16,11.979166666666666
625a3cc3-7d7e-468b-96fe-1ec00df7b739,6,8,10.0
625a3cc3-7d7e-468b-96fe-1ec00df7b739,6,9,11.275252525252526
625a3cc3-7d7e-468b-96fe-1ec00df7b739,6,10,15.729166666666666
625a3cc3-7d7e-468b-96fe-1ec00df7b739,6,11,26.5625
625a3cc3-7d7e-468b-96fe-1ec00df7b739,6,12,21.458333333333336
625a3cc3-7d7e-468b-96fe-1ec00df7b739,6,13,20.208333333333332
625a3cc3-7d7e-468b-96fe-1ec00df7b739,6,14,16.041666666666668
625a3cc3-7d7e-468b-96fe-1ec00df7b739,6,15,17.708333333333332
625a3cc3-7d7e-468b-96fe-1ec00df7b739,6,16,22.083333333333332
64a6915f-a835-4226-ba5c-8389fc4cade3,0,8,8.229166666666668
64a6915f-a835-4226-ba5c-8389fc4cade3,0,9,21.770833333333332
64a6915f-a835-4226-ba5c-8389fc4cade3,0,10,24.232954545454547
64a6915f-a835-4226-ba5c-8389fc4cade3,0,11,32.91666666666667
64a6915f-a835-4226-ba5c-8389fc4cade3,0,12,32.083333333333336
64a6915f-a835-4226-ba5c-8389fc4cade3,0,13,29.791666666666668
64a6915f-a835-4226-ba5c-8389fc4cade3,0,14,23.409090909090907
64a6915f-a835-4226-ba5c-8389fc4cade3,0,15,18.958333333333336
64a6915f-a835-4226-ba5c-8389fc4cade3,0,16,16.856060606060606
64a6915f-a835-4226-ba5c-8389fc4cade3,0,17,10.282738095238095
64a6915f-a835-4226-ba5c-8389fc4cade3,0,18,8.333333333333334
64a6915f-a835-4226-ba5c-8389fc4cade3,1,8,5.416666666666666
64a6915f-a835-4226-ba5c-8389fc4cade3,1,9,9.895833333333332
64a6915f-a835-4226-ba5c-8389fc4cade3,1,10,18.125
64a6915f-a835-4226-ba5c-8389fc4cade3,1,11,24.583333333333336
64a6915f-a835-4226-ba5c-8389fc4cade3,1,12,27.395833333333332
64a6915f-a835-4226-ba5c-8389fc4cade3,1,13,20.836489898989896
64a6915f-a835-4226-ba5c-8389fc4cade3,1,14,20.0
64a6915f-a835-4226-ba5c-8389fc4cade3,1,15,15.416666666666666
64a6915f-a835-4226-ba5c-8389fc4cade3,1,16,19.166666666666668
64a6915f-a835-4226-ba5c-8389fc4cade3,1,17,12.1875
64a6915f-a835-4226-ba5c-8389fc4cade3,1,18,11.666666666666666
64a6915f-a835-4226-ba5c-8389fc4cade3,2,8,5.833333333333333
64a6915f-a835-4226-ba5c-8389fc4cade3,2,9,5.833333333333333
64a6915f-a835-4226-ba5c-8389fc4cade3,2,10,11.944444444444445
64a6915f-a835-4226-ba5c-8389fc4cade3,2,11,21.666666666666664
64a6915f-a835-4226-ba5c-8389fc4cade3,2,12,20.208333333333332
64a6915f-a835-4226-ba5c-8389fc4cade3,2,13,18.4375
64a6915f-a835-4226-ba5c-8389fc4cade3,2,14,10.3125
64a6915f-a835-4226-ba5c-8389fc4cade3,2,15,10.0
64a6915f-a835-4226-ba5c-8389fc4cade3,2,16,9.962121212121213
64a6915f-a835-4226-ba5c-8389fc4cade3,2,17,7.777777777777779
64a6915f-a835-4226-ba5c-8389fc4cade3,2,18,5.0
64a6915f-a835-4226-ba5c-8389fc4cade3,3,8,5.416666666666667
64a6915f-a835-4226-ba5c-8389fc4cade3,3,9,6.354166666666667
64a6915f-a835-4226-ba5c-8389fc4cade3,3,10,13.333333333333332
64a6915f-a835-4226-ba5c-8389fc4cade3,3,11,25.3125
64a6915f-a835-4226-ba5c-8389fc4cade3,3,12,20.0
64a6915f-a835-4226-ba5c-8389fc4cade3,3,13,16.944444444444443
64a6915f-a835-4226-ba5c-8389fc4cade3,3,14,14.583333333333334
64a6915f-a835-4226-ba5c-8389fc4cade3,3,15,15.416666666666666
64a6915f-a835-4226-ba5c-8389fc4cade3,3,16,6.666666666666667
64a6915f-a835-4226-ba5c-8389fc4cade3,3,17,6.458333333333333
64a6915f-a835-4226-ba5c-8389fc4cade3,3,18,5.0
64a6915f-a835-4226-ba5c-8389fc4cade3,4,8,5.37037037037037
64a6915f-a835-4226-ba5c-8389fc4cade3,4,9,13.484848484848484
64a6915f-a835-4226-ba5c-8389fc4cade3,4,10,26.25
64a6915f-a835-4226-ba5c-8389fc4cade3,4,11,33.75
64a6915f-a835-4226-ba5c-8389fc4cade3,4,12,31.145833333333332
64a6915f-a835-4226-ba5c-8389fc4cade3,4,13,29.6875
64a6915f-a835-4226-ba5c-8389fc4cade3,4,14,25.45138888888889
64a6915f-a835-4226-ba5c-8389fc4cade3,4,15,22.5
64a6915f-a835-4226-ba5c-8389fc4cade3,4,16,14.479166666666668
64a6915f-a835-4226-ba5c-8389fc4cade3,4,17,17.083333333333332
64a6915f-a835-4226-ba5c-8389fc4cade3,4,18,10.0
64a6915f-a835-4226-ba5c-8389fc4cade3,5,8,5.416666666666667
64a6915f-a835-4226-ba5c-8389fc4cade3,5,9,20.104166666666668
64a6915f-a835-4226-ba5c-8389fc4cade3,5,10,29.583333333333332
64a6915f-a835-4226-ba5c-8389fc4cade3,5,11,40.3125
64a6915f-a835-4226-ba5c-8389fc4cade3,5,12,44.166666666666664
64a6915f-a835-4226-ba5c-8389fc4cade3,5,13,32.083333333333336
64a6915f-a835-4226-ba5c-8389fc4cade3,5,14,28.541666666666668
64a6915f-a835-4226-ba5c-8389fc4cade3,5,15,29.666666666666664
64a6915f-a835-4226-ba5c-8389fc4cade3,5,16,18.75
64a6915f-a835-4226-ba5c-8389fc4cade3,5,17,17.43686868686869
64a6915f-a835-4226-ba5c-8389fc4cade3,5,18,10.972222222222221
64a6915f-a835-4226-ba5c-8389fc4cade3,5,19,10.0
64a6915f-a835-4226-ba5c-8389fc4cade3,6,8,6.875
64a6915f-a835-4226-ba5c-8389fc4cade3,6,9,27.222222222222218
64a6915f-a835-4226-ba5c-8389fc4cade3,6,10,38.19444444444445
64a6915f-a835-4226-ba5c-8389fc4cade3,6,11,38.64583333333333
64a6915f-a835-4226-ba5c-8389fc4cade3,6,12,45.416666666666664
64a6915f-a835-4226-ba5c-8389fc4cade3,6,13,41.40740740740741
64a6915f-a835-4226-ba5c-8389fc4cade3,6,14,40.833333333333336
64a6915f-a835-4226-ba5c-8389fc4cade3,6,15,15.416666666666666
64a6915f-a835-4226-ba5c-8389fc4cade3,6,16,20.97222222222222
64a6915f-a835-4226-ba5c-8389fc4cade3,6,17,18.125
64a6915f-a835-4226-ba5c-8389fc4cade3,6,18,9.166666666666668
6af80308-647d-4d8b-bcf6-37517a93bdbc,0,9,14.583333333333332
6af80308-647d-4d8b-bcf6-37517a93bdbc,0,10,20.833333333333332
6af80308-647d-4d8b-bcf6-37517a93bdbc,0,11,23.4375
6af80308-647d-4d8b-bcf6-37517a93bdbc,0,12,15.13888888888889
6af80308-647d-4d8b-bcf6-37517a93bdbc,0,13,13.645833333333332
6af80308-647d-4d8b-bcf6-37517a93bdbc,0,14,14.285714285714285
6af80308-647d-4d8b-bcf6-37517a93bdbc,0,15,13.75
6af80308-647d-4d8b-bcf6-37517a93bdbc,0,16,13.75
6af80308-647d-4d8b-bcf6-37517a93bdbc,0,17,14.270833333333334
6af80308-647d-4d8b-bcf6-37517a93bdbc,0,18,15.0
6af80308-647d-4d8b-bcf6-37517a93bdbc,0,19,11.5625
6af80308-647d-4d8b-bcf6-37517a93bdbc,0,20,11.875
6af80308-647d-4d8b-bcf6-37517a93bdbc,1,9,13.472222222222223
6af80308-647d-4d8b-bcf6-37517a93bdbc,1,10,19.166666666666668
6af80308-647d-4d8b-bcf6-37517a93bdbc,1,11,16.40625
6af80308-647d-4d8b-bcf6-37517a93bdbc,1,12,19.583333333333332
6af80308-647d-4d8b-bcf6-37517a93bdbc,1,13,16.145833333333332
6af80308-647d-4d8b-bcf6-37517a93bdbc,1,14,25.104166666666664
6af80308-647d-4d8b-bcf6-37517a93bdbc,1,15,18.285984848484848
6af80308-647d-4d8b-bcf6-37517a93bdbc,1,16,11.25
6af80308-647d-4d8b-bcf6-37517a93bdbc,1,17,15.0
6af80308-647d-4d8b-bcf6-37517a93bdbc,1,18,11.5625
6af80308-647d-4d8b-bcf6-37517a93bdbc,1,19,12.222222222222221
6af80308-647d-4d8b-bcf6-37517a93bdbc,1,20,10.0
6af80308-647d-4d8b-bcf6-37517a93bdbc,2,9,11.25
6af80308-647d-4d8b-bcf6-37517a93bdbc,2,10,10.625
6af80308-647d-4d8b-bcf6-37517a93bdbc,2,11,10.833333333333334
6af80308-647d-4d8b-bcf6-37517a93bdbc,2,12,11.041666666666666
6af80308-647d-4d8b-bcf6-37517a93bdbc,2,13,11.25
6af80308-647d-4d8b-bcf6-37517a93bdbc,2,14,11.770833333333334
6af80308-647d-4d8b-bcf6-37517a93bdbc,2,15,12.5
6af80308-647d-4d8b-bcf6-37517a93bdbc,2,16,10.208333333333334
6af80308-647d-4d8b-bcf6-37517a93bdbc,2,17,14.583333333333332
6af80308-647d-4d8b-bcf6-37517a93bdbc,2,18,13.333333333333334
6af80308-647d-4d8b-bcf6-37517a93bdbc,2,19,13.333333333333334
6af80308-647d-4d8b-bcf6-37517a93bdbc,2,20,20.0
6af80308-647d-4d8b-bcf6-37517a93bdbc,3,9,11.354166666666666
6af80308-647d-4d8b-bcf6-37517a93bdbc,3,10,11.25
6af80308-647d-4d8b-bcf6-37517a93bdbc,3,11,11.979166666666666
6af80308-647d-4d8b-bcf6-37517a93bdbc,3,12,11.666666666666666
6af80308-647d-4d8b-bcf6-37517a93bdbc,3,13,11.666666666666666
6af80308-647d-4d8b-bcf6-37517a93bdbc,3,14,11.354166666666668
6af80308-647d-4d8b-bcf6-37517a93bdbc,3,15,10.104166666666666
6af80308-647d-4d8b-bcf6-37517a93bdbc,3,16,10.416666666666666
6af80308-647d-4d8b-bcf6-37517a93bdbc,3,17,10.625
6af80308-647d-4d8b-bcf6-37517a93bdbc,3,18,11.041666666666666
6af80308-647d-4d8b-bcf6-37517a93bdbc,3,19,10.0
6af80308-647d-4d8b-bcf6-37517a93bdbc,3,20,5.0
6af80308-647d-4d8b-bcf6-37517a93bdbc,4,9,10.0
6af80308-647d-4d8b-bcf6-37517a93bdbc,4,10,11.25
6af80308-647d-4d8b-bcf6-37517a93bdbc,4,11,12.291666666666666
6af80308-647d-4d8b-bcf6-37517a93bdbc,4,12,11.25
6af80308-647d-4d8b-bcf6-37517a93bdbc,4,13,15.916666666666668
6af80308-647d-4d8b-bcf6-37517a93bdbc,4,14,15.208333333333332
6af80308-647d-4d8b-bcf6-37517a93bdbc,4,15,13.333333333333334
6af80308-647d-4d8b-bcf6-37517a93bdbc,4,16,16.666666666666668
6af80308-647d-4d8b-bcf6-37517a93bdbc,4,17,18.75
6af80308-647d-4d8b-bcf6-37517a93bdbc,4,18,15.520833333333332
6af80308-647d-4d8b-bcf6-37517a93bdbc,4,19,11.666666666666666
6af80308-647d-4d8b-bcf6-37517a93bdbc,4,20,10.0
6af80308-647d-4d8b-bcf6-37517a93bdbc,5,9,10.104166666666666
6af80308-647d-4d8b-bcf6-37517a93bdbc,5,10,11.354166666666666
6af80308-647d-4d8b-bcf6-37517a93bdbc,5,11,19.722222222222225
6af80308-647d-4d8b-bcf6-37517a93bdbc,5,12,21.875
6af80308-647d-4d8b-bcf6-37517a93bdbc,5,13,20.625
6af80308-647d-4d8b-bcf6-37517a93bdbc,5,14,16.25
6af80308-647d-4d8b-bcf6-37517a93bdbc,5,15,21.25
6af80308-647d-4d8b-bcf6-37517a93bdbc,5,16,23.645833333333336
6af80308-647d-4d8b-bcf6-37517a93bdbc,5,17,25.104166666666668
6af80308-647d-4d8b-bcf6-37517a93bdbc,5,18,37.395833333333336
6af80308-647d-4d8b-bcf6-37517a93bdbc,5,19,20.833333333333336
6af80308-647d-4d8b-bcf6-37517a93bdbc,5,20,16.041666666666668
6af80308-647d-4d8b-bcf6-37517a93bdbc,6,9,10.0
6af80308-647d-4d8b-bcf6-37517a93bdbc,6,10,11.875
6af80308-647d-4d8b-bcf6-37517a93bdbc,6,11,15.9375
6af80308-647d-4d8b-bcf6-37517a93bdbc,6,12,13.541666666666668
6af80308-647d-4d8b-bcf6-37517a93bdbc,6,13,16.666666666666664
6af80308-647d-4d8b-bcf6-37517a93bdbc,6,14,23.958333333333336
6af80308-647d-4d8b-bcf6-37517a93bdbc,6,15,24.895833333333336
6af80308-647d-4d8b-bcf6-37517a93bdbc,6,16,16.25
6af80308-647d-4d8b-bcf6-37517a93bdbc,6,17,21.221590909090907
6af80308-647d-4d8b-bcf6-37517a93bdbc,6,18,30.520833333333332
6af80308-647d-4d8b-bcf6-37517a93bdbc,6,19,18.020833333333336
6af80308-647d-4d8b-bcf6-37517a93bdbc,6,20,9.545454545454547
6be23178-7d00-4884-9e88-76787da1df86,0,9,10.416666666666666
6be23178-7d00-4884-9e88-76787da1df86,0,10,26.38888888888889
6be23178-7d00-4884-9e88-76787da1df86,0,11,41.14583333333333
6be23178-7d00-4884-9e88-76787da1df86,0,12,35.104166666666664
6be23178-7d00-4884-9e88-76787da1df86,0,13,26.354166666666664
6be23178-7d00-4884-9e88-76787da1df86,0,14,19.6875
6be23178-7d00-4884-9e88-76787da1df86,0,15,19.479166666666664
6be23178-7d00-4884-9e88-76787da1df86,0,16,22.5
6be23178-7d00-4884-9e88-76787da1df86,0,17,19.375
6be23178-7d00-4884-9e88-76787da1df86,0,18,17.140151515151516
6be23178-7d00-4884-9e88-76787da1df86,0,19,10.744047619047619
6be23178-7d00-4884-9e88-76787da1df86,0,20,5.416666666666666
6be23178-7d00-4884-9e88-76787da1df86,1,9,13.882575757575758
6be23178-7d00-4884-9e88-76787da1df86,1,10,35.416666666666664
6be23178-7d00-4884-9e88-76787da1df86,1,11,37.8125
6be23178-7d00-4884-9e88-76787da1df86,1,12,33.75
6be23178-7d00-4884-9e88-76787da1df86,1,13,25.3125
6be23178-7d00-4884-9e88-76787da1df86,1,14,24.375
6be23178-7d00-4884-9e88-76787da1df86,1,15,15.6875
6be23178-7d00-4884-9e88-76787da1df86,1,16,8.61111111111111
6be23178-7d00-4884-9e88-76787da1df86,1,17,9.722222222222221
6be23178-7d00-4884-9e88-76787da1df86,1,18,11.666666666666666
6be23178-7d00-4884-9e88-76787da1df86,1,19,13.263888888888888
6be23178-7d00-4884-9e88-76787da1df86,1,20,16.25
6be23178-7d00-4884-9e88-76787da1df86,2,9,5.454545454545454
6be23178-7d00-4884-9e88-76787da1df86,2,10,12.5
6be23178-7d00-4884-9e88-76787da1df86,2,11,29.488636363636363
6be23178-7d00-4884-9e88-76787da1df86,2,12,23.276515151515152
6be23178-7d00-4884-9e88-76787da1df86,2,13,14.21875
6be23178-7d00-4884-9e88-76787da1df86,2,14,12.041666666666666
6be23178-7d00-4884-9e88-76787da1df86,2,15,10.416666666666668
6be23178-7d00-4884-9e88-76787da1df86,2,16,11.25
6be23178-7d00-4884-9e88-76787da1df86,2,17,18.88888888888889
6be23178-7d00-4884-9e88-76787da1df86,2,18,16.95707070707071
6be23178-7d00-4884-9e88-76787da1df86,2,19,17.777777777777775
6be23178-7d00-4884-9e88-76787da1df86,2,20,5.0
6be23178-7d00-4884-9e88-76787da1df86,3,9,6.041666666666667
6be23178-7d00-4884-9e88-76787da1df86,3,10,13.407738095238095
6be23178-7d00-4884-9e88-76787da1df86,3,11,19.375
6be23178-7d00-4884-9e88-76787da1df86,3,12,19.166666666666664
6be23178-7d00-4884-9e88-76787da1df86,3,13,16.423611111111114
6be23178-7d00-4884-9e88-76787da1df86,3,14,14.583333333333334
6be23178-7d00-4884-9e88-76787da1df86,3,15,13.229166666666668
6be23178-7d00-4884-9e88-76787da1df86,3,16,11.5625
6be23178-7d00-4884-9e88-76787da1df86,3,17,21.979166666666664
6be23178-7d00-4884-9e88-76787da1df86,3,18,23.4375
6be23178-7d00-4884-9e88-76787da1df86,3,19,17.78409090909091
6be23178-7d00-4884-9e88-76787da1df86,3,20,5.0
6be23178-7d00-4884-9e88-76787da1df86,4,9,5.9375
6be23178-7d00-4884-9e88-76787da1df86,4,10,16.041666666666668
6be23178-7d00-4884-9e88-76787da1df86,4,11,29.645833333333336
6be23178-7d00-4884-9e88-76787da1df86,4,12,24.015151515151516
6be23178-7d00-4884-9e88-76787da1df86,4,13,18.854166666666668
6be23178-7d00-4884-9e88-76787da1df86,4,14,13.020833333333332
6be23178-7d00-4884-9e88-76787da1df86,4,15,14.166666666666668
6be23178-7d00-4884-9e88-76787da1df86,4,16,23.395833333333332
6be23178-7d00-4884-9e88-76787da1df86,4,17,27.8125
6be23178-7d00-4884-9e88-76787da1df86,4,18,26.666666666666664
6be23178-7d00-4884-9e88-76787da1df86,4,19,14.479166666666668
6be23178-7d00-4884-9e88-76787da1df86,4,20,5.416666666666667
6be23178-7d00-4884-9e88-76787da1df86,5,9,8.958333333333334
6be23178-7d00-4884-9e88-76787da1df86,5,10,29.895833333333332
6be23178-7d00-4884-9e88-76787da1df86,5,11,39.15719696969697
6be23178-7d00-4884-9e88-76787da1df86,5,12,37.083333333333336
6be23178-7d00-4884-9e88-76787da1df86,5,13,32.083333333333336
6be23178-7d00-4884-9e88-76787da1df86,5,14,30.104166666666668
6be23178-7d00-4884-9e88-76787da1df86,5,15,28.333333333333332
6be23178-7d00-4884-9e88-76787da1df86,5,16,41.5625
6be23178-7d00-4884-9e88-76787da1df86,5,17,47.39583333333333
6be23178-7d00-4884-9e88-76787da1df86,5,18,51.458333333333336
6be23178-7d00-4884-9e88-76787da1df86,5,19,36.875
6be23178-7d00-4884-9e88-76787da1df86,5,20,22.708333333333332
6be23178-7d00-4884-9e88-76787da1df86,6,9,7.8125
6be23178-7d00-4884-9e88-76787da1df86,6,10,20.520833333333336
6be23178-7d00-4884-9e88-76787da1df86,6,11,30.0
6be23178-7d00-4884-9e88-76787da1df86,6,12,29.375
6be23178-7d00-4884-9e88-76787da1df86,6,13,28.75
6be23178-7d00-4884-9e88-76787da1df86,6,14,25.729166666666664
6be23178-7d00-4884-9e88-76787da1df86,6,15,27.916666666666664
6be23178-7d00-4884-9e88-76787da1df86,6,16,24.791666666666664
6be23178-7d00-4884-9e88-76787da1df86,6,17,36.875
6be23178-7d00-4884-9e88-76787da1df86,6,18,42.91666666666667
6be23178-7d00-4884-9e88-76787da1df86,6,19,22.604166666666664
6be23178-7d00-4884-9e88-76787da1df86,6,20,18.541666666666664
6e118e37-5002-408d-9d88-0b5d9cdb5d14,0,9,36.041666666666664
6e118e37-5002-408d-9d88-0b5d9cdb5d14,0,10,41.25
6e118e37-5002-408d-9d88-0b5d9cdb5d14,0,11,45.05208333333333
6e118e37-5002-408d-9d88-0b5d9cdb5d14,0,12,43.020833333333336
6e118e37-5002-408d-9d88-0b5d9cdb5d14,0,13,37.291666666666664
6e118e37-5002-408d-9d88-0b5d9cdb5d14,0,14,37.8125
6e118e37-5002-408d-9d88-0b5d9cdb5d14,0,15,33.75
6e118e37-5002-408d-9d88-0b5d9cdb5d14,0,16,32.604166666666664
6e118e37-5002-408d-9d88-0b5d9cdb5d14,0,17,29.270833333333336
6e118e37-5002-408d-9d88-0b5d9cdb5d14,0,18,31.354166666666664
6e118e37-5002-408d-9d88-0b5d9cdb5d14,0,19,27.60416666666667
6e118e37-5002-408d-9d88-0b5d9cdb5d14,0,20,16.354166666666668
6e118e37-5002-408d-9d88-0b5d9cdb5d14,1,9,27.083333333333332
6e118e37-5002-408d-9d88-0b5d9cdb5d14,1,10,41.35416666666667
6e118e37-5002-408d-9d88-0b5d9cdb5d14,1,11,43.4375
6e118e37-5002-408d-9d88-0b5d9cdb5d14,1,12,46.145833333333336
6e118e37-5002-408d-9d88-0b5d9cdb5d14,1,13,39.479166666666664
6e118e37-5002-408d-9d88-0b5d9cdb5d14,1,14,40.104166666666664
6e118e37-5002-408d-9d88-0b5d9cdb5d14,1,15,34.375
6e118e37-5002-408d-9d88-0b5d9cdb5d14,1,16,32.74305555555556
6e118e37-5002-408d-9d88-0b5d9cdb5d14,1,17,35.3125
6e118e37-5002-408d-9d88-0b5d9cdb5d14,1,18,36.77083333333333
6e118e37-5002-408d-9d88-0b5d9cdb5d14,1,19,37.708333333333336
6e118e37-5002-408d-9d88-0b5d9cdb5d14,1,20,26.5625
6e118e37-5002-408d-9d88-0b5d9cdb5d14,1,21,15.555555555555557
6e118e37-5002-408d-9d88-0b5d9cdb5d14,2,9,22.916666666666664
6e118e37-5002-408d-9d88-0b5d9cdb5d14,2,10,37.22222222222222
6e118e37-5002-408d-9d88-0b5d9cdb5d14,2,11,44.583333333333336
6e118e37-5002-408d-9d88-0b5d9cdb5d14,2,12,46.666666666666664
6e118e37-5002-408d-9d88-0b5d9cdb5d14,2,13,39.0625
6e118e37-5002-408d-9d88-0b5d9cdb5d14,2,14,40.41666666666667
6e118e37-5002-408d-9d88-0b5d9cdb5d14,2,15,39.270833333333336
6e118e37-5002-408d-9d88-0b5d9cdb5d14,2,16,33.229166666666664
6e118e37-5002-408d-9d88-0b5d9cdb5d14,2,17,32.91666666666667
6e118e37-5002-408d-9d88-0b5d9cdb5d14,2,18,34.47916666666667
6e118e37-5002-408d-9d88-0b5d9cdb5d14,2,19,35.625
6e118e37-5002-408d-9d88-0b5d9cdb5d14,2,20,27.5
6e118e37-5002-408d-9d88-0b5d9cdb5d14,3,9,30.625
6e118e37-5002-408d-9d88-0b5d9cdb5d14,3,10,41.14583333333333
6e118e37-5002-408d-9d88-0b5d9cdb5d14,3,11,44.166666666666664
6e118e37-5002-408d-9d88-0b5d9cdb5d14,3,12,43.020833333333336
6e118e37-5002-408d-9d88-0b5d9cdb5d14,3,13,41.04166666666667
6e118e37-5002-408d-9d88-0b5d9cdb5d14,3,14,35.0
6e118e37-5002-408d-9d88-0b5d9cdb5d14,3,15,37.140151515151516
6e118e37-5002-408d-9d88-0b5d9cdb5d14,3,16,40.97222222222222
6e118e37-5002-408d-9d88-0b5d9cdb5d14,3,17,35.52083333333333
6e118e37-5002-408d-9d88-0b5d9cdb5d14,3,18,34.16666666666667
6e118e37-5002-408d-9d88-0b5d9cdb5d14,3,19,31.354166666666664
6e118e37-5002-408d-9d88-0b5d9cdb5d14,3,20,18.229166666666664
6e118e37-5002-408d-9d88-0b5d9cdb5d14,4,8,18.333333333333332
6e118e37-5002-408d-9d88-0b5d9cdb5d14,4,9,38.95833333333333
6e118e37-5002-408d-9d88-0b5d9cdb5d14,4,10,45.416666666666664
6e118e37-5002-408d-9d88-0b5d9cdb5d14,4,11,47.29166666666667
6e118e37-5002-408d-9d88-0b5d9cdb5d14,4,12,46.25
6e118e37-5002-408d-9d88-0b5d9cdb5d14,4,13,44.375
6e118e37-5002-408d-9d88-0b5d9cdb5d14,4,14,44.895833333333336
6e118e37-5002-408d-9d88-0b5d9cdb5d14,4,15,47.1875
6e118e37-5002-408d-9d88-0b5d9cdb5d14,4,16,41.458333333333336
6e118e37-5002-408d-9d88-0b5d9cdb5d14,4,17,43.95833333333333
6e118e37-5002-408d-9d88-0b5d9cdb5d14,4,18,45.833333333333336
6e118e37-5002-408d-9d88-0b5d9cdb5d14,4,19,48.40277777777778
6e118e37-5002-408d-9d88-0b5d9cdb5d14,4,20,42.77777777777777
6e118e37-5002-408d-9d88-0b5d9cdb5d14,4,21,33.333333333333336
6e118e37-5002-408d-9d88-0b5d9cdb5d14,5,9,35.97222222222222
6e118e37-5002-408d-9d88-0b5d9cdb5d14,5,10,44.89583333333333
6e118e37-5002-408d-9d88-0b5d9cdb5d14,5,11,47.77777777777778
6e118e37-5002-408d-9d88-0b5d9cdb5d14,5,12,50.15625
6e118e37-5002-408d-9d88-0b5d9cdb5d14,5,13,49.0625
6e118e37-5002-408d-9d88-0b5d9cdb5d14,5,14,53.85416666666667
6e118e37-5002-408d-9d88-0b5d9cdb5d14,5,15,43.64583333333333
6e118e37-5002-408d-9d88-0b5d9cdb5d14,5,16,48.125
6e118e37-5002-408d-9d88-0b5d9cdb5d14,5,17,43.4375
6e118e37-5002-408d-9d88-0b5d9cdb5d14,5,18,44.791666666666664
6e118e37-5002-408d-9d88-0b5d9cdb5d14,5,19,42.8125
6e118e37-5002-408d-9d88-0b5d9cdb5d14,5,20,36.26893939393939
6e118e37-5002-408d-9d88-0b5d9cdb5d14,5,21,30.833333333333332
6e118e37-5002-408d-9d88-0b5d9cdb5d14,6,9,38.75
6e118e37-5002-408d-9d88-0b5d9cdb5d14,6,10,48.54166666666667
6e118e37-5002-408d-9d88-0b5d9cdb5d14,6,11,51.36904761904762
6e118e37-5002-408d-9d88-0b5d9cdb5d14,6,12,50.416666666666664
6e118e37-5002-408d-9d88-0b5d9cdb5d14,6,13,47.708333333333336
6e118e37-5002-408d-9d88-0b5d9cdb5d14,6,14,47.291666666666664
6e118e37-5002-408d-9d88-0b5d9cdb5d14,6,15,50.208333333333336
6e118e37-5002-408d-9d88-0b5d9cdb5d14,6,16,41.553030303030305
6e118e37-5002-408d-9d88-0b5d9cdb5d14,6,17,48.75
6e118e37-5002-408d-9d88-0b5d9cdb5d14,6,18,48.407738095238095
6e118e37-5002-408d-9d88-0b5d9cdb5d14,6,19,44.02777777777777
6e118e37-5002-408d-9d88-0b5d9cdb5d14,6,20,36.35416666666667
6e118e37-5002-408d-9d88-0b5d9cdb5d14,6,21,23.333333333333336
6f6998e8-a629-412c-b964-2cb06af8e26b,0,9,21.583333333333332
6f6998e8-a629-412c-b964-2cb06af8e26b,0,10,25.333333333333332
6f6998e8-a629-412c-b964-2cb06af8e26b,0,11,33.291666666666664
6f6998e8-a629-412c-b964-2cb06af8e26b,0,12,31.458333333333336
6f6998e8-a629-412c-b964-2cb06af8e26b,0,13,40.854166666666664
6f6998e8-a629-412c-b964-2cb06af8e26b,0,14,32.104166666666664
6f6998e8-a629-412c-b964-2cb06af8e26b,0,15,29.604166666666664
6f6998e8-a629-412c-b964-2cb06af8e26b,0,16,19.416666666666668
6f6998e8-a629-412c-b964-2cb06af8e26b,0,17,26.895833333333332
6f6998e8-a629-412c-b964-2cb06af8e26b,0,18,18.958333333333332
6f6998e8-a629-412c-b964-2cb06af8e26b,0,19,18.895833333333332
6f6998e8-a629-412c-b964-2cb06af8e26b,0,20,21.125
6f6998e8-a629-412c-b964-2cb06af8e26b,1,9,18.583333333333332
6f6998e8-a629-412c-b964-2cb06af8e26b,1,10,28.979166666666668
6f6998e8-a629-412c-b964-2cb06af8e26b,1,11,30.875
6f6998e8-a629-412c-b964-2cb06af8e26b,1,12,33.958333333333336
6f6998e8-a629-412c-b964-2cb06af8e26b,1,13,32.6875
6f6998e8-a629-412c-b964-2cb06af8e26b,1,14,33.666666666666664
6f6998e8-a629-412c-b964-2cb06af8e26b,1,15,27.916666666666668
6f6998e8-a629-412c-b964-2cb06af8e26b,1,16,32.666666666666664
6f6998e8-a629-412c-b964-2cb06af8e26b,1,17,32.10416666666667
6f6998e8-a629-412c-b964-2cb06af8e26b,1,18,32.854166666666664
6f6998e8-a629-412c-b964-2cb06af8e26b,1,19,32.5
6f6998e8-a629-412c-b964-2cb06af8e26b,1,20,39.104166666666664
6f6998e8-a629-412c-b964-2cb06af8e26b,1,21,23.0
6f6998e8-a629-412c-b964-2cb06af8e26b,2,9,26.63888888888889
6f6998e8-a629-412c-b964-2cb06af8e26b,2,10,30.972222222222225
6f6998e8-a629-412c-b964-2cb06af8e26b,2,11,47.22222222222222
6f6998e8-a629-412c-b964-2cb06af8e26b,2,12,31.875
6f6998e8-a629-412c-b964-2cb06af8e26b,2,13,31.875
6f6998e8-a629-412c-b964-2cb06af8e26b,2,14,31.770833333333332
6f6998e8-a629-412c-b964-2cb06af8e26b,2,15,22.458333333333336
6f6998e8-a629-412c-b964-2cb06af8e26b,2,16,20.25
6f6998e8-a629-412c-b964-2cb06af8e26b,2,17,19.1875
6f6998e8-a629-412c-b964-2cb06af8e26b,2,18,20.9375
6f6998e8-a629-412c-b964-2cb06af8e26b,2,19,27.958333333333332
6f6998e8-a629-412c-b964-2cb06af8e26b,2,20,24.583333333333332
6f6998e8-a629-412c-b964-2cb06af8e26b,3,9,19.458333333333336
6f6998e8-a629-412c-b964-2cb06af8e26b,3,10,27.395833333333332
6f6998e8-a629-412c-b964-2cb06af8e26b,3,11,32.8125
6f6998e8-a629-412c-b964-2cb06af8e26b,3,12,29.166666666666668
6f6998e8-a629-412c-b964-2cb06af8e26b,3,13,34.375
6f6998e8-a629-412c-b964-2cb06af8e26b,3,14,25.375
6f6998e8-a629-412c-b964-2cb06af8e26b,3,15,38.75
6f6998e8-a629-412c-b964-2cb06af8e26b,3,16,30.458333333333332
6f6998e8-a629-412c-b964-2cb06af8e26b,3,17,31.083333333333332
6f6998e8-a629-412c-b964-2cb06af8e26b,3,18,22.833333333333332
6f6998e8-a629-412c-b964-2cb06af8e26b,3,19,32.0
6f6998e8-a629-412c-b964-2cb06af8e26b,3,20,31.479166666666664
6f6998e8-a629-412c-b964-2cb06af8e26b,4,8,13.0
6f6998e8-a629-412c-b964-2cb06af8e26b,4,9,24.055555555555557
6f6998e8-a629-412c-b964-2cb06af8e26b,4,10,31.25
6f6998e8-a629-412c-b964-2cb06af8e26b,4,11,50.3125
6f6998e8-a629-412c-b964-2cb06af8e26b,4,12,40.83333333333333
6f6998e8-a629-412c-b964-2cb06af8e26b,4,13,37.29166666666667
6f6998e8-a629-412c-b964-2cb06af8e26b,4,14,41.666666666666664
6f6998e8-a629-412c-b964-2cb06af8e26b,4,15,50.0
6f6998e8-a629-412c-b964-2cb06af8e26b,4,16,39.479166666666664
6f6998e8-a629-412c-b964-2cb06af8e26b,4,17,44.0625
6f6998e8-a629-412c-b964-2cb06af8e26b,4,18,48.229166666666664
6f6998e8-a629-412c-b964-2cb06af8e26b,4,19,49.58333333333333
6f6998e8-a629-412c-b964-2cb06af8e26b,4,20,53.22916666666667
6f6998e8-a629-412c-b964-2cb06af8e26b,4,21,79.16666666666667
6f6998e8-a629-412c-b964-2cb06af8e26b,5,8,13.0
6f6998e8-a629-412c-b964-2cb06af8e26b,5,9,26.145833333333332
6f6998e8-a629-412c-b964-2cb06af8e26b,5,10,31.979166666666668
6f6998e8-a629-412c-b964-2cb06af8e26b,5,11,42.1875
6f6998e8-a629-412c-b964-2cb06af8e26b,5,12,44.79166666666667
6f6998e8-a629-412c-b964-2cb06af8e26b,5,13,38.125
6f6998e8-a629-412c-b964-2cb06af8e26b,5,14,44.895833333333336
6f6998e8-a629-412c-b964-2cb06af8e26b,5,15,38.58333333333333
6f6998e8-a629-412c-b964-2cb06af8e26b,5,16,42.395833333333336
6f6998e8-a629-412c-b964-2cb06af8e26b,5,17,31.041666666666668
6f6998e8-a629-412c-b964-2cb06af8e26b,5,18,35.41666666666667
6f6998e8-a629-412c-b964-2cb06af8e26b,5,19,34.270833333333336
6f6998e8-a629-412c-b964-2cb06af8e26b,5,20,43.70833333333333
6f6998e8-a629-412c-b964-2cb06af8e26b,5,21,23.75
6f6998e8-a629-412c-b964-2cb06af8e26b,6,9,19.229166666666664
6f6998e8-a629-412c-b964-2cb06af8e26b,6,10,36.041666666666664
6f6998e8-a629-412c-b964-2cb06af8e26b,6,11,51.5625
6f6998e8-a629-412c-b964-2cb06af8e26b,6,12,52.08333333333333
6f6998e8-a629-412c-b964-2cb06af8e26b,6,13,48.520833333333336
6f6998e8-a629-412c-b964-2cb06af8e26b,6,14,47.29166666666667
6f6998e8-a629-412c-b964-2cb06af8e26b,6,15,37.395833333333336
6f6998e8-a629-412c-b964-2cb06af8e26b,6,16,33.95833333333333
6f6998e8-a629-412c-b964-2cb06af8e26b,6,17,30.729166666666668
6f6998e8-a629-412c-b964-2cb06af8e26b,6,18,33.958333333333336
6f6998e8-a629-412c-b964-2cb06af8e26b,6,19,36.5625
6f6998e8-a629-412c-b964-2cb06af8e26b,6,20,28.1875
6f6998e8-a629-412c-b964-2cb06af8e26b,6,21,32.08333333333333
6fd1e225-53a0-4a80-a577-4bbc9a471075,0,9,10.0
6fd1e225-53a0-4a80-a577-4bbc9a471075,0,10,10.0
6fd1e225-53a0-4a80-a577-4bbc9a471075,0,11,10.0
6fd1e225-53a0-4a80-a577-4bbc9a471075,0,12,10.0
6fd1e225-53a0-4a80-a577-4bbc9a471075,0,13,10.0
6fd1e225-53a0-4a80-a577-4bbc9a471075,0,14,10.0
6fd1e225-53a0-4a80-a577-4bbc9a471075,0,15,10.0
6fd1e225-53a0-4a80-a577-4bbc9a471075,0,16,10.0
6fd1e225-53a0-4a80-a577-4bbc9a471075,0,17,10.0
6fd1e225-53a0-4a80-a577-4bbc9a471075,0,18,10.0
6fd1e225-53a0-4a80-a577-4bbc9a471075,0,19,10.0
6fd1e225-53a0-4a80-a577-4bbc9a471075,0,20,10.0
6fd1e225-53a0-4a80-a577-4bbc9a471075,0,21,10.0
6fd1e225-53a0-4a80-a577-4bbc9a471075,0,22,10.0
6fd1e225-53a0-4a80-a577-4bbc9a471075,1,9,10.0
6fd1e225-53a0-4a80-a577-4bbc9a471075,1,10,10.0
6fd1e225-53a0-4a80-a577-4bbc9a471075,1,11,10.0
6fd1e225-53a0-4a80-a577-4bbc9a471075,1,12,10.0
6fd1e225-53a0-4a80-a577-4bbc9a471075,1,13,10.0
6fd1e225-53a0-4a80-a577-4bbc9a471075,1,14,10.0
6fd1e225-53a0-4a80-a577-4bbc9a471075,1,15,10.0
6fd1e225-53a0-4a80-a577-4bbc9a471075,1,16,10.0
6fd1e225-53a0-4a80-a577-4bbc9a471075,1,17,10.0
6fd1e225-53a0-4a80-a577-4bbc9a471075,2,9,11.25
6fd1e225-53a0-4a80-a577-4bbc9a471075,2,10,11.25
6fd1e225-53a0-4a80-a577-4bbc9a471075,2,11,11.25
6fd1e225-53a0-4a80-a577-4bbc9a471075,2,12,11.25
6fd1e225-53a0-4a80-a577-4bbc9a471075,2,13,11.25
6fd1e225-53a0-4a80-a577-4bbc9a471075,2,14,11.25
6fd1e225-53a0-4a80-a577-4bbc9a471075,2,15,11.40625
6fd1e225-53a0-4a80-a577-4bbc9a471075,2,16,11.25
6fd1e225-53a0-4a80-a577-4bbc9a471075,2,17,11.25
6fd1e225-53a0-4a80-a577-4bbc9a471075,2,18,11.25
6fd1e225-53a0-4a80-a577-4bbc9a471075,2,19,11.25
6fd1e225-53a0-4a80-a577-4bbc9a471075,2,20,11.25
6fd1e225-53a0-4a80-a577-4bbc9a471075,2,21,11.25
6fd1e225-53a0-4a80-a577-4bbc9a471075,2,22,10.0
6fd1e225-53a0-4a80-a577-4bbc9a471075,3,9,10.0
6fd1e225-53a0-4a80-a577-4bbc9a471075,3,10,10.0
6fd1e225-53a0-4a80-a577-4bbc9a471075,3,11,10.0
6fd1e225-53a0-4a80-a577-4bbc9a471075,3,12,10.0
6fd1e225-53a0-4a80-a577-4bbc9a471075,3,13,10.0
6fd1e225-53a0-4a80-a577-4bbc9a471075,3,14,10.0
6fd1e225-53a0-4a80-a577-4bbc9a471075,3,15,10.0
6fd1e225-53a0-4a80-a577-4bbc9a471075,3,16,11.25
6fd1e225-53a0-4a80-a577-4bbc9a471075,3,17,11.25
6fd1e225-53a0-4a80-a577-4bbc9a471075,3,18,11.666666666666666
6fd1e225-53a0-4a80-a577-4bbc9a471075,3,19,11.666666666666666
6fd1e225-53a0-4a80-a577-4bbc9a471075,3,20,11.666666666666666
6fd1e225-53a0-4a80-a577-4bbc9a471075,3,21,11.666666666666666
6fd1e225-53a0-4a80-a577-4bbc9a471075,3,22,12.5
6fd1e225-53a0-4a80-a577-4bbc9a471075,4,9,11.666666666666666
6fd1e225-53a0-4a80-a577-4bbc9a471075,4,10,11.666666666666666
6fd1e225-53a0-4a80-a577-4bbc9a471075,4,11,11.666666666666666
6fd1e225-53a0-4a80-a577-4bbc9a471075,4,12,11.666666666666666
6fd1e225-53a0-4a80-a577-4bbc9a471075,4,13,11.666666666666666
6fd1e225-53a0-4a80-a577-4bbc9a471075,4,14,11.666666666666666
6fd1e225-53a0-4a80-a577-4bbc9a471075,4,15,11.666666666666666
6fd1e225-53a0-4a80-a577-4bbc9a471075,4,16,11.666666666666666
6fd1e225-53a0-4a80-a577-4bbc9a471075,4,17,11.666666666666666
6fd1e225-53a0-4a80-a577-4bbc9a471075,5,9,10.0
6fd1e225-53a0-4a80-a577-4bbc9a471075,5,10,10.0
6fd1e225-53a0-4a80-a577-4bbc9a471075,5,11,10.0
6fd1e225-53a0-4a80-a577-4bbc9a471075,5,12,10.0
6fd1e225-53a0-4a80-a577-4bbc9a471075,5,13,10.0
6fd1e225-53a0-4a80-a577-4bbc9a471075,5,14,10.0
6fd1e225-53a0-4a80-a577-4bbc9a471075,5,15,10.0
6fd1e225-53a0-4a80-a577-4bbc9a471075,5,16,10.0
6fd1e225-53a0-4a80-a577-4bbc9a471075,5,17,10.0
6fd1e225-53a0-4a80-a577-4bbc9a471075,5,18,10.0
6fd1e225-53a0-4a80-a577-4bbc9a471075,5,19,10.0
6fd1e225-53a0-4a80-a577-4bbc9a471075,5,20,10.0
6fd1e225-53a0-4a80-a577-4bbc9a471075,5,21,10.0
6fd1e225-53a0-4a80-a577-4bbc9a471075,5,22,10.0
6fd1e225-53a0-4a80-a577-4bbc9a471075,6,9,10.0
6fd1e225-53a0-4a80-a577-4bbc9a471075,6,10,10.0
6fd1e225-53a0-4a80-a577-4bbc9a471075,6,11,10.0
6fd1e225-53a0-4a80-a577-4bbc9a471075,6,12,10.0
6fd1e225-53a0-4a80-a577-4bbc9a471075,6,13,10.0
6fd1e225-53a0-4a80-a577-4bbc9a471075,6,14,10.0
6fd1e225-53a0-4a80-a577-4bbc9a471075,6,15,10.0
6fd1e225-53a0-4a80-a577-4bbc9a471075,6,16,10.0
6fd1e225-53a0-4a80-a577-4bbc9a471075,6,17,10.0
6fd1e225-53a0-4a80-a577-4bbc9a471075,6,18,10.0
6fd1e225-53a0-4a80-a577-4bbc9a471075,6,19,10.0
6fd1e225-53a0-4a80-a577-4bbc9a471075,6,20,10.0
6fd1e225-53a0-4a80-a577-4bbc9a471075,6,21,10.0
709e0baf-dd74-4b4e-9d19-7092336c0846,2,14,36.02272727272727
709e0baf-dd74-4b4e-9d19-7092336c0846,2,15,43.4375
709e0baf-dd74-4b4e-9d19-7092336c0846,2,16,32.8125
709e0baf-dd74-4b4e-9d19-7092336c0846,3,14,33.52272727272727
709e0baf-dd74-4b4e-9d19-7092336c0846,3,15,32.08333333333333
709e0baf-dd74-4b4e-9d19-7092336c0846,3,16,26.875
709e0baf-dd74-4b4e-9d19-7092336c0846,4,14,24.43181818181818
709e0baf-dd74-4b4e-9d19-7092336c0846,4,15,16.666666666666668
709e0baf-dd74-4b4e-9d19-7092336c0846,4,16,10.3125
709e0baf-dd74-4b4e-9d19-7092336c0846,5,14,35.09469696969697
709e0baf-dd74-4b4e-9d19-7092336c0846,5,15,34.6875
709e0baf-dd74-4b4e-9d19-7092336c0846,5,16,28.854166666666668
709e0baf-dd74-4b4e-9d19-7092336c0846,6,14,33.86363636363636
709e0baf-dd74-4b4e-9d19-7092336c0846,6,15,38.854166666666664
709e0baf-dd74-4b4e-9d19-7092336c0846,6,16,32.60416666666667
70ac72a3-9675-4c41-a1b1-e4801072927a,0,10,21.915584415584416
70ac72a3-9675-4c41-a1b1-e4801072927a,0,11,33.458333333333336
70ac72a3-9675-4c41-a1b1-e4801072927a,0,12,43.02083333333333
70ac72a3-9675-4c41-a1b1-e4801072927a,0,13,38.80681818181818
70ac72a3-9675-4c41-a1b1-e4801072927a,0,14,39.583333333333336
70ac72a3-9675-4c41-a1b1-e4801072927a,0,15,47.39583333333333
70ac72a3-9675-4c41-a1b1-e4801072927a,0,16,36.388888888888886
70ac72a3-9675-4c41-a1b1-e4801072927a,0,17,33.229166666666664
70ac72a3-9675-4c41-a1b1-e4801072927a,0,18,19.63068181818182
70ac72a3-9675-4c41-a1b1-e4801072927a,1,9,35.0
70ac72a3-9675-4c41-a1b1-e4801072927a,1,10,26.761363636363637
70ac72a3-9675-4c41-a1b1-e4801072927a,1,11,39.94318181818182
70ac72a3-9675-4c41-a1b1-e4801072927a,1,12,33.686868686868685
70ac72a3-9675-4c41-a1b1-e4801072927a,1,13,37.083333333333336
70ac72a3-9675-4c41-a1b1-e4801072927a,1,14,38.740530303030305
70ac72a3-9675-4c41-a1b1-e4801072927a,1,15,40.833333333333336
70ac72a3-9675-4c41-a1b1-e4801072927a,1,16,33.916666666666664
70ac72a3-9675-4c41-a1b1-e4801072927a,1,17,37.083333333333336
70ac72a3-9675-4c41-a1b1-e4801072927a,1,18,26.666666666666668
70ac72a3-9675-4c41-a1b1-e4801072927a,2,9,15.227272727272727
70ac72a3-9675-4c41-a1b1-e4801072927a,2,10,18.645833333333332
70ac72a3-9675-4c41-a1b1-e4801072927a,2,11,26.354166666666668
70ac72a3-9675-4c41-a1b1-e4801072927a,2,12,24.166666666666668
70ac72a3-9675-4c41-a1b1-e4801072927a,2,13,28.020833333333332
70ac72a3-9675-4c41-a1b1-e4801072927a,2,14,26.25
70ac72a3-9675-4c41-a1b1-e4801072927a,2,15,19.791666666666664
70ac72a3-9675-4c41-a1b1-e4801072927a,2,16,18.333333333333332
70ac72a3-9675-4c41-a1b1-e4801072927a,3,9,15.0
70ac72a3-9675-4c41-a1b1-e4801072927a,3,10,17.8125
70ac72a3-9675-4c41-a1b1-e4801072927a,3,11,22.604166666666668
70ac72a3-9675-4c41-a1b1-e4801072927a,3,12,35.22916666666667
70ac72a3-9675-4c41-a1b1-e4801072927a,3,13,34.895833333333336
70ac72a3-9675-4c41-a1b1-e4801072927a,3,14,31.4375
70ac72a3-9675-4c41-a1b1-e4801072927a,3,15,25.729166666666668
70ac72a3-9675-4c41-a1b1-e4801072927a,3,16,25.416666666666664
70ac72a3-9675-4c41-a1b1-e4801072927a,4,9,15.0
70ac72a3-9675-4c41-a1b1-e4801072927a,4,10,15.520833333333332
70ac72a3-9675-4c41-a1b1-e4801072927a,4,11,19.479166666666668
70ac72a3-9675-4c41-a1b1-e4801072927a,4,12,36.458333333333336
70ac72a3-9675-4c41-a1b1-e4801072927a,4,13,39.79166666666667
70ac72a3-9675-4c41-a1b1-e4801072927a,4,14,34.58333333333333
70ac72a3-9675-4c41-a1b1-e4801072927a,4,15,39.50757575757576
70ac72a3-9675-4c41-a1b1-e4801072927a,4,16,31.022727272727273
70ac72a3-9675-4c41-a1b1-e4801072927a,5,8,15.0
70ac72a3-9675-4c41-a1b1-e4801072927a,5,9,18.75
70ac72a3-9675-4c41-a1b1-e4801072927a,5,10,21.5625
70ac72a3-9675-4c41-a1b1-e4801072927a,5,11,36.410984848484844
70ac72a3-9675-4c41-a1b1-e4801072927a,5,12,49.479166666666664
70ac72a3-9675-4c41-a1b1-e4801072927a,5,13,62.08333333333333
70ac72a3-9675-4c41-a1b1-e4801072927a,5,14,74.79166666666666
70ac72a3-9675-4c41-a1b1-e4801072927a,5,15,52.71780303030303
70ac72a3-9675-4c41-a1b1-e4801072927a,5,16,55.833333333333336
70ac72a3-9675-4c41-a1b1-e4801072927a,6,8,15.0
70ac72a3-9675-4c41-a1b1-e4801072927a,6,9,15.0
70ac72a3-9675-4c41-a1b1-e4801072927a,6,10,19.375
70ac72a3-9675-4c41-a1b1-e4801072927a,6,11,39.0625
70ac72a3-9675-4c41-a1b1-e4801072927a,6,12,39.583333333333336
70ac72a3-9675-4c41-a1b1-e4801072927a,6,13,47.94949494949495
70ac72a3-9675-4c41-a1b1-e4801072927a,6,14,44.888888888888886
70ac72a3-9675-4c41-a1b1-e4801072927a,6,15,50.66964285714286
70ac72a3-9675-4c41-a1b1-e4801072927a,6,16,51.5625
7288f24a-396e-4eeb-bb3b-4a90e65269f2,0,10,43.4375
7288f24a-396e-4eeb-bb3b-4a90e65269f2,0,11,47.60416666666667
7288f24a-396e-4eeb-bb3b-4a90e65269f2,0,12,36.770833333333336
7288f24a-396e-4eeb-bb3b-4a90e65269f2,0,13,28.229166666666668
7288f24a-396e-4eeb-bb3b-4a90e65269f2,0,14,26.875
7288f24a-396e-4eeb-bb3b-4a90e65269f2,0,15,25.710227272727273
7288f24a-396e-4eeb-bb3b-4a90e65269f2,0,16,29.791666666666668
7288f24a-396e-4eeb-bb3b-4a90e65269f2,0,17,25.208333333333336
7288f24a-396e-4eeb-bb3b-4a90e65269f2,0,18,19.583333333333332
7288f24a-396e-4eeb-bb3b-4a90e65269f2,1,9,35.0
7288f24a-396e-4eeb-bb3b-4a90e65269f2,1,10,40.354166666666664
7288f24a-396e-4eeb-bb3b-4a90e65269f2,1,11,46.66666666666667
7288f24a-396e-4eeb-bb3b-4a90e65269f2,1,12,31.770833333333332
7288f24a-396e-4eeb-bb3b-4a90e65269f2,1,13,27.5
7288f24a-396e-4eeb-bb3b-4a90e65269f2,1,14,27.708333333333332
7288f24a-396e-4eeb-bb3b-4a90e65269f2,1,15,26.145833333333332
7288f24a-396e-4eeb-bb3b-4a90e65269f2,1,16,28.611111111111114
7288f24a-396e-4eeb-bb3b-4a90e65269f2,1,17,28.055555555555557
7288f24a-396e-4eeb-bb3b-4a90e65269f2,1,18,25.277777777777782
7288f24a-396e-4eeb-bb3b-4a90e65269f2,2,9,22.583333333333332
7288f24a-396e-4eeb-bb3b-4a90e65269f2,2,10,37.638888888888886
7288f24a-396e-4eeb-bb3b-4a90e65269f2,2,11,32.63888888888889
7288f24a-396e-4eeb-bb3b-4a90e65269f2,2,12,24.0625
7288f24a-396e-4eeb-bb3b-4a90e65269f2,2,13,18.791666666666668
7288f24a-396e-4eeb-bb3b-4a90e65269f2,2,14,18.80681818181818
7288f24a-396e-4eeb-bb3b-4a90e65269f2,2,15,11.979166666666666
7288f24a-396e-4eeb-bb3b-4a90e65269f2,2,16,11.145833333333332
7288f24a-396e-4eeb-bb3b-4a90e65269f2,3,9,27.138888888888886
7288f24a-396e-4eeb-bb3b-4a90e65269f2,3,10,34.895833333333336
7288f24a-396e-4eeb-bb3b-4a90e65269f2,3,11,38.125
7288f24a-396e-4eeb-bb3b-4a90e65269f2,3,12,26.979166666666668
7288f24a-396e-4eeb-bb3b-4a90e65269f2,3,13,18.958333333333336
7288f24a-396e-4eeb-bb3b-4a90e65269f2,3,14,14.027777777777779
7288f24a-396e-4eeb-bb3b-4a90e65269f2,3,15,11.805555555555555
7288f24a-396e-4eeb-bb3b-4a90e65269f2,3,16,12.5
7288f24a-396e-4eeb-bb3b-4a90e65269f2,4,9,21.637205387205388
7288f24a-396e-4eeb-bb3b-4a90e65269f2,4,10,35.104166666666664
7288f24a-396e-4eeb-bb3b-4a90e65269f2,4,11,37.604166666666664
7288f24a-396e-4eeb-bb3b-4a90e65269f2,4,12,29.270833333333332
7288f24a-396e-4eeb-bb3b-4a90e65269f2,4,13,24.0625
7288f24a-396e-4eeb-bb3b-4a90e65269f2,4,14,17.8125
7288f24a-396e-4eeb-bb3b-4a90e65269f2,4,15,19.895833333333332
7288f24a-396e-4eeb-bb3b-4a90e65269f2,4,16,15.083333333333334
7288f24a-396e-4eeb-bb3b-4a90e65269f2,5,8,12.727272727272727
7288f24a-396e-4eeb-bb3b-4a90e65269f2,5,9,28.248106060606062
7288f24a-396e-4eeb-bb3b-4a90e65269f2,5,10,46.14583333333333
7288f24a-396e-4eeb-bb3b-4a90e65269f2,5,11,46.458333333333336
7288f24a-396e-4eeb-bb3b-4a90e65269f2,5,12,39.58333333333333
7288f24a-396e-4eeb-bb3b-4a90e65269f2,5,13,33.035714285714285
7288f24a-396e-4eeb-bb3b-4a90e65269f2,5,14,27.708333333333336
7288f24a-396e-4eeb-bb3b-4a90e65269f2,5,15,28.4375
7288f24a-396e-4eeb-bb3b-4a90e65269f2,5,16,27.083333333333332
7288f24a-396e-4eeb-bb3b-4a90e65269f2,6,8,19.0
7288f24a-396e-4eeb-bb3b-4a90e65269f2,6,9,31.944805194805195
7288f24a-396e-4eeb-bb3b-4a90e65269f2,6,10,39.0625
7288f24a-396e-4eeb-bb3b-4a90e65269f2,6,11,38.958333333333336
7288f24a-396e-4eeb-bb3b-4a90e65269f2,6,12,34.79166666666667
7288f24a-396e-4eeb-bb3b-4a90e65269f2,6,13,25.729166666666664
7288f24a-396e-4eeb-bb3b-4a90e65269f2,6,14,24.895833333333332
7288f24a-396e-4eeb-bb3b-4a90e65269f2,6,15,22.083333333333332
7288f24a-396e-4eeb-bb3b-4a90e65269f2,6,16,16.25
72c7343a-f7fb-4f66-95df-c91016de7338,0,9,9.895833333333334
72c7343a-f7fb-4f66-95df-c91016de7338,0,10,25.729166666666664
72c7343a-f7fb-4f66-95df-c91016de7338,0,11,29.270833333333336
72c7343a-f7fb-4f66-95df-c91016de7338,0,12,33.75
72c7343a-f7fb-4f66-95df-c91016de7338,0,13,34.479166666666664
72c7343a-f7fb-4f66-95df-c91016de7338,0,14,30.68181818181818
72c7343a-f7fb-4f66-95df-c91016de7338,0,15,34.58333333333333
72c7343a-f7fb-4f66-95df-c91016de7338,0,16,28.611111111111114
72c7343a-f7fb-4f66-95df-c91016de7338,0,17,40.41666666666667
72c7343a-f7fb-4f66-95df-c91016de7338,0,18,36.25
72c7343a-f7fb-4f66-95df-c91016de7338,0,19,33.4375
72c7343a-f7fb-4f66-95df-c91016de7338,0,20,29.166666666666664
72c7343a-f7fb-4f66-95df-c91016de7338,0,21,14.166666666666668
72c7343a-f7fb-4f66-95df-c91016de7338,0,22,28.194444444444443
72c7343a-f7fb-4f66-95df-c91016de7338,1,9,15.520833333333334
72c7343a-f7fb-4f66-95df-c91016de7338,1,10,22.291666666666664
72c7343a-f7fb-4f66-95df-c91016de7338,1,11,24.895833333333336
72c7343a-f7fb-4f66-95df-c91016de7338,1,12,22.604166666666668
72c7343a-f7fb-4f66-95df-c91016de7338,1,13,24.270833333333332
72c7343a-f7fb-4f66-95df-c91016de7338,1,14,24.895833333333332
72c7343a-f7fb-4f66-95df-c91016de7338,1,15,26.458333333333336
72c7343a-f7fb-4f66-95df-c91016de7338,1,16,26.145833333333332
72c7343a-f7fb-4f66-95df-c91016de7338,1,17,28.4375
72c7343a-f7fb-4f66-95df-c91016de7338,2,9,13.020833333333332
72c7343a-f7fb-4f66-95df-c91016de7338,2,10,26.875
72c7343a-f7fb-4f66-95df-c91016de7338,2,11,29.375
72c7343a-f7fb-4f66-95df-c91016de7338,2,12,33.33333333333333
72c7343a-f7fb-4f66-95df-c91016de7338,2,13,31.5625
72c7343a-f7fb-4f66-95df-c91016de7338,2,14,24.375
72c7343a-f7fb-4f66-95df-c91016de7338,2,15,31.625
72c7343a-f7fb-4f66-95df-c91016de7338,2,16,29.305555555555554
72c7343a-f7fb-4f66-95df-c91016de7338,2,17,43.73106060606061
72c7343a-f7fb-4f66-95df-c91016de7338,2,18,36.666666666666664
72c7343a-f7fb-4f66-95df-c91016de7338,2,19,42.36111111111111
72c7343a-f7fb-4f66-95df-c91016de7338,2,20,33.888888888888886
72c7343a-f7fb-4f66-95df-c91016de7338,2,21,19.722222222222225
72c7343a-f7fb-4f66-95df-c91016de7338,2,22,29.583333333333332
72c7343a-f7fb-4f66-95df-c91016de7338,3,9,9.895833333333334
72c7343a-f7fb-4f66-95df-c91016de7338,3,10,22.708333333333332
72c7343a-f7fb-4f66-95df-c91016de7338,3,11,26.354166666666668
72c7343a-f7fb-4f66-95df-c91016de7338,3,12,30.520833333333332
72c7343a-f7fb-4f66-95df-c91016de7338,3,13,28.854166666666668
72c7343a-f7fb-4f66-95df-c91016de7338,3,14,29.166666666666664
72c7343a-f7fb-4f66-95df-c91016de7338,3,15,31.770833333333336
72c7343a-f7fb-4f66-95df-c91016de7338,3,16,36.97916666666667
72c7343a-f7fb-4f66-95df-c91016de7338,3,17,37.604166666666664
72c7343a-f7fb-4f66-95df-c91016de7338,3,18,37.083333333333336
72c7343a-f7fb-4f66-95df-c91016de7338,3,19,33.611111111111114
72c7343a-f7fb-4f66-95df-c91016de7338,3,20,27.083333333333332
72c7343a-f7fb-4f66-95df-c91016de7338,3,21,17.36111111111111
72c7343a-f7fb-4f66-95df-c91016de7338,3,22,21.25
72c7343a-f7fb-4f66-95df-c91016de7338,4,8,5.555555555555556
72c7343a-f7fb-4f66-95df-c91016de7338,4,9,16.354166666666668
72c7343a-f7fb-4f66-95df-c91016de7338,4,10,24.375
72c7343a-f7fb-4f66-95df-c91016de7338,4,11,29.791666666666664
72c7343a-f7fb-4f66-95df-c91016de7338,4,12,30.520833333333332
72c7343a-f7fb-4f66-95df-c91016de7338,4,13,30.104166666666668
72c7343a-f7fb-4f66-95df-c91016de7338,4,14,26.666666666666664
72c7343a-f7fb-4f66-95df-c91016de7338,4,15,29.895833333333336
72c7343a-f7fb-4f66-95df-c91016de7338,4,16,32.604166666666664
72c7343a-f7fb-4f66-95df-c91016de7338,4,17,34.47916666666667
72c7343a-f7fb-4f66-95df-c91016de7338,5,8,7.5
72c7343a-f7fb-4f66-95df-c91016de7338,5,9,17.395833333333332
72c7343a-f7fb-4f66-95df-c91016de7338,5,10,32.70833333333333
72c7343a-f7fb-4f66-95df-c91016de7338,5,11,34.79166666666667
72c7343a-f7fb-4f66-95df-c91016de7338,5,12,37.604166666666664
72c7343a-f7fb-4f66-95df-c91016de7338,5,13,44.25
72c7343a-f7fb-4f66-95df-c91016de7338,5,14,42.361111111111114
72c7343a-f7fb-4f66-95df-c91016de7338,5,15,42.708333333333336
72c7343a-f7fb-4f66-95df-c91016de7338,5,16,47.323232323232325
72c7343a-f7fb-4f66-95df-c91016de7338,5,17,48.16964285714286
72c7343a-f7fb-4f66-95df-c91016de7338,5,18,47.5
72c7343a-f7fb-4f66-95df-c91016de7338,5,19,47.395833333333336
72c7343a-f7fb-4f66-95df-c91016de7338,5,20,40.3125
72c7343a-f7fb-4f66-95df-c91016de7338,5,21,30.0
72c7343a-f7fb-4f66-95df-c91016de7338,5,22,30.208333333333336
72c7343a-f7fb-4f66-95df-c91016de7338,6,8,6.875
72c7343a-f7fb-4f66-95df-c91016de7338,6,9,18.229166666666664
72c7343a-f7fb-4f66-95df-c91016de7338,6,10,28.791666666666664
72c7343a-f7fb-4f66-95df-c91016de7338,6,11,33.02083333333333
72c7343a-f7fb-4f66-95df-c91016de7338,6,12,35.83333333333333
72c7343a-f7fb-4f66-95df-c91016de7338,6,13,33.4375
72c7343a-f7fb-4f66-95df-c91016de7338,6,14,32.708333333333336
72c7343a-f7fb-4f66-95df-c91016de7338,6,15,34.16666666666667
72c7343a-f7fb-4f66-95df-c91016de7338,6,16,34.89583333333333
72c7343a-f7fb-4f66-95df-c91016de7338,6,17,32.70833333333333
72c7343a-f7fb-4f66-95df-c91016de7338,6,18,52.083333333333336
72c7343a-f7fb-4f66-95df-c91016de7338,6,19,40.0
72c7343a-f7fb-4f66-95df-c91016de7338,6,20,39.166666666666664
72c7343a-f7fb-4f66-95df-c91016de7338,6,21,20.0
73cb9445-0695-47a3-87ce-d08ae36b5f3c,0,9,8.772727272727273
73cb9445-0695-47a3-87ce-d08ae36b5f3c,0,10,18.229166666666668
73cb9445-0695-47a3-87ce-d08ae36b5f3c,0,11,25.833333333333336
73cb9445-0695-47a3-87ce-d08ae36b5f3c,0,12,35.625
73cb9445-0695-47a3-87ce-d08ae36b5f3c,0,13,39.791666666666664
73cb9445-0695-47a3-87ce-d08ae36b5f3c,0,14,32.041666666666664
73cb9445-0695-47a3-87ce-d08ae36b5f3c,0,15,38.08982683982684
73cb9445-0695-47a3-87ce-d08ae36b5f3c,0,16,26.388888888888886
73cb9445-0695-47a3-87ce-d08ae36b5f3c,0,17,26.041666666666668
73cb9445-0695-47a3-87ce-d08ae36b5f3c,0,18,29.583333333333332
73cb9445-0695-47a3-87ce-d08ae36b5f3c,0,19,23.072916666666668
73cb9445-0695-47a3-87ce-d08ae36b5f3c,0,20,19.971590909090907
73cb9445-0695-47a3-87ce-d08ae36b5f3c,0,21,8.020833333333334
73cb9445-0695-47a3-87ce-d08ae36b5f3c,0,22,8.75
73cb9445-0695-47a3-87ce-d08ae36b5f3c,1,9,5.0
73cb9445-0695-47a3-87ce-d08ae36b5f3c,1,10,17.5
73cb9445-0695-47a3-87ce-d08ae36b5f3c,1,11,26.527777777777775
73cb9445-0695-47a3-87ce-d08ae36b5f3c,1,12,26.25
73cb9445-0695-47a3-87ce-d08ae36b5f3c,1,13,25.823863636363637
73cb9445-0695-47a3-87ce-d08ae36b5f3c,1,14,24.791666666666668
73cb9445-0695-47a3-87ce-d08ae36b5f3c,1,15,18.81628787878788
73cb9445-0695-47a3-87ce-d08ae36b5f3c,1,16,8.898809523809524
73cb9445-0695-47a3-87ce-d08ae36b5f3c,1,17,20.9375
73cb9445-0695-47a3-87ce-d08ae36b5f3c,2,9,6.969696969696969
73cb9445-0695-47a3-87ce-d08ae36b5f3c,2,10,15.555555555555557
73cb9445-0695-47a3-87ce-d08ae36b5f3c,2,11,32.28219696969697
73cb9445-0695-47a3-87ce-d08ae36b5f3c,2,12,45.416666666666664
73cb9445-0695-47a3-87ce-d08ae36b5f3c,2,13,48.125
73cb9445-0695-47a3-87ce-d08ae36b5f3c,2,14,39.71590909090909
73cb9445-0695-47a3-87ce-d08ae36b5f3c,2,15,46.52777777777778
73cb9445-0695-47a3-87ce-d08ae36b5f3c,2,16,38.47222222222222
73cb9445-0695-47a3-87ce-d08ae36b5f3c,2,17,43.61111111111111
73cb9445-0695-47a3-87ce-d08ae36b5f3c,2,18,41.5625
73cb9445-0695-47a3-87ce-d08ae36b5f3c,2,19,39.58333333333333
73cb9445-0695-47a3-87ce-d08ae36b5f3c,2,20,26.666666666666664
73cb9445-0695-47a3-87ce-d08ae36b5f3c,2,21,14.166666666666666
73cb9445-0695-47a3-87ce-d08ae36b5f3c,2,22,18.75
73cb9445-0695-47a3-87ce-d08ae36b5f3c,3,9,6.428571428571429
73cb9445-0695-47a3-87ce-d08ae36b5f3c,3,10,16.979166666666668
73cb9445-0695-47a3-87ce-d08ae36b5f3c,3,11,30.208333333333332
73cb9445-0695-47a3-87ce-d08ae36b5f3c,3,12,29.166666666666664
73cb9445-0695-47a3-87ce-d08ae36b5f3c,3,13,31.800595238095237
73cb9445-0695-47a3-87ce-d08ae36b5f3c,3,14,31.770833333333332
73cb9445-0695-47a3-87ce-d08ae36b5f3c,3,15,34.16666666666667
73cb9445-0695-47a3-87ce-d08ae36b5f3c,3,16,36.67613636363637
73cb9445-0695-47a3-87ce-d08ae36b5f3c,3,17,28.333333333333336
73cb9445-0695-47a3-87ce-d08ae36b5f3c,3,18,35.97222222222222
73cb9445-0695-47a3-87ce-d08ae36b5f3c,3,19,32.916666666666664
73cb9445-0695-47a3-87ce-d08ae36b5f3c,3,20,22.777777777777782
73cb9445-0695-47a3-87ce-d08ae36b5f3c,3,21,8.61111111111111
73cb9445-0695-47a3-87ce-d08ae36b5f3c,3,22,7.5
73cb9445-0695-47a3-87ce-d08ae36b5f3c,4,8,5.0
73cb9445-0695-47a3-87ce-d08ae36b5f3c,4,9,5.568181818181818
73cb9445-0695-47a3-87ce-d08ae36b5f3c,4,10,8.229166666666666
73cb9445-0695-47a3-87ce-d08ae36b5f3c,4,11,24.375
73cb9445-0695-47a3-87ce-d08ae36b5f3c,4,12,23.958333333333332
73cb9445-0695-47a3-87ce-d08ae36b5f3c,4,13,25.416666666666668
73cb9445-0695-47a3-87ce-d08ae36b5f3c,4,14,24.0625
73cb9445-0695-47a3-87ce-d08ae36b5f3c,4,15,25.0
73cb9445-0695-47a3-87ce-d08ae36b5f3c,4,16,15.694444444444443
73cb9445-0695-47a3-87ce-d08ae36b5f3c,4,17,20.90277777777778
73cb9445-0695-47a3-87ce-d08ae36b5f3c,5,8,5.0
73cb9445-0695-47a3-87ce-d08ae36b5f3c,5,9,5.9375
73cb9445-0695-47a3-87ce-d08ae36b5f3c,5,10,19.479166666666668
73cb9445-0695-47a3-87ce-d08ae36b5f3c,5,11,37.1875
73cb9445-0695-47a3-87ce-d08ae36b5f3c,5,12,39.47916666666667
73cb9445-0695-47a3-87ce-d08ae36b5f3c,5,13,46.979166666666664
73cb9445-0695-47a3-87ce-d08ae36b5f3c,5,14,44.375
73cb9445-0695-47a3-87ce-d08ae36b5f3c,5,15,47.83333333333333
73cb9445-0695-47a3-87ce-d08ae36b5f3c,5,16,42.65873015873016
73cb9445-0695-47a3-87ce-d08ae36b5f3c,5,17,47.42063492063492
73cb9445-0695-47a3-87ce-d08ae36b5f3c,5,18,43.95833333333333
73cb9445-0695-47a3-87ce-d08ae36b5f3c,5,19,40.416666666666664
73cb9445-0695-47a3-87ce-d08ae36b5f3c,5,20,31.666666666666664
73cb9445-0695-47a3-87ce-d08ae36b5f3c,5,21,26.145833333333332
73cb9445-0695-47a3-87ce-d08ae36b5f3c,5,22,16.041666666666668
73cb9445-0695-47a3-87ce-d08ae36b5f3c,6,8,5.0
73cb9445-0695-47a3-87ce-d08ae36b5f3c,6,9,5.833333333333333
73cb9445-0695-47a3-87ce-d08ae36b5f3c,6,10,20.46875
73cb9445-0695-47a3-87ce-d08ae36b5f3c,6,11,26.666666666666668
73cb9445-0695-47a3-87ce-d08ae36b5f3c,6,12,30.416666666666668
73cb9445-0695-47a3-87ce-d08ae36b5f3c,6,13,27.414772727272727
73cb9445-0695-47a3-87ce-d08ae36b5f3c,6,14,31.666666666666668
73cb9445-0695-47a3-87ce-d08ae36b5f3c,6,15,18.933531746031747
73cb9445-0695-47a3-87ce-d08ae36b5f3c,6,16,21.458333333333336
73cb9445-0695-47a3-87ce-d08ae36b5f3c,6,17,16.944444444444446
73cb9445-0695-47a3-87ce-d08ae36b5f3c,6,18,37.5
73cb9445-0695-47a3-87ce-d08ae36b5f3c,6,19,49.583333333333336
73cb9445-0695-47a3-87ce-d08ae36b5f3c,6,20,40.0
73cb9445-0695-47a3-87ce-d08ae36b5f3c,6,21,17.916666666666668
750939c5-a69e-408a-8d55-66c272fa265e,0,10,9.069805194805195
750939c5-a69e-408a-8d55-66c272fa265e,0,11,27.395833333333332
750939c5-a69e-408a-8d55-66c272fa265e,0,12,34.58333333333333
750939c5-a69e-408a-8d55-66c272fa265e,0,13,32.25378787878788
750939c5-a69e-408a-8d55-66c272fa265e,0,14,26.041666666666668
750939c5-a69e-408a-8d55-66c272fa265e,0,15,25.625
750939c5-a69e-408a-8d55-66c272fa265e,0,16,18.579545454545453
750939c5-a69e-408a-8d55-66c272fa265e,0,17,17.1875
750939c5-a69e-408a-8d55-66c272fa265e,0,18,8.854166666666668
750939c5-a69e-408a-8d55-66c272fa265e,1,10,9.964015151515152
750939c5-a69e-408a-8d55-66c272fa265e,1,11,31.21527777777778
750939c5-a69e-408a-8d55-66c272fa265e,1,12,36.25
750939c5-a69e-408a-8d55-66c272fa265e,1,13,33.020833333333336
750939c5-a69e-408a-8d55-66c272fa265e,1,14,21.354166666666664
750939c5-a69e-408a-8d55-66c272fa265e,1,15,20.625
750939c5-a69e-408a-8d55-66c272fa265e,1,16,18.020833333333332
750939c5-a69e-408a-8d55-66c272fa265e,1,17,14.270833333333332
750939c5-a69e-408a-8d55-66c272fa265e,1,18,6.83080808080808
750939c5-a69e-408a-8d55-66c272fa265e,2,9,6.458333333333334
750939c5-a69e-408a-8d55-66c272fa265e,2,10,9.375
750939c5-a69e-408a-8d55-66c272fa265e,2,11,19.166666666666664
750939c5-a69e-408a-8d55-66c272fa265e,2,12,20.104166666666668
750939c5-a69e-408a-8d55-66c272fa265e,2,13,13.399621212121213
750939c5-a69e-408a-8d55-66c272fa265e,2,14,6.5625
750939c5-a69e-408a-8d55-66c272fa265e,2,15,6.145833333333333
750939c5-a69e-408a-8d55-66c272fa265e,2,16,5.104166666666667
750939c5-a69e-408a-8d55-66c272fa265e,3,9,5.113636363636363
750939c5-a69e-408a-8d55-66c272fa265e,3,10,9.0625
750939c5-a69e-408a-8d55-66c272fa265e,3,11,23.020833333333332
750939c5-a69e-408a-8d55-66c272fa265e,3,12,24.6875
750939c5-a69e-408a-8d55-66c272fa265e,3,13,19.270833333333332
750939c5-a69e-408a-8d55-66c272fa265e,3,14,8.664772727272727
750939c5-a69e-408a-8d55-66c272fa265e,3,15,8.229166666666666
750939c5-a69e-408a-8d55-66c272fa265e,3,16,7.291666666666666
750939c5-a69e-408a-8d55-66c272fa265e,4,9,5.375
750939c5-a69e-408a-8d55-66c272fa265e,4,10,13.958333333333334
750939c5-a69e-408a-8d55-66c272fa265e,4,11,25.555555555555557
750939c5-a69e-408a-8d55-66c272fa265e,4,12,25.520833333333336
750939c5-a69e-408a-8d55-66c272fa265e,4,13,22.916666666666668
750939c5-a69e-408a-8d55-66c272fa265e,4,14,13.506944444444445
750939c5-a69e-408a-8d55-66c272fa265e,4,15,14.90530303030303
750939c5-a69e-408a-8d55-66c272fa265e,4,16,10.461309523809524
750939c5-a69e-408a-8d55-66c272fa265e,5,8,5.0
750939c5-a69e-408a-8d55-66c272fa265e,5,9,6.4772727272727275
750939c5-a69e-408a-8d55-66c272fa265e,5,10,22.1875
750939c5-a69e-408a-8d55-66c272fa265e,5,11,34.270833333333336
750939c5-a69e-408a-8d55-66c272fa265e,5,12,37.395833333333336
750939c5-a69e-408a-8d55-66c272fa265e,5,13,37.5
750939c5-a69e-408a-8d55-66c272fa265e,5,14,32.75
750939c5-a69e-408a-8d55-66c272fa265e,5,15,34.875
750939c5-a69e-408a-8d55-66c272fa265e,5,16,18.506944444444443
750939c5-a69e-408a-8d55-66c272fa265e,6,8,5.0
750939c5-a69e-408a-8d55-66c272fa265e,6,9,6.770833333333334
750939c5-a69e-408a-8d55-66c272fa265e,6,10,12.118055555555555
750939c5-a69e-408a-8d55-66c272fa265e,6,11,24.0625
750939c5-a69e-408a-8d55-66c272fa265e,6,12,30.625
750939c5-a69e-408a-8d55-66c272fa265e,6,13,27.916666666666668
750939c5-a69e-408a-8d55-66c272fa265e,6,14,25.375
750939c5-a69e-408a-8d55-66c272fa265e,6,15,22.083333333333332
750939c5-a69e-408a-8d55-66c272fa265e,6,16,14.583333333333334
75449e85-c410-4cef-a368-9d2ea5d52b58,0,9,5.303030303030304
75449e85-c410-4cef-a368-9d2ea5d52b58,0,10,14.270833333333334
75449e85-c410-4cef-a368-9d2ea5d52b58,0,11,20.0
75449e85-c410-4cef-a368-9d2ea5d52b58,0,12,17.604166666666668
75449e85-c410-4cef-a368-9d2ea5d52b58,0,13,13.645833333333332
75449e85-c410-4cef-a368-9d2ea5d52b58,0,14,13.4375
75449e85-c410-4cef-a368-9d2ea5d52b58,0,15,9.520833333333332
75449e85-c410-4cef-a368-9d2ea5d52b58,0,16,8.75
75449e85-c410-4cef-a368-9d2ea5d52b58,0,17,8.020833333333334
75449e85-c410-4cef-a368-9d2ea5d52b58,0,18,8.0
75449e85-c410-4cef-a368-9d2ea5d52b58,0,19,5.0
75449e85-c410-4cef-a368-9d2ea5d52b58,0,20,5.0
75449e85-c410-4cef-a368-9d2ea5d52b58,1,9,5.0
75449e85-c410-4cef-a368-9d2ea5d52b58,1,10,9.895833333333334
75449e85-c410-4cef-a368-9d2ea5d52b58,1,11,14.554924242424242
75449e85-c410-4cef-a368-9d2ea5d52b58,1,12,9.6875
75449e85-c410-4cef-a368-9d2ea5d52b58,1,13,6.25
75449e85-c410-4cef-a368-9d2ea5d52b58,1,14,5.0
75449e85-c410-4cef-a368-9d2ea5d52b58,1,15,5.729166666666667
75449e85-c410-4cef-a368-9d2ea5d52b58,1,16,5.0
75449e85-c410-4cef-a368-9d2ea5d52b58,1,17,5.454545454545455
75449e85-c410-4cef-a368-9d2ea5d52b58,1,18,6.25
75449e85-c410-4cef-a368-9d2ea5d52b58,1,19,6.25
75449e85-c410-4cef-a368-9d2ea5d52b58,1,20,5.0
75449e85-c410-4cef-a368-9d2ea5d52b58,2,9,5.0
75449e85-c410-4cef-a368-9d2ea5d52b58,2,10,5.0
75449e85-c410-4cef-a368-9d2ea5d52b58,2,11,7.5
75449e85-c410-4cef-a368-9d2ea5d52b58,2,12,8.125
75449e85-c410-4cef-a368-9d2ea5d52b58,2,13,6.770833333333334
75449e85-c410-4cef-a368-9d2ea5d52b58,2,14,6.354166666666666
75449e85-c410-4cef-a368-9d2ea5d52b58,2,15,5.3125
75449e85-c410-4cef-a368-9d2ea5d52b58,2,16,5.416666666666667
75449e85-c410-4cef-a368-9d2ea5d52b58,2,17,5.0
75449e85-c410-4cef-a368-9d2ea5d52b58,2,18,5.0
75449e85-c410-4cef-a368-9d2ea5d52b58,2,19,5.208333333333333
75449e85-c410-4cef-a368-9d2ea5d52b58,2,20,5.0
75449e85-c410-4cef-a368-9d2ea5d52b58,3,9,5.0
75449e85-c410-4cef-a368-9d2ea5d52b58,3,10,10.018939393939394
75449e85-c410-4cef-a368-9d2ea5d52b58,3,11,12.916666666666666
75449e85-c410-4cef-a368-9d2ea5d52b58,3,12,11.979166666666668
75449e85-c410-4cef-a368-9d2ea5d52b58,3,13,6.5625
75449e85-c410-4cef-a368-9d2ea5d52b58,3,14,5.9375
75449e85-c410-4cef-a368-9d2ea5d52b58,3,15,9.270833333333332
75449e85-c410-4cef-a368-9d2ea5d52b58,3,16,8.333333333333334
75449e85-c410-4cef-a368-9d2ea5d52b58,3,17,6.145833333333334
75449e85-c410-4cef-a368-9d2ea5d52b58,3,18,6.25
75449e85-c410-4cef-a368-9d2ea5d52b58,3,19,5.729166666666667
75449e85-c410-4cef-a368-9d2ea5d52b58,3,20,5.0
75449e85-c410-4cef-a368-9d2ea5d52b58,4,9,5.0
75449e85-c410-4cef-a368-9d2ea5d52b58,4,10,10.833333333333334
75449e85-c410-4cef-a368-9d2ea5d52b58,4,11,16.875
75449e85-c410-4cef-a368-9d2ea5d52b58,4,12,13.020833333333332
75449e85-c410-4cef-a368-9d2ea5d52b58,4,13,12.395833333333332
75449e85-c410-4cef-a368-9d2ea5d52b58,4,14,9.270833333333332
75449e85-c410-4cef-a368-9d2ea5d52b58,4,15,7.8125
75449e85-c410-4cef-a368-9d2ea5d52b58,4,16,12.708333333333332
75449e85-c410-4cef-a368-9d2ea5d52b58,4,17,9.0625
75449e85-c410-4cef-a368-9d2ea5d52b58,4,18,8.4375
75449e85-c410-4cef-a368-9d2ea5d52b58,4,19,13.958333333333332
75449e85-c410-4cef-a368-9d2ea5d52b58,4,20,6.197916666666666
75449e85-c410-4cef-a368-9d2ea5d52b58,5,9,5.0
75449e85-c410-4cef-a368-9d2ea5d52b58,5,10,10.416666666666668
75449e85-c410-4cef-a368-9d2ea5d52b58,5,11,18.645833333333332
75449e85-c410-4cef-a368-9d2ea5d52b58,5,12,13.854166666666666
75449e85-c410-4cef-a368-9d2ea5d52b58,5,13,12.083333333333334
75449e85-c410-4cef-a368-9d2ea5d52b58,5,14,15.138888888888888
75449e85-c410-4cef-a368-9d2ea5d52b58,5,15,17.944444444444443
75449e85-c410-4cef-a368-9d2ea5d52b58,5,16,13.055555555555555
75449e85-c410-4cef-a368-9d2ea5d52b58,5,17,10.416666666666666
75449e85-c410-4cef-a368-9d2ea5d52b58,5,18,9.166666666666666
75449e85-c410-4cef-a368-9d2ea5d52b58,5,19,8.75
75449e85-c410-4cef-a368-9d2ea5d52b58,5,20,6.25
75449e85-c410-4cef-a368-9d2ea5d52b58,6,9,5.0
75449e85-c410-4cef-a368-9d2ea5d52b58,6,10,9.791666666666668
75449e85-c410-4cef-a368-9d2ea5d52b58,6,11,13.229166666666668
75449e85-c410-4cef-a368-9d2ea5d52b58,6,12,12.1875
75449e85-c410-4cef-a368-9d2ea5d52b58,6,13,10.9375
75449e85-c410-4cef-a368-9d2ea5d52b58,6,14,9.043560606060606
75449e85-c410-4cef-a368-9d2ea5d52b58,6,15,9.166666666666668
75449e85-c410-4cef-a368-9d2ea5d52b58,6,16,9.86111111111111
75449e85-c410-4cef-a368-9d2ea5d52b58,6,17,9.444444444444445
75449e85-c410-4cef-a368-9d2ea5d52b58,6,18,6.25
75449e85-c410-4cef-a368-9d2ea5d52b58,6,19,6.296296296296297
75449e85-c410-4cef-a368-9d2ea5d52b58,6,20,5.0
76caa8d0-f54b-4601-9d57-a7f1ddc02af4,0,10,29.375
76caa8d0-f54b-4601-9d57-a7f1ddc02af4,0,11,40.55555555555556
76caa8d0-f54b-4601-9d57-a7f1ddc02af4,0,12,35.28409090909091
76caa8d0-f54b-4601-9d57-a7f1ddc02af4,0,13,35.104166666666664
76caa8d0-f54b-4601-9d57-a7f1ddc02af4,0,14,29.583333333333332
76caa8d0-f54b-4601-9d57-a7f1ddc02af4,0,15,25.833333333333332
76caa8d0-f54b-4601-9d57-a7f1ddc02af4,0,16,40.55555555555555
76caa8d0-f54b-4601-9d57-a7f1ddc02af4,0,17,26.11111111111111
76caa8d0-f54b-4601-9d57-a7f1ddc02af4,0,18,25.416666666666664
76caa8d0-f54b-4601-9d57-a7f1ddc02af4,0,19,23.75
76caa8d0-f54b-4601-9d57-a7f1ddc02af4,0,20,31.666666666666668
76caa8d0-f54b-4601-9d57-a7f1ddc02af4,1,10,31.145833333333332
76caa8d0-f54b-4601-9d57-a7f1ddc02af4,1,11,44.0625
76caa8d0-f54b-4601-9d57-a7f1ddc02af4,1,12,38.854166666666664
76caa8d0-f54b-4601-9d57-a7f1ddc02af4,1,13,32.60416666666667
76caa8d0-f54b-4601-9d57-a7f1ddc02af4,1,14,34.375
76caa8d0-f54b-4601-9d57-a7f1ddc02af4,1,15,29.333333333333332
76caa8d0-f54b-4601-9d57-a7f1ddc02af4,1,16,28.333333333333332
76caa8d0-f54b-4601-9d57-a7f1ddc02af4,1,17,23.88888888888889
76caa8d0-f54b-4601-9d57-a7f1ddc02af4,1,18,23.888888888888886
76caa8d0-f54b-4601-9d57-a7f1ddc02af4,1,19,18.4375
76caa8d0-f54b-4601-9d57-a7f1ddc02af4,2,10,28.958333333333332
76caa8d0-f54b-4601-9d57-a7f1ddc02af4,2,11,36.5625
76caa8d0-f54b-4601-9d57-a7f1ddc02af4,2,12,37.5
76caa8d0-f54b-4601-9d57-a7f1ddc02af4,2,13,34.09090909090909
76caa8d0-f54b-4601-9d57-a7f1ddc02af4,2,14,28.75
76caa8d0-f54b-4601-9d57-a7f1ddc02af4,2,15,28.8125
76caa8d0-f54b-4601-9d57-a7f1ddc02af4,2,16,26.944444444444443
76caa8d0-f54b-4601-9d57-a7f1ddc02af4,2,17,25.13888888888889
76caa8d0-f54b-4601-9d57-a7f1ddc02af4,2,18,29.895833333333332
76caa8d0-f54b-4601-9d57-a7f1ddc02af4,2,19,14.305555555555557
76caa8d0-f54b-4601-9d57-a7f1ddc02af4,3,10,26.979166666666668
76caa8d0-f54b-4601-9d57-a7f1ddc02af4,3,11,40.833333333333336
76caa8d0-f54b-4601-9d57-a7f1ddc02af4,3,12,37.39583333333333
76caa8d0-f54b-4601-9d57-a7f1ddc02af4,3,13,37.5
76caa8d0-f54b-4601-9d57-a7f1ddc02af4,3,14,30.9375
76caa8d0-f54b-4601-9d57-a7f1ddc02af4,3,15,32.604166666666664
76caa8d0-f54b-4601-9d57-a7f1ddc02af4,3,16,26.458333333333332
76caa8d0-f54b-4601-9d57-a7f1ddc02af4,3,17,25.520833333333332
76caa8d0-f54b-4601-9d57-a7f1ddc02af4,3,18,20.416666666666668
76caa8d0-f54b-4601-9d57-a7f1ddc02af4,3,19,17.604166666666664
76caa8d0-f54b-4601-9d57-a7f1ddc02af4,4,10,27.1875
76caa8d0-f54b-4601-9d57-a7f1ddc02af4,4,11,39.0625
76caa8d0-f54b-4601-9d57-a7f1ddc02af4,4,12,38.229166666666664
76caa8d0-f54b-4601-9d57-a7f1ddc02af4,4,13,32.276785714285715
76caa8d0-f54b-4601-9d57-a7f1ddc02af4,4,14,30.520833333333332
76caa8d0-f54b-4601-9d57-a7f1ddc02af4,4,15,32.083333333333336
76caa8d0-f54b-4601-9d57-a7f1ddc02af4,4,16,33.541666666666664
76caa8d0-f54b-4601-9d57-a7f1ddc02af4,4,17,18.5515873015873
76caa8d0-f54b-4601-9d57-a7f1ddc02af4,4,18,22.291666666666664
76caa8d0-f54b-4601-9d57-a7f1ddc02af4,4,19,16.458333333333336
76caa8d0-f54b-4601-9d57-a7f1ddc02af4,5,9,23.333333333333332
76caa8d0-f54b-4601-9d57-a7f1ddc02af4,5,10,31.666666666666664
76caa8d0-f54b-4601-9d57-a7f1ddc02af4,5,11,43.02083333333333
76caa8d0-f54b-4601-9d57-a7f1ddc02af4,5,12,36.97916666666667
76caa8d0-f54b-4601-9d57-a7f1ddc02af4,5,13,34.0625
76caa8d0-f54b-4601-9d57-a7f1ddc02af4,5,14,33.125
76caa8d0-f54b-4601-9d57-a7f1ddc02af4,5,15,29.791666666666668
76caa8d0-f54b-4601-9d57-a7f1ddc02af4,5,16,29.583333333333332
76caa8d0-f54b-4601-9d57-a7f1ddc02af4,5,17,23.333333333333336
76caa8d0-f54b-4601-9d57-a7f1ddc02af4,5,18,15.763888888888891
76caa8d0-f54b-4601-9d57-a7f1ddc02af4,5,19,15.3125
76caa8d0-f54b-4601-9d57-a7f1ddc02af4,5,20,11.666666666666666
76caa8d0-f54b-4601-9d57-a7f1ddc02af4,6,10,29.791666666666668
76caa8d0-f54b-4601-9d57-a7f1ddc02af4,6,11,42.5
76caa8d0-f54b-4601-9d57-a7f1ddc02af4,6,12,37.1875
76caa8d0-f54b-4601-9d57-a7f1ddc02af4,6,13,33.22916666666667
76caa8d0-f54b-4601-9d57-a7f1ddc02af4,6,14,41.61616161616161
76caa8d0-f54b-4601-9d57-a7f1ddc02af4,6,15,30.03787878787879
76caa8d0-f54b-4601-9d57-a7f1ddc02af4,6,16,28.363095238095237
76caa8d0-f54b-4601-9d57-a7f1ddc02af4,6,17,27.291666666666668
76caa8d0-f54b-4601-9d57-a7f1ddc02af4,6,18,23.333333333333336
76caa8d0-f54b-4601-9d57-a7f1ddc02af4,6,19,16.458333333333332
76caa8d0-f54b-4601-9d57-a7f1ddc02af4,6,20,21.666666666666668
796b0a25-c51e-456e-9bb8-50a324e301b3,0,9,15.636363636363637
796b0a25-c51e-456e-9bb8-50a324e301b3,0,10,26.903409090909093
796b0a25-c51e-456e-9bb8-50a324e301b3,0,11,33.75
796b0a25-c51e-456e-9bb8-50a324e301b3,0,12,35.208333333333336
796b0a25-c51e-456e-9bb8-50a324e301b3,0,13,33.541666666666664
796b0a25-c51e-456e-9bb8-50a324e301b3,0,14,31.25
796b0a25-c51e-456e-9bb8-50a324e301b3,0,15,32.93154761904762
796b0a25-c51e-456e-9bb8-50a324e301b3,0,16,28.75
796b0a25-c51e-456e-9bb8-50a324e301b3,0,17,34.047619047619044
796b0a25-c51e-456e-9bb8-50a324e301b3,0,18,34.583333333333336
796b0a25-c51e-456e-9bb8-50a324e301b3,0,19,23.854166666666664
796b0a25-c51e-456e-9bb8-50a324e301b3,0,20,16.25
796b0a25-c51e-456e-9bb8-50a324e301b3,0,21,7.361111111111111
796b0a25-c51e-456e-9bb8-50a324e301b3,0,22,9.583333333333334
796b0a25-c51e-456e-9bb8-50a324e301b3,1,9,17.808441558441558
796b0a25-c51e-456e-9bb8-50a324e301b3,1,10,26.5625
796b0a25-c51e-456e-9bb8-50a324e301b3,1,11,29.791666666666664
796b0a25-c51e-456e-9bb8-50a324e301b3,1,12,24.895833333333332
796b0a25-c51e-456e-9bb8-50a324e301b3,1,13,22.916666666666668
796b0a25-c51e-456e-9bb8-50a324e301b3,1,14,22.083333333333336
796b0a25-c51e-456e-9bb8-50a324e301b3,1,15,20.708333333333332
796b0a25-c51e-456e-9bb8-50a324e301b3,1,16,17.916666666666668
796b0a25-c51e-456e-9bb8-50a324e301b3,1,17,24.375
796b0a25-c51e-456e-9bb8-50a324e301b3,2,9,17.897727272727273
796b0a25-c51e-456e-9bb8-50a324e301b3,2,10,33.54166666666667
796b0a25-c51e-456e-9bb8-50a324e301b3,2,11,41.666666666666664
796b0a25-c51e-456e-9bb8-50a324e301b3,2,12,38.229166666666664
796b0a25-c51e-456e-9bb8-50a324e301b3,2,13,38.645833333333336
796b0a25-c51e-456e-9bb8-50a324e301b3,2,14,35.520833333333336
796b0a25-c51e-456e-9bb8-50a324e301b3,2,15,38.13492063492063
796b0a25-c51e-456e-9bb8-50a324e301b3,2,16,38.125
796b0a25-c51e-456e-9bb8-50a324e301b3,2,17,42.5
796b0a25-c51e-456e-9bb8-50a324e301b3,2,18,40.625
796b0a25-c51e-456e-9bb8-50a324e301b3,2,19,35.69444444444444
796b0a25-c51e-456e-9bb8-50a324e301b3,2,20,19.86111111111111
796b0a25-c51e-456e-9bb8-50a324e301b3,2,21,12.3125
796b0a25-c51e-456e-9bb8-50a324e301b3,2,22,8.75
796b0a25-c51e-456e-9bb8-50a324e301b3,3,9,14.141414141414142
796b0a25-c51e-456e-9bb8-50a324e301b3,3,10,33.541666666666664
796b0a25-c51e-456e-9bb8-50a324e301b3,3,11,37.1875
796b0a25-c51e-456e-9bb8-50a324e301b3,3,12,37.083333333333336
796b0a25-c51e-456e-9bb8-50a324e301b3,3,13,34.166666666666664
796b0a25-c51e-456e-9bb8-50a324e301b3,3,14,33.229166666666664
796b0a25-c51e-456e-9bb8-50a324e301b3,3,15,37.1875
796b0a25-c51e-456e-9bb8-50a324e301b3,3,16,37.291666666666664
796b0a25-c51e-456e-9bb8-50a324e301b3,3,17,33.333333333333336
796b0a25-c51e-456e-9bb8-50a324e301b3,3,18,37.916666666666664
796b0a25-c51e-456e-9bb8-50a324e301b3,3,19,32.083333333333336
796b0a25-c51e-456e-9bb8-50a324e301b3,3,20,16.38888888888889
796b0a25-c51e-456e-9bb8-50a324e301b3,3,21,10.416666666666666
796b0a25-c51e-456e-9bb8-50a324e301b3,3,22,6.666666666666667
796b0a25-c51e-456e-9bb8-50a324e301b3,4,8,5.333333333333333
796b0a25-c51e-456e-9bb8-50a324e301b3,4,9,15.956439393939393
796b0a25-c51e-456e-9bb8-50a324e301b3,4,10,28.4375
796b0a25-c51e-456e-9bb8-50a324e301b3,4,11,32.1875
796b0a25-c51e-456e-9bb8-50a324e301b3,4,12,27.604166666666668
796b0a25-c51e-456e-9bb8-50a324e301b3,4,13,27.708333333333336
796b0a25-c51e-456e-9bb8-50a324e301b3,4,14,26.5625
796b0a25-c51e-456e-9bb8-50a324e301b3,4,15,26.22159090909091
796b0a25-c51e-456e-9bb8-50a324e301b3,4,16,23.333333333333332
796b0a25-c51e-456e-9bb8-50a324e301b3,4,17,24.886363636363637
796b0a25-c51e-456e-9bb8-50a324e301b3,5,8,6.590909090909091
796b0a25-c51e-456e-9bb8-50a324e301b3,5,9,15.672348484848484
796b0a25-c51e-456e-9bb8-50a324e301b3,5,10,34.375
796b0a25-c51e-456e-9bb8-50a324e301b3,5,11,36.145833333333336
796b0a25-c51e-456e-9bb8-50a324e301b3,5,12,37.083333333333336
796b0a25-c51e-456e-9bb8-50a324e301b3,5,13,34.16666666666667
796b0a25-c51e-456e-9bb8-50a324e301b3,5,14,32.29166666666667
796b0a25-c51e-456e-9bb8-50a324e301b3,5,15,35.458333333333336
796b0a25-c51e-456e-9bb8-50a324e301b3,5,16,31.666666666666668
796b0a25-c51e-456e-9bb8-50a324e301b3,5,17,37.857142857142854
796b0a25-c51e-456e-9bb8-50a324e301b3,5,18,35.833333333333336
796b0a25-c51e-456e-9bb8-50a324e301b3,5,19,35.416666666666664
796b0a25-c51e-456e-9bb8-50a324e301b3,5,20,22.8125
796b0a25-c51e-456e-9bb8-50a324e301b3,5,21,10.9375
796b0a25-c51e-456e-9bb8-50a324e301b3,5,22,7.395833333333333
796b0a25-c51e-456e-9bb8-50a324e301b3,6,8,7.5
796b0a25-c51e-456e-9bb8-50a324e301b3,6,9,18.825757575757578
796b0a25-c51e-456e-9bb8-50a324e301b3,6,10,26.354166666666668
796b0a25-c51e-456e-9bb8-50a324e301b3,6,11,29.0625
796b0a25-c51e-456e-9bb8-50a324e301b3,6,12,29.895833333333332
796b0a25-c51e-456e-9bb8-50a324e301b3,6,13,29.337121212121215
796b0a25-c51e-456e-9bb8-50a324e301b3,6,14,31.458333333333336
796b0a25-c51e-456e-9bb8-50a324e301b3,6,15,27.708333333333336
796b0a25-c51e-456e-9bb8-50a324e301b3,6,16,30.88888888888889
796b0a25-c51e-456e-9bb8-50a324e301b3,6,17,24.722222222222218
796b0a25-c51e-456e-9bb8-50a324e301b3,6,18,25.714285714285715
796b0a25-c51e-456e-9bb8-50a324e301b3,6,19,39.583333333333336
796b0a25-c51e-456e-9bb8-50a324e301b3,6,20,30.833333333333332
796b0a25-c51e-456e-9bb8-50a324e301b3,6,21,13.333333333333334
7a5af3b7-9bc1-4962-92d0-3ea9c9ce35f0,0,8,22.291666666666664
7a5af3b7-9bc1-4962-92d0-3ea9c9ce35f0,0,9,37.083333333333336
7a5af3b7-9bc1-4962-92d0-3ea9c9ce35f0,0,10,45.729166666666664
7a5af3b7-9bc1-4962-92d0-3ea9c9ce35f0,0,11,45.0
7a5af3b7-9bc1-4962-92d0-3ea9c9ce35f0,0,12,46.145833333333336
7a5af3b7-9bc1-4962-92d0-3ea9c9ce35f0,0,13,41.35416666666667
7a5af3b7-9bc1-4962-92d0-3ea9c9ce35f0,0,14,36.77083333333333
7a5af3b7-9bc1-4962-92d0-3ea9c9ce35f0,0,15,33.333333333333336
7a5af3b7-9bc1-4962-92d0-3ea9c9ce35f0,0,16,28.267045454545453
7a5af3b7-9bc1-4962-92d0-3ea9c9ce35f0,0,17,29.895833333333336
7a5af3b7-9bc1-4962-92d0-3ea9c9ce35f0,0,18,10.0
7a5af3b7-9bc1-4962-92d0-3ea9c9ce35f0,1,8,15.625
7a5af3b7-9bc1-4962-92d0-3ea9c9ce35f0,1,9,30.0
7a5af3b7-9bc1-4962-92d0-3ea9c9ce35f0,1,10,39.166666666666664
7a5af3b7-9bc1-4962-92d0-3ea9c9ce35f0,1,11,44.0625
7a5af3b7-9bc1-4962-92d0-3ea9c9ce35f0,1,12,42.60416666666667
7a5af3b7-9bc1-4962-92d0-3ea9c9ce35f0,1,13,33.02083333333333
7a5af3b7-9bc1-4962-92d0-3ea9c9ce35f0,1,14,40.3125
7a5af3b7-9bc1-4962-92d0-3ea9c9ce35f0,1,15,31.041666666666668
7a5af3b7-9bc1-4962-92d0-3ea9c9ce35f0,1,16,24.791666666666668
7a5af3b7-9bc1-4962-92d0-3ea9c9ce35f0,1,17,22.395833333333336
7a5af3b7-9bc1-4962-92d0-3ea9c9ce35f0,1,18,22.916666666666668
7a5af3b7-9bc1-4962-92d0-3ea9c9ce35f0,2,8,13.072916666666666
7a5af3b7-9bc1-4962-92d0-3ea9c9ce35f0,2,9,26.458333333333332
7a5af3b7-9bc1-4962-92d0-3ea9c9ce35f0,2,10,38.125
7a5af3b7-9bc1-4962-92d0-3ea9c9ce35f0,2,11,40.9375
7a5af3b7-9bc1-4962-92d0-3ea9c9ce35f0,2,12,33.75
7a5af3b7-9bc1-4962-92d0-3ea9c9ce35f0,2,13,30.0
7a5af3b7-9bc1-4962-92d0-3ea9c9ce35f0,2,14,27.1875
7a5af3b7-9bc1-4962-92d0-3ea9c9ce35f0,2,15,26.979166666666668
7a5af3b7-9bc1-4962-92d0-3ea9c9ce35f0,2,16,18.4375
7a5af3b7-9bc1-4962-92d0-3ea9c9ce35f0,2,17,9.583333333333334
7a5af3b7-9bc1-4962-92d0-3ea9c9ce35f0,2,18,5.0
7a5af3b7-9bc1-4962-92d0-3ea9c9ce35f0,3,8,13.72159090909091
7a5af3b7-9bc1-4962-92d0-3ea9c9ce35f0,3,9,28.75
7a5af3b7-9bc1-4962-92d0-3ea9c9ce35f0,3,10,40.208333333333336
7a5af3b7-9bc1-4962-92d0-3ea9c9ce35f0,3,11,44.270833333333336
7a5af3b7-9bc1-4962-92d0-3ea9c9ce35f0,3,12,44.583333333333336
7a5af3b7-9bc1-4962-92d0-3ea9c9ce35f0,3,13,34.375
7a5af3b7-9bc1-4962-92d0-3ea9c9ce35f0,3,14,31.5625
7a5af3b7-9bc1-4962-92d0-3ea9c9ce35f0,3,15,29.479166666666668
7a5af3b7-9bc1-4962-92d0-3ea9c9ce35f0,3,16,25.416666666666668
7a5af3b7-9bc1-4962-92d0-3ea9c9ce35f0,3,17,18.958333333333332
7a5af3b7-9bc1-4962-92d0-3ea9c9ce35f0,3,18,22.5
7a5af3b7-9bc1-4962-92d0-3ea9c9ce35f0,4,8,17.8125
7a5af3b7-9bc1-4962-92d0-3ea9c9ce35f0,4,9,32.60416666666667
7a5af3b7-9bc1-4962-92d0-3ea9c9ce35f0,4,10,43.54166666666667
7a5af3b7-9bc1-4962-92d0-3ea9c9ce35f0,4,11,50.3125
7a5af3b7-9bc1-4962-92d0-3ea9c9ce35f0,4,12,47.708333333333336
7a5af3b7-9bc1-4962-92d0-3ea9c9ce35f0,4,13,43.75
7a5af3b7-9bc1-4962-92d0-3ea9c9ce35f0,4,14,42.708333333333336
7a5af3b7-9bc1-4962-92d0-3ea9c9ce35f0,4,15,38.020833333333336
7a5af3b7-9bc1-4962-92d0-3ea9c9ce35f0,4,16,38.85416666666667
7a5af3b7-9bc1-4962-92d0-3ea9c9ce35f0,4,17,35.3125
7a5af3b7-9bc1-4962-92d0-3ea9c9ce35f0,4,18,31.11111111111111
7a5af3b7-9bc1-4962-92d0-3ea9c9ce35f0,5,8,19.895833333333336
7a5af3b7-9bc1-4962-92d0-3ea9c9ce35f0,5,9,32.395833333333336
7a5af3b7-9bc1-4962-92d0-3ea9c9ce35f0,5,10,50.20833333333333
7a5af3b7-9bc1-4962-92d0-3ea9c9ce35f0,5,11,49.375
7a5af3b7-9bc1-4962-92d0-3ea9c9ce35f0,5,12,50.625
7a5af3b7-9bc1-4962-92d0-3ea9c9ce35f0,5,13,41.04166666666667
7a5af3b7-9bc1-4962-92d0-3ea9c9ce35f0,5,14,42.916666666666664
7a5af3b7-9bc1-4962-92d0-3ea9c9ce35f0,5,15,37.60416666666667
7a5af3b7-9bc1-4962-92d0-3ea9c9ce35f0,5,16,34.375
7a5af3b7-9bc1-4962-92d0-3ea9c9ce35f0,5,17,42.604166666666664
7a5af3b7-9bc1-4962-92d0-3ea9c9ce35f0,5,18,28.333333333333336
7a5af3b7-9bc1-4962-92d0-3ea9c9ce35f0,5,19,37.916666666666664
7a5af3b7-9bc1-4962-92d0-3ea9c9ce35f0,6,8,21.666666666666668
7a5af3b7-9bc1-4962-92d0-3ea9c9ce35f0,6,9,36.25
7a5af3b7-9bc1-4962-92d0-3ea9c9ce35f0,6,10,48.22916666666667
7a5af3b7-9bc1-4962-92d0-3ea9c9ce35f0,6,11,49.27083333333333
7a5af3b7-9bc1-4962-92d0-3ea9c9ce35f0,6,12,45.9375
7a5af3b7-9bc1-4962-92d0-3ea9c9ce35f0,6,13,46.35416666666667
7a5af3b7-9bc1-4962-92d0-3ea9c9ce35f0,6,14,43.229166666666664
7a5af3b7-9bc1-4962-92d0-3ea9c9ce35f0,6,15,42.326388888888886
7a5af3b7-9bc1-4962-92d0-3ea9c9ce35f0,6,16,36.35416666666667
7a5af3b7-9bc1-4962-92d0-3ea9c9ce35f0,6,17,38.85416666666667
7a5af3b7-9bc1-4962-92d0-3ea9c9ce35f0,6,18,27.5
7c5e1e02-3a44-4151-9005-44066d5ba1da,0,9,10.0
7c5e1e02-3a44-4151-9005-44066d5ba1da,0,10,10.729166666666668
7c5e1e02-3a44-4151-9005-44066d5ba1da,0,11,10.833333333333334
7c5e1e02-3a44-4151-9005-44066d5ba1da,0,12,12.291666666666668
7c5e1e02-3a44-4151-9005-44066d5ba1da,0,13,14.895833333333334
7c5e1e02-3a44-4151-9005-44066d5ba1da,0,14,13.541666666666666
7c5e1e02-3a44-4151-9005-44066d5ba1da,0,15,11.979166666666666
7c5e1e02-3a44-4151-9005-44066d5ba1da,0,16,13.75
7c5e1e02-3a44-4151-9005-44066d5ba1da,0,17,15.104166666666666
7c5e1e02-3a44-4151-9005-44066d5ba1da,0,18,15.416666666666666
7c5e1e02-3a44-4151-9005-44066d5ba1da,0,19,10.9375
7c5e1e02-3a44-4151-9005-44066d5ba1da,0,20,11.145833333333334
7c5e1e02-3a44-4151-9005-44066d5ba1da,0,21,11.25
7c5e1e02-3a44-4151-9005-44066d5ba1da,0,22,10.0
7c5e1e02-3a44-4151-9005-44066d5ba1da,1,9,11.022727272727273
7c5e1e02-3a44-4151-9005-44066d5ba1da,1,10,10.520833333333332
7c5e1e02-3a44-4151-9005-44066d5ba1da,1,11,9.895833333333334
7c5e1e02-3a44-4151-9005-44066d5ba1da,1,12,11.458333333333334
7c5e1e02-3a44-4151-9005-44066d5ba1da,1,13,11.25
7c5e1e02-3a44-4151-9005-44066d5ba1da,1,14,11.145833333333334
7c5e1e02-3a44-4151-9005-44066d5ba1da,1,15,11.145833333333334
7c5e1e02-3a44-4151-9005-44066d5ba1da,1,16,10.729166666666666
7c5e1e02-3a44-4151-9005-44066d5ba1da,1,17,10.416666666666666
7c5e1e02-3a44-4151-9005-44066d5ba1da,2,9,15.0
7c5e1e02-3a44-4151-9005-44066d5ba1da,2,10,14.6875
7c5e1e02-3a44-4151-9005-44066d5ba1da,2,11,13.75
7c5e1e02-3a44-4151-9005-44066d5ba1da,2,12,12.604166666666666
7c5e1e02-3a44-4151-9005-44066d5ba1da,2,13,11.875
7c5e1e02-3a44-4151-9005-44066d5ba1da,2,14,12.5
7c5e1e02-3a44-4151-9005-44066d5ba1da,2,15,12.916666666666666
7c5e1e02-3a44-4151-9005-44066d5ba1da,2,16,15.0
7c5e1e02-3a44-4151-9005-44066d5ba1da,2,17,14.479166666666666
7c5e1e02-3a44-4151-9005-44066d5ba1da,2,18,12.604166666666668
7c5e1e02-3a44-4151-9005-44066d5ba1da,2,19,12.5
7c5e1e02-3a44-4151-9005-44066d5ba1da,2,20,12.291666666666668
7c5e1e02-3a44-4151-9005-44066d5ba1da,2,21,10.0
7c5e1e02-3a44-4151-9005-44066d5ba1da,2,22,10.0
7c5e1e02-3a44-4151-9005-44066d5ba1da,3,9,14.09090909090909
7c5e1e02-3a44-4151-9005-44066d5ba1da,3,10,13.020833333333334
7c5e1e02-3a44-4151-9005-44066d5ba1da,3,11,12.916666666666668
7c5e1e02-3a44-4151-9005-44066d5ba1da,3,12,14.0625
7c5e1e02-3a44-4151-9005-44066d5ba1da,3,13,13.229166666666668
7c5e1e02-3a44-4151-9005-44066d5ba1da,3,14,12.395833333333334
7c5e1e02-3a44-4151-9005-44066d5ba1da,3,15,13.645833333333334
7c5e1e02-3a44-4151-9005-44066d5ba1da,3,16,12.708333333333334
7c5e1e02-3a44-4151-9005-44066d5ba1da,3,17,10.729166666666666
7c5e1e02-3a44-4151-9005-44066d5ba1da,3,18,11.25
7c5e1e02-3a44-4151-9005-44066d5ba1da,3,19,10.0
7c5e1e02-3a44-4151-9005-44066d5ba1da,3,20,10.833333333333334
7c5e1e02-3a44-4151-9005-44066d5ba1da,3,21,11.25
7c5e1e02-3a44-4151-9005-44066d5ba1da,3,22,10.0
7c5e1e02-3a44-4151-9005-44066d5ba1da,4,8,15.0
7c5e1e02-3a44-4151-9005-44066d5ba1da,4,9,14.895833333333334
7c5e1e02-3a44-4151-9005-44066d5ba1da,4,10,12.8125
7c5e1e02-3a44-4151-9005-44066d5ba1da,4,11,12.604166666666666
7c5e1e02-3a44-4151-9005-44066d5ba1da,4,12,12.604166666666668
7c5e1e02-3a44-4151-9005-44066d5ba1da,4,13,11.979166666666666
7c5e1e02-3a44-4151-9005-44066d5ba1da,4,14,11.875
7c5e1e02-3a44-4151-9005-44066d5ba1da,4,15,13.229166666666668
7c5e1e02-3a44-4151-9005-44066d5ba1da,4,16,12.395833333333334
7c5e1e02-3a44-4151-9005-44066d5ba1da,4,17,12.375
7c5e1e02-3a44-4151-9005-44066d5ba1da,5,8,15.0
7c5e1e02-3a44-4151-9005-44066d5ba1da,5,9,15.0
7c5e1e02-3a44-4151-9005-44066d5ba1da,5,10,13.333333333333334
7c5e1e02-3a44-4151-9005-44066d5ba1da,5,11,13.020833333333334
7c5e1e02-3a44-4151-9005-44066d5ba1da,5,12,13.020833333333334
7c5e1e02-3a44-4151-9005-44066d5ba1da,5,13,12.916666666666666
7c5e1e02-3a44-4151-9005-44066d5ba1da,5,14,13.541666666666666
7c5e1e02-3a44-4151-9005-44066d5ba1da,5,15,11.666666666666666
7c5e1e02-3a44-4151-9005-44066d5ba1da,5,16,12.291666666666666
7c5e1e02-3a44-4151-9005-44066d5ba1da,5,17,12.5
7c5e1e02-3a44-4151-9005-44066d5ba1da,5,18,13.75
7c5e1e02-3a44-4151-9005-44066d5ba1da,5,19,15.0
7c5e1e02-3a44-4151-9005-44066d5ba1da,5,20,15.0
7c5e1e02-3a44-4151-9005-44066d5ba1da,5,21,15.0
7c5e1e02-3a44-4151-9005-44066d5ba1da,5,22,13.611111111111112
7c5e1e02-3a44-4151-9005-44066d5ba1da,6,8,15.0
7c5e1e02-3a44-4151-9005-44066d5ba1da,6,9,14.791666666666666
7c5e1e02-3a44-4151-9005-44066d5ba1da,6,10,12.8125
7c5e1e02-3a44-4151-9005-44066d5ba1da,6,11,11.979166666666666
7c5e1e02-3a44-4151-9005-44066d5ba1da,6,12,12.083333333333332
7c5e1e02-3a44-4151-9005-44066d5ba1da,6,13,12.291666666666666
7c5e1e02-3a44-4151-9005-44066d5ba1da,6,14,10.833333333333334
7c5e1e02-3a44-4151-9005-44066d5ba1da,6,15,11.354166666666666
7c5e1e02-3a44-4151-9005-44066d5ba1da,6,16,10.520833333333334
7c5e1e02-3a44-4151-9005-44066d5ba1da,6,17,10.151515151515152
7c5e1e02-3a44-4151-9005-44066d5ba1da,6,18,20.0
7c5e1e02-3a44-4151-9005-44066d5ba1da,6,19,15.416666666666666
7c5e1e02-3a44-4151-9005-44066d5ba1da,6,20,15.0
7c5e1e02-3a44-4151-9005-44066d5ba1da,6,21,15.0
7e70bc9e-7dce-4dd2-8823-57b8d6ec7570,0,10,12.035984848484848
7e70bc9e-7dce-4dd2-8823-57b8d6ec7570,0,11,16.25
7e70bc9e-7dce-4dd2-8823-57b8d6ec7570,0,12,24.375
7e70bc9e-7dce-4dd2-8823-57b8d6ec7570,0,13,32.604166666666664
7e70bc9e-7dce-4dd2-8823-57b8d6ec7570,0,14,32.8125
7e70bc9e-7dce-4dd2-8823-57b8d6ec7570,0,15,33.64583333333333
7e70bc9e-7dce-4dd2-8823-57b8d6ec7570,0,16,28.4375
7e70bc9e-7dce-4dd2-8823-57b8d6ec7570,0,17,22.1875
7e70bc9e-7dce-4dd2-8823-57b8d6ec7570,0,18,24.270833333333336
7e70bc9e-7dce-4dd2-8823-57b8d6ec7570,1,9,10.0
7e70bc9e-7dce-4dd2-8823-57b8d6ec7570,1,10,11.458333333333332
7e70bc9e-7dce-4dd2-8823-57b8d6ec7570,1,11,15.833333333333334
7e70bc9e-7dce-4dd2-8823-57b8d6ec7570,1,12,27.1875
7e70bc9e-7dce-4dd2-8823-57b8d6ec7570,1,13,36.25
7e70bc9e-7dce-4dd2-8823-57b8d6ec7570,1,14,30.3125
7e70bc9e-7dce-4dd2-8823-57b8d6ec7570,1,15,24.375
7e70bc9e-7dce-4dd2-8823-57b8d6ec7570,1,16,26.770833333333332
7e70bc9e-7dce-4dd2-8823-57b8d6ec7570,1,17,22.1875
7e70bc9e-7dce-4dd2-8823-57b8d6ec7570,1,18,20.13888888888889
7e70bc9e-7dce-4dd2-8823-57b8d6ec7570,2,9,10.5
7e70bc9e-7dce-4dd2-8823-57b8d6ec7570,2,10,13.125
7e70bc9e-7dce-4dd2-8823-57b8d6ec7570,2,11,16.979166666666668
7e70bc9e-7dce-4dd2-8823-57b8d6ec7570,2,12,20.208333333333336
7e70bc9e-7dce-4dd2-8823-57b8d6ec7570,2,13,21.354166666666668
7e70bc9e-7dce-4dd2-8823-57b8d6ec7570,2,14,18.645833333333336
7e70bc9e-7dce-4dd2-8823-57b8d6ec7570,2,15,15.833333333333334
7e70bc9e-7dce-4dd2-8823-57b8d6ec7570,2,16,15.0
7e70bc9e-7dce-4dd2-8823-57b8d6ec7570,3,9,10.0
7e70bc9e-7dce-4dd2-8823-57b8d6ec7570,3,10,12.8125
7e70bc9e-7dce-4dd2-8823-57b8d6ec7570,3,11,19.270833333333332
7e70bc9e-7dce-4dd2-8823-57b8d6ec7570,3,12,18.854166666666664
7e70bc9e-7dce-4dd2-8823-57b8d6ec7570,3,13,23.854166666666668
7e70bc9e-7dce-4dd2-8823-57b8d6ec7570,3,14,19.895833333333336
7e70bc9e-7dce-4dd2-8823-57b8d6ec7570,3,15,16.354166666666668
7e70bc9e-7dce-4dd2-8823-57b8d6ec7570,3,16,19.479166666666664
7e70bc9e-7dce-4dd2-8823-57b8d6ec7570,4,9,10.0
7e70bc9e-7dce-4dd2-8823-57b8d6ec7570,4,10,10.729166666666666
7e70bc9e-7dce-4dd2-8823-57b8d6ec7570,4,11,16.5625
7e70bc9e-7dce-4dd2-8823-57b8d6ec7570,4,12,16.458333333333332
7e70bc9e-7dce-4dd2-8823-57b8d6ec7570,4,13,20.520833333333332
7e70bc9e-7dce-4dd2-8823-57b8d6ec7570,4,14,21.666666666666668
7e70bc9e-7dce-4dd2-8823-57b8d6ec7570,4,15,16.666666666666668
7e70bc9e-7dce-4dd2-8823-57b8d6ec7570,4,16,15.833333333333334
7e70bc9e-7dce-4dd2-8823-57b8d6ec7570,5,8,10.0
7e70bc9e-7dce-4dd2-8823-57b8d6ec7570,5,9,10.972222222222221
7e70bc9e-7dce-4dd2-8823-57b8d6ec7570,5,10,15.104166666666666
7e70bc9e-7dce-4dd2-8823-57b8d6ec7570,5,11,23.645833333333336
7e70bc9e-7dce-4dd2-8823-57b8d6ec7570,5,12,25.208333333333332
7e70bc9e-7dce-4dd2-8823-57b8d6ec7570,5,13,26.25
7e70bc9e-7dce-4dd2-8823-57b8d6ec7570,5,14,23.958333333333336
7e70bc9e-7dce-4dd2-8823-57b8d6ec7570,5,15,22.604166666666668
7e70bc9e-7dce-4dd2-8823-57b8d6ec7570,5,16,24.270833333333332
7e70bc9e-7dce-4dd2-8823-57b8d6ec7570,6,8,10.833333333333334
7e70bc9e-7dce-4dd2-8823-57b8d6ec7570,6,9,12.5
7e70bc9e-7dce-4dd2-8823-57b8d6ec7570,6,10,16.875
7e70bc9e-7dce-4dd2-8823-57b8d6ec7570,6,11,20.625
7e70bc9e-7dce-4dd2-8823-57b8d6ec7570,6,12,21.25
7e70bc9e-7dce-4dd2-8823-57b8d6ec7570,6,13,23.125
7e70bc9e-7dce-4dd2-8823-57b8d6ec7570,6,14,20.416666666666664
7e70bc9e-7dce-4dd2-8823-57b8d6ec7570,6,15,22.1875
7e70bc9e-7dce-4dd2-8823-57b8d6ec7570,6,16,21.5625
81b15dfd-cf6a-466f-be59-3dd65d2a2807,0,9,21.25
81b15dfd-cf6a-466f-be59-3dd65d2a2807,0,10,31.979166666666664
81b15dfd-cf6a-466f-be59-3dd65d2a2807,0,11,38.229166666666664
81b15dfd-cf6a-466f-be59-3dd65d2a2807,0,12,35.0
81b15dfd-cf6a-466f-be59-3dd65d2a2807,0,13,28.958333333333332
81b15dfd-cf6a-466f-be59-3dd65d2a2807,0,14,29.479166666666664
81b15dfd-cf6a-466f-be59-3dd65d2a2807,0,15,40.833333333333336
81b15dfd-cf6a-466f-be59-3dd65d2a2807,0,16,38.02083333333333
81b15dfd-cf6a-466f-be59-3dd65d2a2807,0,17,28.125
81b15dfd-cf6a-466f-be59-3dd65d2a2807,0,18,25.520833333333332
81b15dfd-cf6a-466f-be59-3dd65d2a2807,0,19,19.479166666666668
81b15dfd-cf6a-466f-be59-3dd65d2a2807,0,20,20.416666666666664
81b15dfd-cf6a-466f-be59-3dd65d2a2807,1,9,8.125
81b15dfd-cf6a-466f-be59-3dd65d2a2807,1,10,29.0625
81b15dfd-cf6a-466f-be59-3dd65d2a2807,1,11,33.64583333333333
81b15dfd-cf6a-466f-be59-3dd65d2a2807,1,12,25.520833333333332
81b15dfd-cf6a-466f-be59-3dd65d2a2807,1,13,26.875
81b15dfd-cf6a-466f-be59-3dd65d2a2807,1,14,28.645833333333332
81b15dfd-cf6a-466f-be59-3dd65d2a2807,1,15,20.729166666666668
81b15dfd-cf6a-466f-be59-3dd65d2a2807,1,16,20.833333333333332
81b15dfd-cf6a-466f-be59-3dd65d2a2807,1,17,21.041666666666664
81b15dfd-cf6a-466f-be59-3dd65d2a2807,1,18,17.291666666666668
81b15dfd-cf6a-466f-be59-3dd65d2a2807,1,19,20.625
81b15dfd-cf6a-466f-be59-3dd65d2a2807,1,20,16.25
81b15dfd-cf6a-466f-be59-3dd65d2a2807,2,9,6.5625
81b15dfd-cf6a-466f-be59-3dd65d2a2807,2,10,19.232954545454547
81b15dfd-cf6a-466f-be59-3dd65d2a2807,2,11,29.6875
81b15dfd-cf6a-466f-be59-3dd65d2a2807,2,12,30.0
81b15dfd-cf6a-466f-be59-3dd65d2a2807,2,13,33.02083333333333
81b15dfd-cf6a-466f-be59-3dd65d2a2807,2,14,21.041666666666664
81b15dfd-cf6a-466f-be59-3dd65d2a2807,2,15,25.625
81b15dfd-cf6a-466f-be59-3dd65d2a2807,2,16,19.895833333333336
81b15dfd-cf6a-466f-be59-3dd65d2a2807,2,17,13.541666666666666
81b15dfd-cf6a-466f-be59-3dd65d2a2807,2,18,13.229166666666666
81b15dfd-cf6a-466f-be59-3dd65d2a2807,2,19,10.208333333333334
81b15dfd-cf6a-466f-be59-3dd65d2a2807,2,20,14.479166666666666
81b15dfd-cf6a-466f-be59-3dd65d2a2807,3,9,10.0
81b15dfd-cf6a-466f-be59-3dd65d2a2807,3,10,22.708333333333336
81b15dfd-cf6a-466f-be59-3dd65d2a2807,3,11,30.520833333333332
81b15dfd-cf6a-466f-be59-3dd65d2a2807,3,12,28.645833333333336
81b15dfd-cf6a-466f-be59-3dd65d2a2807,3,13,27.395833333333332
81b15dfd-cf6a-466f-be59-3dd65d2a2807,3,14,27.291666666666668
81b15dfd-cf6a-466f-be59-3dd65d2a2807,3,15,21.25
81b15dfd-cf6a-466f-be59-3dd65d2a2807,3,16,19.479166666666664
81b15dfd-cf6a-466f-be59-3dd65d2a2807,3,17,18.75
81b15dfd-cf6a-466f-be59-3dd65d2a2807,3,18,13.75
81b15dfd-cf6a-466f-be59-3dd65d2a2807,3,19,15.833333333333332
81b15dfd-cf6a-466f-be59-3dd65d2a2807,3,20,12.604166666666666
81b15dfd-cf6a-466f-be59-3dd65d2a2807,4,9,9.895833333333334
81b15dfd-cf6a-466f-be59-3dd65d2a2807,4,10,33.229166666666664
81b15dfd-cf6a-466f-be59-3dd65d2a2807,4,11,35.10416666666667
81b15dfd-cf6a-466f-be59-3dd65d2a2807,4,12,35.20833333333333
81b15dfd-cf6a-466f-be59-3dd65d2a2807,4,13,32.1875
81b15dfd-cf6a-466f-be59-3dd65d2a2807,4,14,32.91666666666667
81b15dfd-cf6a-466f-be59-3dd65d2a2807,4,15,38.54166666666667
81b15dfd-cf6a-466f-be59-3dd65d2a2807,4,16,33.4375
81b15dfd-cf6a-466f-be59-3dd65d2a2807,4,17,31.979166666666668
81b15dfd-cf6a-466f-be59-3dd65d2a2807,4,18,26.708333333333336
81b15dfd-cf6a-466f-be59-3dd65d2a2807,4,19,27.361111111111114
81b15dfd-cf6a-466f-be59-3dd65d2a2807,4,20,24.583333333333336
81b15dfd-cf6a-466f-be59-3dd65d2a2807,5,9,10.833333333333334
81b15dfd-cf6a-466f-be59-3dd65d2a2807,5,10,37.08333333333333
81b15dfd-cf6a-466f-be59-3dd65d2a2807,5,11,43.95833333333333
81b15dfd-cf6a-466f-be59-3dd65d2a2807,5,12,39.0625
81b15dfd-cf6a-466f-be59-3dd65d2a2807,5,13,37.5
81b15dfd-cf6a-466f-be59-3dd65d2a2807,5,14,38.958333333333336
81b15dfd-cf6a-466f-be59-3dd65d2a2807,5,15,42.708333333333336
81b15dfd-cf6a-466f-be59-3dd65d2a2807,5,16,46.25
81b15dfd-cf6a-466f-be59-3dd65d2a2807,5,17,32.1875
81b15dfd-cf6a-466f-be59-3dd65d2a2807,5,18,34.375
81b15dfd-cf6a-466f-be59-3dd65d2a2807,5,19,30.104166666666664
81b15dfd-cf6a-466f-be59-3dd65d2a2807,5,20,20.208333333333336
81b15dfd-cf6a-466f-be59-3dd65d2a2807,6,9,14.270833333333334
81b15dfd-cf6a-466f-be59-3dd65d2a2807,6,10,26.770833333333332
81b15dfd-cf6a-466f-be59-3dd65d2a2807,6,11,36.875
81b15dfd-cf6a-466f-be59-3dd65d2a2807,6,12,30.104166666666668
81b15dfd-cf6a-466f-be59-3dd65d2a2807,6,13,33.541666666666664
81b15dfd-cf6a-466f-be59-3dd65d2a2807,6,14,47.08333333333333
81b15dfd-cf6a-466f-be59-3dd65d2a2807,6,15,33.02083333333333
81b15dfd-cf6a-466f-be59-3dd65d2a2807,6,16,31.041666666666668
81b15dfd-cf6a-466f-be59-3dd65d2a2807,6,17,27.291666666666668
81b15dfd-cf6a-466f-be59-3dd65d2a2807,6,18,23.125
81b15dfd-cf6a-466f-be59-3dd65d2a2807,6,19,24.791666666666664
81b15dfd-cf6a-466f-be59-3dd65d2a2807,6,20,25.520833333333336
86a41273-5f15-4b54-93b6-829f140e5161,0,9,30.96590909090909
86a41273-5f15-4b54-93b6-829f140e5161,0,10,33.22916666666667
86a41273-5f15-4b54-93b6-829f140e5161,0,11,38.47222222222222
86a41273-5f15-4b54-93b6-829f140e5161,0,12,38.05555555555556
86a41273-5f15-4b54-93b6-829f140e5161,0,13,41.388888888888886
86a41273-5f15-4b54-93b6-829f140e5161,0,14,38.861111111111114
86a41273-5f15-4b54-93b6-829f140e5161,0,15,40.27777777777778
86a41273-5f15-4b54-93b6-829f140e5161,0,16,36.25
86a41273-5f15-4b54-93b6-829f140e5161,0,17,37.361111111111114
86a41273-5f15-4b54-93b6-829f140e5161,0,18,40.138888888888886
86a41273-5f15-4b54-93b6-829f140e5161,0,19,39.861111111111114
86a41273-5f15-4b54-93b6-829f140e5161,0,20,26.583333333333332
86a41273-5f15-4b54-93b6-829f140e5161,0,21,16.616161616161616
86a41273-5f15-4b54-93b6-829f140e5161,0,22,22.083333333333332
86a41273-5f15-4b54-93b6-829f140e5161,1,9,28.055555555555557
86a41273-5f15-4b54-93b6-829f140e5161,1,10,30.13888888888889
86a41273-5f15-4b54-93b6-829f140e5161,1,11,30.13888888888889
86a41273-5f15-4b54-93b6-829f140e5161,1,12,33.61111111111111
86a41273-5f15-4b54-93b6-829f140e5161,1,13,36.94444444444445
86a41273-5f15-4b54-93b6-829f140e5161,1,14,32.083333333333336
86a41273-5f15-4b54-93b6-829f140e5161,1,15,32.8125
86a41273-5f15-4b54-93b6-829f140e5161,1,16,31.354166666666668
86a41273-5f15-4b54-93b6-829f140e5161,1,17,28.854166666666668
86a41273-5f15-4b54-93b6-829f140e5161,2,9,36.04166666666667
86a41273-5f15-4b54-93b6-829f140e5161,2,10,37.348484848484844
86a41273-5f15-4b54-93b6-829f140e5161,2,11,39.270833333333336
86a41273-5f15-4b54-93b6-829f140e5161,2,12,40.138888888888886
86a41273-5f15-4b54-93b6-829f140e5161,2,13,41.77083333333333
86a41273-5f15-4b54-93b6-829f140e5161,2,14,43.33333333333333
86a41273-5f15-4b54-93b6-829f140e5161,2,15,46.770833333333336
86a41273-5f15-4b54-93b6-829f140e5161,2,16,51.14583333333333
86a41273-5f15-4b54-93b6-829f140e5161,2,17,48.22916666666667
86a41273-5f15-4b54-93b6-829f140e5161,2,18,46.770833333333336
86a41273-5f15-4b54-93b6-829f140e5161,2,19,48.166666666666664
86a41273-5f15-4b54-93b6-829f140e5161,2,20,32.8125
86a41273-5f15-4b54-93b6-829f140e5161,2,21,26.354166666666668
86a41273-5f15-4b54-93b6-829f140e5161,2,22,32.5
86a41273-5f15-4b54-93b6-829f140e5161,3,9,30.0
86a41273-5f15-4b54-93b6-829f140e5161,3,10,33.02083333333333
86a41273-5f15-4b54-93b6-829f140e5161,3,11,37.08333333333333
86a41273-5f15-4b54-93b6-829f140e5161,3,12,45.72916666666667
86a41273-5f15-4b54-93b6-829f140e5161,3,13,42.91666666666667
86a41273-5f15-4b54-93b6-829f140e5161,3,14,41.770833333333336
86a41273-5f15-4b54-93b6-829f140e5161,3,15,42.1875
86a41273-5f15-4b54-93b6-829f140e5161,3,16,42.5
86a41273-5f15-4b54-93b6-829f140e5161,3,17,38.958333333333336
86a41273-5f15-4b54-93b6-829f140e5161,3,18,39.44444444444445
86a41273-5f15-4b54-93b6-829f140e5161,3,19,42.916666666666664
86a41273-5f15-4b54-93b6-829f140e5161,3,20,32.77777777777778
86a41273-5f15-4b54-93b6-829f140e5161,3,21,27.5
86a41273-5f15-4b54-93b6-829f140e5161,3,22,30.416666666666664
86a41273-5f15-4b54-93b6-829f140e5161,4,8,19.694444444444443
86a41273-5f15-4b54-93b6-829f140e5161,4,9,26.770833333333332
86a41273-5f15-4b54-93b6-829f140e5161,4,10,30.3125
86a41273-5f15-4b54-93b6-829f140e5161,4,11,33.125
86a41273-5f15-4b54-93b6-829f140e5161,4,12,41.875
86a41273-5f15-4b54-93b6-829f140e5161,4,13,35.9375
86a41273-5f15-4b54-93b6-829f140e5161,4,14,36.145833333333336
86a41273-5f15-4b54-93b6-829f140e5161,4,15,33.125
86a41273-5f15-4b54-93b6-829f140e5161,4,16,30.625
86a41273-5f15-4b54-93b6-829f140e5161,4,17,30.208333333333336
86a41273-5f15-4b54-93b6-829f140e5161,5,8,25.492424242424242
86a41273-5f15-4b54-93b6-829f140e5161,5,9,29.6875
86a41273-5f15-4b54-93b6-829f140e5161,5,10,37.8125
86a41273-5f15-4b54-93b6-829f140e5161,5,11,39.015151515151516
86a41273-5f15-4b54-93b6-829f140e5161,5,12,43.06818181818182
86a41273-5f15-4b54-93b6-829f140e5161,5,13,43.589015151515156
86a41273-5f15-4b54-93b6-829f140e5161,5,14,41.14583333333333
86a41273-5f15-4b54-93b6-829f140e5161,5,15,48.86363636363636
86a41273-5f15-4b54-93b6-829f140e5161,5,16,49.791666666666664
86a41273-5f15-4b54-93b6-829f140e5161,5,17,47.70833333333333
86a41273-5f15-4b54-93b6-829f140e5161,5,18,50.520833333333336
86a41273-5f15-4b54-93b6-829f140e5161,5,19,44.58333333333333
86a41273-5f15-4b54-93b6-829f140e5161,5,20,40.89962121212121
86a41273-5f15-4b54-93b6-829f140e5161,5,21,30.75
86a41273-5f15-4b54-93b6-829f140e5161,5,22,26.354166666666664
86a41273-5f15-4b54-93b6-829f140e5161,6,8,28.125
86a41273-5f15-4b54-93b6-829f140e5161,6,9,30.416666666666664
86a41273-5f15-4b54-93b6-829f140e5161,6,10,32.5
86a41273-5f15-4b54-93b6-829f140e5161,6,11,34.6875
86a41273-5f15-4b54-93b6-829f140e5161,6,12,36.5625
86a41273-5f15-4b54-93b6-829f140e5161,6,13,38.95833333333333
86a41273-5f15-4b54-93b6-829f140e5161,6,14,38.4375
86a41273-5f15-4b54-93b6-829f140e5161,6,15,42.083333333333336
86a41273-5f15-4b54-93b6-829f140e5161,6,16,38.333333333333336
86a41273-5f15-4b54-93b6-829f140e5161,6,17,36.97916666666667
86a41273-5f15-4b54-93b6-829f140e5161,6,18,55.416666666666664
86a41273-5f15-4b54-93b6-829f140e5161,6,19,43.333333333333336
86a41273-5f15-4b54-93b6-829f140e5161,6,20,41.25
86a41273-5f15-4b54-93b6-829f140e5161,6,21,25.0
890fa430-89c0-4a3f-96c9-11597888005e,0,9,6.145833333333333
890fa430-89c0-4a3f-96c9-11597888005e,0,10,11.979166666666668
890fa430-89c0-4a3f-96c9-11597888005e,0,11,12.708333333333332
890fa430-89c0-4a3f-96c9-11597888005e,0,12,13.4375
890fa430-89c0-4a3f-96c9-11597888005e,0,13,13.541666666666666
890fa430-89c0-4a3f-96c9-11597888005e,0,14,8.125
890fa430-89c0-4a3f-96c9-11597888005e,0,15,10.128517316017316
890fa430-89c0-4a3f-96c9-11597888005e,0,16,7.638888888888889
890fa430-89c0-4a3f-96c9-11597888005e,0,17,8.75
890fa430-89c0-4a3f-96c9-11597888005e,0,18,15.625
890fa430-89c0-4a3f-96c9-11597888005e,0,19,10.625
890fa430-89c0-4a3f-96c9-11597888005e,0,20,13.229166666666666
890fa430-89c0-4a3f-96c9-11597888005e,0,21,6.041666666666666
890fa430-89c0-4a3f-96c9-11597888005e,0,22,5.208333333333334
890fa430-89c0-4a3f-96c9-11597888005e,1,9,5.520833333333333
890fa430-89c0-4a3f-96c9-11597888005e,1,10,6.979166666666667
890fa430-89c0-4a3f-96c9-11597888005e,1,11,6.875
890fa430-89c0-4a3f-96c9-11597888005e,1,12,8.333333333333334
890fa430-89c0-4a3f-96c9-11597888005e,1,13,7.916666666666667
890fa430-89c0-4a3f-96c9-11597888005e,1,14,6.25
890fa430-89c0-4a3f-96c9-11597888005e,1,15,5.0
890fa430-89c0-4a3f-96c9-11597888005e,1,16,5.208333333333333
890fa430-89c0-4a3f-96c9-11597888005e,1,17,5.520833333333333
890fa430-89c0-4a3f-96c9-11597888005e,2,9,5.833333333333333
890fa430-89c0-4a3f-96c9-11597888005e,2,10,10.416666666666668
890fa430-89c0-4a3f-96c9-11597888005e,2,11,14.895833333333334
890fa430-89c0-4a3f-96c9-11597888005e,2,12,15.520833333333334
890fa430-89c0-4a3f-96c9-11597888005e,2,13,13.75
890fa430-89c0-4a3f-96c9-11597888005e,2,14,8.229166666666666
890fa430-89c0-4a3f-96c9-11597888005e,2,15,5.833333333333333
890fa430-89c0-4a3f-96c9-11597888005e,2,16,8.75
890fa430-89c0-4a3f-96c9-11597888005e,2,17,16.38888888888889
890fa430-89c0-4a3f-96c9-11597888005e,2,18,15.9375
890fa430-89c0-4a3f-96c9-11597888005e,2,19,17.36111111111111
890fa430-89c0-4a3f-96c9-11597888005e,2,20,10.694444444444445
890fa430-89c0-4a3f-96c9-11597888005e,2,21,7.708333333333334
890fa430-89c0-4a3f-96c9-11597888005e,2,22,5.0
890fa430-89c0-4a3f-96c9-11597888005e,3,9,5.729166666666666
890fa430-89c0-4a3f-96c9-11597888005e,3,10,12.1875
890fa430-89c0-4a3f-96c9-11597888005e,3,11,10.729166666666668
890fa430-89c0-4a3f-96c9-11597888005e,3,12,9.791666666666666
890fa430-89c0-4a3f-96c9-11597888005e,3,13,10.277777777777779
890fa430-89c0-4a3f-96c9-11597888005e,3,14,5.208333333333334
890fa430-89c0-4a3f-96c9-11597888005e,3,15,7.395833333333334
890fa430-89c0-4a3f-96c9-11597888005e,3,16,10.833333333333332
890fa430-89c0-4a3f-96c9-11597888005e,3,17,9.583333333333332
890fa430-89c0-4a3f-96c9-11597888005e,3,18,10.0
890fa430-89c0-4a3f-96c9-11597888005e,3,19,13.333333333333334
890fa430-89c0-4a3f-96c9-11597888005e,3,20,10.833333333333334
890fa430-89c0-4a3f-96c9-11597888005e,3,21,7.777777777777778
890fa430-89c0-4a3f-96c9-11597888005e,3,22,7.5
890fa430-89c0-4a3f-96c9-11597888005e,4,8,5.972222222222222
890fa430-89c0-4a3f-96c9-11597888005e,4,9,5.416666666666667
890fa430-89c0-4a3f-96c9-11597888005e,4,10,5.833333333333333
890fa430-89c0-4a3f-96c9-11597888005e,4,11,7.916666666666666
890fa430-89c0-4a3f-96c9-11597888005e,4,12,10.104166666666668
890fa430-89c0-4a3f-96c9-11597888005e,4,13,9.375
890fa430-89c0-4a3f-96c9-11597888005e,4,14,5.625
890fa430-89c0-4a3f-96c9-11597888005e,4,15,5.9375
890fa430-89c0-4a3f-96c9-11597888005e,4,16,6.666666666666667
890fa430-89c0-4a3f-96c9-11597888005e,4,17,6.979166666666666
890fa430-89c0-4a3f-96c9-11597888005e,5,8,5.0
890fa430-89c0-4a3f-96c9-11597888005e,5,9,8.333333333333334
890fa430-89c0-4a3f-96c9-11597888005e,5,10,13.854166666666668
890fa430-89c0-4a3f-96c9-11597888005e,5,11,18.541666666666664
890fa430-89c0-4a3f-96c9-11597888005e,5,12,19.895833333333336
890fa430-89c0-4a3f-96c9-11597888005e,5,13,13.75
890fa430-89c0-4a3f-96c9-11597888005e,5,14,10.625
890fa430-89c0-4a3f-96c9-11597888005e,5,15,13.8125
890fa430-89c0-4a3f-96c9-11597888005e,5,16,17.98611111111111
890fa430-89c0-4a3f-96c9-11597888005e,5,17,15.297619047619046
890fa430-89c0-4a3f-96c9-11597888005e,5,18,16.428571428571427
890fa430-89c0-4a3f-96c9-11597888005e,5,19,16.041666666666664
890fa430-89c0-4a3f-96c9-11597888005e,5,20,18.229166666666668
890fa430-89c0-4a3f-96c9-11597888005e,5,21,12.916666666666666
890fa430-89c0-4a3f-96c9-11597888005e,5,22,5.833333333333334
890fa430-89c0-4a3f-96c9-11597888005e,6,8,5.0
890fa430-89c0-4a3f-96c9-11597888005e,6,9,7.5
890fa430-89c0-4a3f-96c9-11597888005e,6,10,8.645833333333334
890fa430-89c0-4a3f-96c9-11597888005e,6,11,9.791666666666666
890fa430-89c0-4a3f-96c9-11597888005e,6,12,8.854166666666666
890fa430-89c0-4a3f-96c9-11597888005e,6,13,9.6875
890fa430-89c0-4a3f-96c9-11597888005e,6,14,6.041666666666666
890fa430-89c0-4a3f-96c9-11597888005e,6,15,5.9375
890fa430-89c0-4a3f-96c9-11597888005e,6,16,8.041666666666668
890fa430-89c0-4a3f-96c9-11597888005e,6,17,7.777777777777779
890fa430-89c0-4a3f-96c9-11597888005e,6,18,22.5
890fa430-89c0-4a3f-96c9-11597888005e,6,19,13.75
890fa430-89c0-4a3f-96c9-11597888005e,6,20,22.5
890fa430-89c0-4a3f-96c9-11597888005e,6,21,14.583333333333334
8c8cd77d-97f6-4309-b285-42aad90e9f15,0,10,15.0
8c8cd77d-97f6-4309-b285-42aad90e9f15,0,11,15.138888888888888
8c8cd77d-97f6-4309-b285-42aad90e9f15,0,12,15.0
8c8cd77d-97f6-4309-b285-42aad90e9f15,0,13,15.0
8c8cd77d-97f6-4309-b285-42aad90e9f15,0,14,15.0
8c8cd77d-97f6-4309-b285-42aad90e9f15,0,15,15.0
8c8cd77d-97f6-4309-b285-42aad90e9f15,0,16,15.0
8c8cd77d-97f6-4309-b285-42aad90e9f15,0,17,15.0
8c8cd77d-97f6-4309-b285-42aad90e9f15,0,18,15.0
8c8cd77d-97f6-4309-b285-42aad90e9f15,1,10,15.0
8c8cd77d-97f6-4309-b285-42aad90e9f15,1,11,15.0
8c8cd77d-97f6-4309-b285-42aad90e9f15,1,12,15.0
8c8cd77d-97f6-4309-b285-42aad90e9f15,1,13,15.0
8c8cd77d-97f6-4309-b285-42aad90e9f15,1,14,15.0
8c8cd77d-97f6-4309-b285-42aad90e9f15,1,15,15.0
8c8cd77d-97f6-4309-b285-42aad90e9f15,1,16,15.0
8c8cd77d-97f6-4309-b285-42aad90e9f15,1,17,15.0
8c8cd77d-97f6-4309-b285-42aad90e9f15,1,18,15.0
8c8cd77d-97f6-4309-b285-42aad90e9f15,2,10,15.0
8c8cd77d-97f6-4309-b285-42aad90e9f15,2,11,15.0
8c8cd77d-97f6-4309-b285-42aad90e9f15,2,12,15.0
8c8cd77d-97f6-4309-b285-42aad90e9f15,2,13,15.0
8c8cd77d-97f6-4309-b285-42aad90e9f15,2,14,15.0
8c8cd77d-97f6-4309-b285-42aad90e9f15,2,15,15.0
8c8cd77d-97f6-4309-b285-42aad90e9f15,2,16,15.0
8c8cd77d-97f6-4309-b285-42aad90e9f15,2,17,15.0
8c8cd77d-97f6-4309-b285-42aad90e9f15,2,18,15.0
8c8cd77d-97f6-4309-b285-42aad90e9f15,3,10,15.0
8c8cd77d-97f6-4309-b285-42aad90e9f15,3,11,15.0
8c8cd77d-97f6-4309-b285-42aad90e9f15,3,12,15.0
8c8cd77d-97f6-4309-b285-42aad90e9f15,3,13,15.0
8c8cd77d-97f6-4309-b285-42aad90e9f15,3,14,15.0
8c8cd77d-97f6-4309-b285-42aad90e9f15,3,15,15.0
8c8cd77d-97f6-4309-b285-42aad90e9f15,3,16,15.0
8c8cd77d-97f6-4309-b285-42aad90e9f15,3,17,15.0
8c8cd77d-97f6-4309-b285-42aad90e9f15,3,18,15.0
8c8cd77d-97f6-4309-b285-42aad90e9f15,4,10,15.0
8c8cd77d-97f6-4309-b285-42aad90e9f15,4,11,15.0
8c8cd77d-97f6-4309-b285-42aad90e9f15,4,12,15.0
8c8cd77d-97f6-4309-b285-42aad90e9f15,4,13,15.0
8c8cd77d-97f6-4309-b285-42aad90e9f15,4,14,15.0
8c8cd77d-97f6-4309-b285-42aad90e9f15,4,15,15.0
8c8cd77d-97f6-4309-b285-42aad90e9f15,4,16,15.0
8c8cd77d-97f6-4309-b285-42aad90e9f15,4,17,15.0
8c8cd77d-97f6-4309-b285-42aad90e9f15,4,18,15.0
8c8cd77d-97f6-4309-b285-42aad90e9f15,5,10,17.5
8c8cd77d-97f6-4309-b285-42aad90e9f15,5,11,15.0
8c8cd77d-97f6-4309-b285-42aad90e9f15,5,12,15.0
8c8cd77d-97f6-4309-b285-42aad90e9f15,5,13,15.0
8c8cd77d-97f6-4309-b285-42aad90e9f15,5,14,15.0
8c8cd77d-97f6-4309-b285-42aad90e9f15,5,15,15.0
8c8cd77d-97f6-4309-b285-42aad90e9f15,5,16,15.0
8c8cd77d-97f6-4309-b285-42aad90e9f15,5,17,15.0
8c8cd77d-97f6-4309-b285-42aad90e9f15,5,18,15.0
8c8cd77d-97f6-4309-b285-42aad90e9f15,6,10,15.0
8c8cd77d-97f6-4309-b285-42aad90e9f15,6,11,15.0
8c8cd77d-97f6-4309-b285-42aad90e9f15,6,12,15.0
8c8cd77d-97f6-4309-b285-42aad90e9f15,6,13,15.0
8c8cd77d-97f6-4309-b285-42aad90e9f15,6,14,15.0
8c8cd77d-97f6-4309-b285-42aad90e9f15,6,15,15.0
8c8cd77d-97f6-4309-b285-42aad90e9f15,6,16,15.0
8c8cd77d-97f6-4309-b285-42aad90e9f15,6,17,15.0
8c8cd77d-97f6-4309-b285-42aad90e9f15,6,18,15.0
8d7ccdb1-a22b-4e26-8dc8-65b1938ed5f0,0,9,43.39646464646464
8d7ccdb1-a22b-4e26-8dc8-65b1938ed5f0,0,10,48.75
8d7ccdb1-a22b-4e26-8dc8-65b1938ed5f0,0,11,54.375
8d7ccdb1-a22b-4e26-8dc8-65b1938ed5f0,0,12,63.95833333333333
8d7ccdb1-a22b-4e26-8dc8-65b1938ed5f0,0,13,68.02083333333334
8d7ccdb1-a22b-4e26-8dc8-65b1938ed5f0,0,14,61.77083333333333
8d7ccdb1-a22b-4e26-8dc8-65b1938ed5f0,0,15,58.229166666666664
8d7ccdb1-a22b-4e26-8dc8-65b1938ed5f0,0,16,56.17559523809524
8d7ccdb1-a22b-4e26-8dc8-65b1938ed5f0,0,17,57.916666666666664
8d7ccdb1-a22b-4e26-8dc8-65b1938ed5f0,0,18,60.52083333333333
8d7ccdb1-a22b-4e26-8dc8-65b1938ed5f0,0,19,52.22222222222222
8d7ccdb1-a22b-4e26-8dc8-65b1938ed5f0,0,20,48.958333333333336
8d7ccdb1-a22b-4e26-8dc8-65b1938ed5f0,1,9,40.97222222222222
8d7ccdb1-a22b-4e26-8dc8-65b1938ed5f0,1,10,39.30555555555555
8d7ccdb1-a22b-4e26-8dc8-65b1938ed5f0,1,11,45.97222222222222
8d7ccdb1-a22b-4e26-8dc8-65b1938ed5f0,1,12,54.89583333333333
8d7ccdb1-a22b-4e26-8dc8-65b1938ed5f0,1,13,60.27777777777778
8d7ccdb1-a22b-4e26-8dc8-65b1938ed5f0,1,14,59.0625
8d7ccdb1-a22b-4e26-8dc8-65b1938ed5f0,1,15,57.70833333333333
8d7ccdb1-a22b-4e26-8dc8-65b1938ed5f0,1,16,61.875
8d7ccdb1-a22b-4e26-8dc8-65b1938ed5f0,1,17,62.29166666666667
8d7ccdb1-a22b-4e26-8dc8-65b1938ed5f0,1,18,54.19507575757576
8d7ccdb1-a22b-4e26-8dc8-65b1938ed5f0,1,19,52.5
8d7ccdb1-a22b-4e26-8dc8-65b1938ed5f0,1,20,40.41666666666667
8d7ccdb1-a22b-4e26-8dc8-65b1938ed5f0,2,9,35.729166666666664
8d7ccdb1-a22b-4e26-8dc8-65b1938ed5f0,2,10,43.75
8d7ccdb1-a22b-4e26-8dc8-65b1938ed5f0,2,11,43.125
8d7ccdb1-a22b-4e26-8dc8-65b1938ed5f0,2,12,49.166666666666664
8d7ccdb1-a22b-4e26-8dc8-65b1938ed5f0,2,13,55.916666666666664
8d7ccdb1-a22b-4e26-8dc8-65b1938ed5f0,2,14,55.520833333333336
8d7ccdb1-a22b-4e26-8dc8-65b1938ed5f0,2,15,58.611111111111114
8d7ccdb1-a22b-4e26-8dc8-65b1938ed5f0,2,16,46.785714285714285
8d7ccdb1-a22b-4e26-8dc8-65b1938ed5f0,2,17,59.30555555555555
8d7ccdb1-a22b-4e26-8dc8-65b1938ed5f0,2,18,54.72222222222222
8d7ccdb1-a22b-4e26-8dc8-65b1938ed5f0,2,19,43.94345238095238
8d7ccdb1-a22b-4e26-8dc8-65b1938ed5f0,2,20,36.388888888888886
8d7ccdb1-a22b-4e26-8dc8-65b1938ed5f0,3,9,40.9375
8d7ccdb1-a22b-4e26-8dc8-65b1938ed5f0,3,10,42.361111111111114
8d7ccdb1-a22b-4e26-8dc8-65b1938ed5f0,3,11,44.72222222222223
8d7ccdb1-a22b-4e26-8dc8-65b1938ed5f0,3,12,49.72222222222222
8d7ccdb1-a22b-4e26-8dc8-65b1938ed5f0,3,13,56.458333333333336
8d7ccdb1-a22b-4e26-8dc8-65b1938ed5f0,3,14,55.9375
8d7ccdb1-a22b-4e26-8dc8-65b1938ed5f0,3,15,61.354166666666664
8d7ccdb1-a22b-4e26-8dc8-65b1938ed5f0,3,16,60.138888888888886
8d7ccdb1-a22b-4e26-8dc8-65b1938ed5f0,3,17,57.1875
8d7ccdb1-a22b-4e26-8dc8-65b1938ed5f0,3,18,55.52083333333333
8d7ccdb1-a22b-4e26-8dc8-65b1938ed5f0,3,19,44.583333333333336
8d7ccdb1-a22b-4e26-8dc8-65b1938ed5f0,3,20,40.80492424242424
8d7ccdb1-a22b-4e26-8dc8-65b1938ed5f0,4,9,41.30208333333333
8d7ccdb1-a22b-4e26-8dc8-65b1938ed5f0,4,10,45.416666666666664
8d7ccdb1-a22b-4e26-8dc8-65b1938ed5f0,4,11,51.25
8d7ccdb1-a22b-4e26-8dc8-65b1938ed5f0,4,12,58.64583333333333
8d7ccdb1-a22b-4e26-8dc8-65b1938ed5f0,4,13,62.70833333333333
8d7ccdb1-a22b-4e26-8dc8-65b1938ed5f0,4,14,66.45833333333334
8d7ccdb1-a22b-4e26-8dc8-65b1938ed5f0,4,15,71.25
8d7ccdb1-a22b-4e26-8dc8-65b1938ed5f0,4,16,62.8125
8d7ccdb1-a22b-4e26-8dc8-65b1938ed5f0,4,17,63.125
8d7ccdb1-a22b-4e26-8dc8-65b1938ed5f0,4,18,64.0625
8d7ccdb1-a22b-4e26-8dc8-65b1938ed5f0,4,19,60.72916666666667
8d7ccdb1-a22b-4e26-8dc8-65b1938ed5f0,4,20,54.236111111111114
8d7ccdb1-a22b-4e26-8dc8-65b1938ed5f0,5,9,35.104166666666664
8d7ccdb1-a22b-4e26-8dc8-65b1938ed5f0,5,10,46.145833333333336
8d7ccdb1-a22b-4e26-8dc8-65b1938ed5f0,5,11,49.27083333333333
8d7ccdb1-a22b-4e26-8dc8-65b1938ed5f0,5,12,59.89583333333333
8d7ccdb1-a22b-4e26-8dc8-65b1938ed5f0,5,13,66.875
8d7ccdb1-a22b-4e26-8dc8-65b1938ed5f0,5,14,62.1875
8d7ccdb1-a22b-4e26-8dc8-65b1938ed5f0,5,15,64.79166666666667
8d7ccdb1-a22b-4e26-8dc8-65b1938ed5f0,5,16,66.35416666666667
8d7ccdb1-a22b-4e26-8dc8-65b1938ed5f0,5,17,61.14583333333333
8d7ccdb1-a22b-4e26-8dc8-65b1938ed5f0,5,18,63.958333333333336
8d7ccdb1-a22b-4e26-8dc8-65b1938ed5f0,5,19,56.979166666666664
8d7ccdb1-a22b-4e26-8dc8-65b1938ed5f0,5,20,45.20833333333333
8d7ccdb1-a22b-4e26-8dc8-65b1938ed5f0,6,9,41.77083333333333
8d7ccdb1-a22b-4e26-8dc8-65b1938ed5f0,6,10,48.576388888888886
8d7ccdb1-a22b-4e26-8dc8-65b1938ed5f0,6,11,45.48611111111111
8d7ccdb1-a22b-4e26-8dc8-65b1938ed5f0,6,12,55.088383838383834
8d7ccdb1-a22b-4e26-8dc8-65b1938ed5f0,6,13,61.77083333333333
8d7ccdb1-a22b-4e26-8dc8-65b1938ed5f0,6,14,62.361111111111114
8d7ccdb1-a22b-4e26-8dc8-65b1938ed5f0,6,15,61.395833333333336
8d7ccdb1-a22b-4e26-8dc8-65b1938ed5f0,6,16,61.666666666666664
8d7ccdb1-a22b-4e26-8dc8-65b1938ed5f0,6,17,66.97916666666667
8d7ccdb1-a22b-4e26-8dc8-65b1938ed5f0,6,18,59.895833333333336
8d7ccdb1-a22b-4e26-8dc8-65b1938ed5f0,6,19,56.04166666666667
8d7ccdb1-a22b-4e26-8dc8-65b1938ed5f0,6,20,42.395833333333336
8f353879-d6ac-4211-9352-4029efb47c18,0,9,8.181818181818182
8f353879-d6ac-4211-9352-4029efb47c18,0,10,27.708333333333332
8f353879-d6ac-4211-9352-4029efb47c18,0,11,32.708333333333336
8f353879-d6ac-4211-9352-4029efb47c18,0,12,24.166666666666668
8f353879-d6ac-4211-9352-4029efb47c18,0,13,23.4375
8f353879-d6ac-4211-9352-4029efb47c18,0,14,20.520833333333336
8f353879-d6ac-4211-9352-4029efb47c18,0,15,21.770833333333336
8f353879-d6ac-4211-9352-4029efb47c18,0,16,19.583333333333332
8f353879-d6ac-4211-9352-4029efb47c18,0,17,14.145833333333334
8f353879-d6ac-4211-9352-4029efb47c18,0,18,10.416666666666666
8f353879-d6ac-4211-9352-4029efb47c18,0,19,11.354166666666666
8f353879-d6ac-4211-9352-4029efb47c18,0,20,7.916666666666667
8f353879-d6ac-4211-9352-4029efb47c18,1,9,5.2272727272727275
8f353879-d6ac-4211-9352-4029efb47c18,1,10,19.791666666666668
8f353879-d6ac-4211-9352-4029efb47c18,1,11,25.104166666666664
8f353879-d6ac-4211-9352-4029efb47c18,1,12,20.625
8f353879-d6ac-4211-9352-4029efb47c18,1,13,15.3125
8f353879-d6ac-4211-9352-4029efb47c18,1,14,17.395833333333332
8f353879-d6ac-4211-9352-4029efb47c18,1,15,15.3125
8f353879-d6ac-4211-9352-4029efb47c18,1,16,9.375
8f353879-d6ac-4211-9352-4029efb47c18,1,17,9.0625
8f353879-d6ac-4211-9352-4029efb47c18,1,18,7.395833333333333
8f353879-d6ac-4211-9352-4029efb47c18,1,19,7.604166666666666
8f353879-d6ac-4211-9352-4029efb47c18,1,20,5.520833333333333
8f353879-d6ac-4211-9352-4029efb47c18,2,9,5.0
8f353879-d6ac-4211-9352-4029efb47c18,2,10,13.541666666666668
8f353879-d6ac-4211-9352-4029efb47c18,2,11,22.291666666666668
8f353879-d6ac-4211-9352-4029efb47c18,2,12,22.1875
8f353879-d6ac-4211-9352-4029efb47c18,2,13,17.395833333333336
8f353879-d6ac-4211-9352-4029efb47c18,2,14,11.25
8f353879-d6ac-4211-9352-4029efb47c18,2,15,10.833333333333334
8f353879-d6ac-4211-9352-4029efb47c18,2,16,10.729166666666668
8f353879-d6ac-4211-9352-4029efb47c18,2,17,6.458333333333333
8f353879-d6ac-4211-9352-4029efb47c18,2,18,5.104166666666667
8f353879-d6ac-4211-9352-4029efb47c18,2,19,5.0
8f353879-d6ac-4211-9352-4029efb47c18,2,20,5.0
8f353879-d6ac-4211-9352-4029efb47c18,3,9,5.113636363636363
8f353879-d6ac-4211-9352-4029efb47c18,3,10,18.854166666666668
8f353879-d6ac-4211-9352-4029efb47c18,3,11,27.916666666666664
8f353879-d6ac-4211-9352-4029efb47c18,3,12,25.208333333333332
8f353879-d6ac-4211-9352-4029efb47c18,3,13,21.354166666666664
8f353879-d6ac-4211-9352-4029efb47c18,3,14,16.979166666666668
8f353879-d6ac-4211-9352-4029efb47c18,3,15,13.333333333333332
8f353879-d6ac-4211-9352-4029efb47c18,3,16,11.5625
8f353879-d6ac-4211-9352-4029efb47c18,3,17,10.625
8f353879-d6ac-4211-9352-4029efb47c18,3,18,7.916666666666666
8f353879-d6ac-4211-9352-4029efb47c18,3,19,7.8125
8f353879-d6ac-4211-9352-4029efb47c18,3,20,5.454545454545455
8f353879-d6ac-4211-9352-4029efb47c18,4,9,5.0
8f353879-d6ac-4211-9352-4029efb47c18,4,10,22.1875
8f353879-d6ac-4211-9352-4029efb47c18,4,11,24.0625
8f353879-d6ac-4211-9352-4029efb47c18,4,12,23.229166666666664
8f353879-d6ac-4211-9352-4029efb47c18,4,13,21.875
8f353879-d6ac-4211-9352-4029efb47c18,4,14,16.25
8f353879-d6ac-4211-9352-4029efb47c18,4,15,16.875
8f353879-d6ac-4211-9352-4029efb47c18,4,16,19.270833333333332
8f353879-d6ac-4211-9352-4029efb47c18,4,17,14.6875
8f353879-d6ac-4211-9352-4029efb47c18,4,18,12.708333333333332
8f353879-d6ac-4211-9352-4029efb47c18,4,19,13.229166666666668
8f353879-d6ac-4211-9352-4029efb47c18,4,20,5.208333333333333
8f353879-d6ac-4211-9352-4029efb47c18,5,9,5.0
8f353879-d6ac-4211-9352-4029efb47c18,5,10,23.958333333333336
8f353879-d6ac-4211-9352-4029efb47c18,5,11,26.979166666666668
8f353879-d6ac-4211-9352-4029efb47c18,5,12,26.25
8f353879-d6ac-4211-9352-4029efb47c18,5,13,27.5
8f353879-d6ac-4211-9352-4029efb47c18,5,14,27.1875
8f353879-d6ac-4211-9352-4029efb47c18,5,15,24.791666666666664
8f353879-d6ac-4211-9352-4029efb47c18,5,16,24.895833333333332
8f353879-d6ac-4211-9352-4029efb47c18,5,17,20.416666666666668
8f353879-d6ac-4211-9352-4029efb47c18,5,18,18.020833333333336
8f353879-d6ac-4211-9352-4029efb47c18,5,19,13.541666666666668
8f353879-d6ac-4211-9352-4029efb47c18,5,20,7.916666666666666
8f353879-d6ac-4211-9352-4029efb47c18,6,9,6.371212121212121
8f353879-d6ac-4211-9352-4029efb47c18,6,10,19.895833333333336
8f353879-d6ac-4211-9352-4029efb47c18,6,11,24.791666666666664
8f353879-d6ac-4211-9352-4029efb47c18,6,12,23.645833333333332
8f353879-d6ac-4211-9352-4029efb47c18,6,13,19.984217171717173
8f353879-d6ac-4211-9352-4029efb47c18,6,14,21.083333333333332
8f353879-d6ac-4211-9352-4029efb47c18,6,15,18.541666666666668
8f353879-d6ac-4211-9352-4029efb47c18,6,16,14.0625
8f353879-d6ac-4211-9352-4029efb47c18,6,17,12.708333333333332
8f353879-d6ac-4211-9352-4029efb47c18,6,18,9.6875
8f353879-d6ac-4211-9352-4029efb47c18,6,19,7.5
8f353879-d6ac-4211-9352-4029efb47c18,6,20,6.041666666666666
905d7888-b866-4e74-90d1-07fc6ef6706f,0,9,6.25
905d7888-b866-4e74-90d1-07fc6ef6706f,0,10,8.958333333333334
905d7888-b866-4e74-90d1-07fc6ef6706f,0,11,12.708333333333334
905d7888-b866-4e74-90d1-07fc6ef6706f,0,12,28.958333333333336
905d7888-b866-4e74-90d1-07fc6ef6706f,0,13,35.520833333333336
905d7888-b866-4e74-90d1-07fc6ef6706f,0,14,28.055555555555557
905d7888-b866-4e74-90d1-07fc6ef6706f,0,15,15.0
905d7888-b866-4e74-90d1-07fc6ef6706f,0,16,20.13888888888889
905d7888-b866-4e74-90d1-07fc6ef6706f,0,17,19.583333333333332
905d7888-b866-4e74-90d1-07fc6ef6706f,0,18,10.0
905d7888-b866-4e74-90d1-07fc6ef6706f,0,19,11.666666666666668
905d7888-b866-4e74-90d1-07fc6ef6706f,0,20,7.5
905d7888-b866-4e74-90d1-07fc6ef6706f,1,9,5.0
905d7888-b866-4e74-90d1-07fc6ef6706f,1,10,15.694444444444443
905d7888-b866-4e74-90d1-07fc6ef6706f,1,11,25.0
905d7888-b866-4e74-90d1-07fc6ef6706f,1,12,48.19444444444445
905d7888-b866-4e74-90d1-07fc6ef6706f,1,13,29.166666666666668
905d7888-b866-4e74-90d1-07fc6ef6706f,1,14,35.0
905d7888-b866-4e74-90d1-07fc6ef6706f,1,15,7.5
905d7888-b866-4e74-90d1-07fc6ef6706f,1,16,9.166666666666666
905d7888-b866-4e74-90d1-07fc6ef6706f,1,17,15.555555555555557
905d7888-b866-4e74-90d1-07fc6ef6706f,1,18,19.166666666666668
905d7888-b866-4e74-90d1-07fc6ef6706f,1,19,9.375
905d7888-b866-4e74-90d1-07fc6ef6706f,1,20,10.0
905d7888-b866-4e74-90d1-07fc6ef6706f,2,9,5.0
905d7888-b866-4e74-90d1-07fc6ef6706f,2,10,5.0
905d7888-b866-4e74-90d1-07fc6ef6706f,2,11,21.944444444444443
905d7888-b866-4e74-90d1-07fc6ef6706f,2,12,28.482142857142858
905d7888-b866-4e74-90d1-07fc6ef6706f,2,13,29.535984848484848
905d7888-b866-4e74-90d1-07fc6ef6706f,2,14,25.833333333333332
905d7888-b866-4e74-90d1-07fc6ef6706f,2,15,16.96969696969697
905d7888-b866-4e74-90d1-07fc6ef6706f,2,16,19.791666666666664
905d7888-b866-4e74-90d1-07fc6ef6706f,2,17,16.666666666666668
905d7888-b866-4e74-90d1-07fc6ef6706f,2,18,15.833333333333334
905d7888-b866-4e74-90d1-07fc6ef6706f,2,19,14.166666666666668
905d7888-b866-4e74-90d1-07fc6ef6706f,2,20,5.0
905d7888-b866-4e74-90d1-07fc6ef6706f,3,9,5.0
905d7888-b866-4e74-90d1-07fc6ef6706f,3,10,8.75
905d7888-b866-4e74-90d1-07fc6ef6706f,3,11,8.61111111111111
905d7888-b866-4e74-90d1-07fc6ef6706f,3,12,15.138888888888888
905d7888-b866-4e74-90d1-07fc6ef6706f,3,13,21.11111111111111
905d7888-b866-4e74-90d1-07fc6ef6706f,3,14,13.333333333333334
905d7888-b866-4e74-90d1-07fc6ef6706f,3,15,7.5
905d7888-b866-4e74-90d1-07fc6ef6706f,3,16,16.237373737373737
905d7888-b866-4e74-90d1-07fc6ef6706f,3,17,18.194444444444443
905d7888-b866-4e74-90d1-07fc6ef6706f,3,18,10.0
905d7888-b866-4e74-90d1-07fc6ef6706f,3,19,7.5
905d7888-b866-4e74-90d1-07fc6ef6706f,3,20,5.0
905d7888-b866-4e74-90d1-07fc6ef6706f,4,9,5.0
905d7888-b866-4e74-90d1-07fc6ef6706f,4,10,5.0
905d7888-b866-4e74-90d1-07fc6ef6706f,4,11,10.416666666666668
905d7888-b866-4e74-90d1-07fc6ef6706f,4,12,19.0625
905d7888-b866-4e74-90d1-07fc6ef6706f,4,13,27.604166666666668
905d7888-b866-4e74-90d1-07fc6ef6706f,4,14,33.333333333333336
905d7888-b866-4e74-90d1-07fc6ef6706f,4,15,25.11904761904762
905d7888-b866-4e74-90d1-07fc6ef6706f,4,16,32.291666666666664
905d7888-b866-4e74-90d1-07fc6ef6706f,4,17,22.916666666666668
905d7888-b866-4e74-90d1-07fc6ef6706f,4,18,19.722222222222225
905d7888-b866-4e74-90d1-07fc6ef6706f,4,19,13.333333333333334
905d7888-b866-4e74-90d1-07fc6ef6706f,4,20,10.0
905d7888-b866-4e74-90d1-07fc6ef6706f,5,9,5.303030303030304
905d7888-b866-4e74-90d1-07fc6ef6706f,5,10,6.875
905d7888-b866-4e74-90d1-07fc6ef6706f,5,11,17.083333333333332
905d7888-b866-4e74-90d1-07fc6ef6706f,5,12,39.77272727272727
905d7888-b866-4e74-90d1-07fc6ef6706f,5,13,34.166666666666664
905d7888-b866-4e74-90d1-07fc6ef6706f,5,14,45.05681818181818
905d7888-b866-4e74-90d1-07fc6ef6706f,5,15,56.25
905d7888-b866-4e74-90d1-07fc6ef6706f,5,16,34.44444444444445
905d7888-b866-4e74-90d1-07fc6ef6706f,5,17,21.25
905d7888-b866-4e74-90d1-07fc6ef6706f,5,18,24.603174603174605
905d7888-b866-4e74-90d1-07fc6ef6706f,5,19,22.222222222222225
905d7888-b866-4e74-90d1-07fc6ef6706f,5,20,18.541666666666664
905d7888-b866-4e74-90d1-07fc6ef6706f,6,9,5.104166666666667
905d7888-b866-4e74-90d1-07fc6ef6706f,6,10,6.875
905d7888-b866-4e74-90d1-07fc6ef6706f,6,11,12.708333333333332
905d7888-b866-4e74-90d1-07fc6ef6706f,6,12,33.75
905d7888-b866-4e74-90d1-07fc6ef6706f,6,13,37.5
905d7888-b866-4e74-90d1-07fc6ef6706f,6,14,45.416666666666664
905d7888-b866-4e74-90d1-07fc6ef6706f,6,15,22.5
905d7888-b866-4e74-90d1-07fc6ef6706f,6,16,21.893939393939394
905d7888-b866-4e74-90d1-07fc6ef6706f,6,17,10.0
905d7888-b866-4e74-90d1-07fc6ef6706f,6,18,10.0
905d7888-b866-4e74-90d1-07fc6ef6706f,6,19,8.333333333333334
905d7888-b866-4e74-90d1-07fc6ef6706f,6,20,10.0
91cae293-64f8-48b6-88ec-02dcfcdd1f91,0,10,10.0
91cae293-64f8-48b6-88ec-02dcfcdd1f91,0,11,15.0
91cae293-64f8-48b6-88ec-02dcfcdd1f91,0,12,15.729166666666668
91cae293-64f8-48b6-88ec-02dcfcdd1f91,0,13,25.104166666666664
91cae293-64f8-48b6-88ec-02dcfcdd1f91,0,14,22.8125
91cae293-64f8-48b6-88ec-02dcfcdd1f91,0,15,27.5
91cae293-64f8-48b6-88ec-02dcfcdd1f91,0,16,17.5
91cae293-64f8-48b6-88ec-02dcfcdd1f91,0,17,15.0
91cae293-64f8-48b6-88ec-02dcfcdd1f91,0,18,12.36111111111111
91cae293-64f8-48b6-88ec-02dcfcdd1f91,1,9,10.0
91cae293-64f8-48b6-88ec-02dcfcdd1f91,1,10,10.0
91cae293-64f8-48b6-88ec-02dcfcdd1f91,1,11,10.833333333333334
91cae293-64f8-48b6-88ec-02dcfcdd1f91,1,12,23.333333333333332
91cae293-64f8-48b6-88ec-02dcfcdd1f91,1,13,26.354166666666664
91cae293-64f8-48b6-88ec-02dcfcdd1f91,1,14,23.125
91cae293-64f8-48b6-88ec-02dcfcdd1f91,1,15,21.979166666666668
91cae293-64f8-48b6-88ec-02dcfcdd1f91,1,16,18.75
91cae293-64f8-48b6-88ec-02dcfcdd1f91,1,17,15.833333333333334
91cae293-64f8-48b6-88ec-02dcfcdd1f91,1,18,13.333333333333334
91cae293-64f8-48b6-88ec-02dcfcdd1f91,2,9,9.722222222222221
91cae293-64f8-48b6-88ec-02dcfcdd1f91,2,10,10.0
91cae293-64f8-48b6-88ec-02dcfcdd1f91,2,11,13.096590909090908
91cae293-64f8-48b6-88ec-02dcfcdd1f91,2,12,16.25
91cae293-64f8-48b6-88ec-02dcfcdd1f91,2,13,16.25
91cae293-64f8-48b6-88ec-02dcfcdd1f91,2,14,15.625
91cae293-64f8-48b6-88ec-02dcfcdd1f91,2,15,15.416666666666666
91cae293-64f8-48b6-88ec-02dcfcdd1f91,2,16,14.895833333333332
91cae293-64f8-48b6-88ec-02dcfcdd1f91,3,9,10.0
91cae293-64f8-48b6-88ec-02dcfcdd1f91,3,10,10.0
91cae293-64f8-48b6-88ec-02dcfcdd1f91,3,11,10.833333333333334
91cae293-64f8-48b6-88ec-02dcfcdd1f91,3,12,14.270833333333332
91cae293-64f8-48b6-88ec-02dcfcdd1f91,3,13,15.729166666666668
91cae293-64f8-48b6-88ec-02dcfcdd1f91,3,14,18.18181818181818
91cae293-64f8-48b6-88ec-02dcfcdd1f91,3,15,18.541666666666668
91cae293-64f8-48b6-88ec-02dcfcdd1f91,3,16,17.083333333333332
91cae293-64f8-48b6-88ec-02dcfcdd1f91,4,9,10.0
91cae293-64f8-48b6-88ec-02dcfcdd1f91,4,10,10.0
91cae293-64f8-48b6-88ec-02dcfcdd1f91,4,11,11.666666666666668
91cae293-64f8-48b6-88ec-02dcfcdd1f91,4,12,21.291666666666664
91cae293-64f8-48b6-88ec-02dcfcdd1f91,4,13,25.208333333333336
91cae293-64f8-48b6-88ec-02dcfcdd1f91,4,14,20.99702380952381
91cae293-64f8-48b6-88ec-02dcfcdd1f91,4,15,20.083333333333332
91cae293-64f8-48b6-88ec-02dcfcdd1f91,4,16,18.020833333333332
91cae293-64f8-48b6-88ec-02dcfcdd1f91,5,9,8.333333333333334
91cae293-64f8-48b6-88ec-02dcfcdd1f91,5,10,10.104166666666668
91cae293-64f8-48b6-88ec-02dcfcdd1f91,5,11,16.458333333333332
91cae293-64f8-48b6-88ec-02dcfcdd1f91,5,12,30.3125
91cae293-64f8-48b6-88ec-02dcfcdd1f91,5,13,34.270833333333336
91cae293-64f8-48b6-88ec-02dcfcdd1f91,5,14,33.395833333333336
91cae293-64f8-48b6-88ec-02dcfcdd1f91,5,15,35.782738095238095
91cae293-64f8-48b6-88ec-02dcfcdd1f91,5,16,25.902777777777775
91cae293-64f8-48b6-88ec-02dcfcdd1f91,6,9,10.0
91cae293-64f8-48b6-88ec-02dcfcdd1f91,6,10,10.454545454545455
91cae293-64f8-48b6-88ec-02dcfcdd1f91,6,11,17.083333333333336
91cae293-64f8-48b6-88ec-02dcfcdd1f91,6,12,21.979166666666664
91cae293-64f8-48b6-88ec-02dcfcdd1f91,6,13,32.395833333333336
91cae293-64f8-48b6-88ec-02dcfcdd1f91,6,14,37.42424242424242
91cae293-64f8-48b6-88ec-02dcfcdd1f91,6,15,26.041666666666668
91cae293-64f8-48b6-88ec-02dcfcdd1f91,6,16,21.875
924a3b2c-6b4b-49e5-99d3-e9dc3f2e8a48,0,9,5.208333333333333
924a3b2c-6b4b-49e5-99d3-e9dc3f2e8a48,0,10,8.4375
924a3b2c-6b4b-49e5-99d3-e9dc3f2e8a48,0,11,13.75
924a3b2c-6b4b-49e5-99d3-e9dc3f2e8a48,0,12,13.958333333333332
924a3b2c-6b4b-49e5-99d3-e9dc3f2e8a48,0,13,10.9375
924a3b2c-6b4b-49e5-99d3-e9dc3f2e8a48,0,14,8.854166666666668
924a3b2c-6b4b-49e5-99d3-e9dc3f2e8a48,0,15,13.4767316017316
924a3b2c-6b4b-49e5-99d3-e9dc3f2e8a48,0,16,8.888888888888888
924a3b2c-6b4b-49e5-99d3-e9dc3f2e8a48,0,17,11.944444444444445
924a3b2c-6b4b-49e5-99d3-e9dc3f2e8a48,0,18,18.541666666666668
924a3b2c-6b4b-49e5-99d3-e9dc3f2e8a48,0,19,12.638888888888891
924a3b2c-6b4b-49e5-99d3-e9dc3f2e8a48,0,20,9.270833333333332
924a3b2c-6b4b-49e5-99d3-e9dc3f2e8a48,0,21,5.104166666666667
924a3b2c-6b4b-49e5-99d3-e9dc3f2e8a48,0,22,5.0
924a3b2c-6b4b-49e5-99d3-e9dc3f2e8a48,1,9,5.208333333333333
924a3b2c-6b4b-49e5-99d3-e9dc3f2e8a48,1,10,5.208333333333333
924a3b2c-6b4b-49e5-99d3-e9dc3f2e8a48,1,11,5.729166666666667
924a3b2c-6b4b-49e5-99d3-e9dc3f2e8a48,1,12,6.486742424242424
924a3b2c-6b4b-49e5-99d3-e9dc3f2e8a48,1,13,7.215909090909091
924a3b2c-6b4b-49e5-99d3-e9dc3f2e8a48,1,14,6.25
924a3b2c-6b4b-49e5-99d3-e9dc3f2e8a48,1,15,5.833333333333334
924a3b2c-6b4b-49e5-99d3-e9dc3f2e8a48,1,16,5.208333333333333
924a3b2c-6b4b-49e5-99d3-e9dc3f2e8a48,1,17,5.520833333333333
924a3b2c-6b4b-49e5-99d3-e9dc3f2e8a48,2,9,5.729166666666667
924a3b2c-6b4b-49e5-99d3-e9dc3f2e8a48,2,10,10.625
924a3b2c-6b4b-49e5-99d3-e9dc3f2e8a48,2,11,13.75
924a3b2c-6b4b-49e5-99d3-e9dc3f2e8a48,2,12,13.854166666666668
924a3b2c-6b4b-49e5-99d3-e9dc3f2e8a48,2,13,14.479166666666666
924a3b2c-6b4b-49e5-99d3-e9dc3f2e8a48,2,14,6.354166666666667
924a3b2c-6b4b-49e5-99d3-e9dc3f2e8a48,2,15,8.75
924a3b2c-6b4b-49e5-99d3-e9dc3f2e8a48,2,16,11.458333333333334
924a3b2c-6b4b-49e5-99d3-e9dc3f2e8a48,2,17,15.694444444444445
924a3b2c-6b4b-49e5-99d3-e9dc3f2e8a48,2,18,18.229166666666664
924a3b2c-6b4b-49e5-99d3-e9dc3f2e8a48,2,19,20.416666666666668
924a3b2c-6b4b-49e5-99d3-e9dc3f2e8a48,2,20,10.833333333333334
924a3b2c-6b4b-49e5-99d3-e9dc3f2e8a48,2,21,7.5
924a3b2c-6b4b-49e5-99d3-e9dc3f2e8a48,2,22,5.0
924a3b2c-6b4b-49e5-99d3-e9dc3f2e8a48,3,9,5.208333333333333
924a3b2c-6b4b-49e5-99d3-e9dc3f2e8a48,3,10,7.916666666666666
924a3b2c-6b4b-49e5-99d3-e9dc3f2e8a48,3,11,12.708333333333332
924a3b2c-6b4b-49e5-99d3-e9dc3f2e8a48,3,12,12.708333333333334
924a3b2c-6b4b-49e5-99d3-e9dc3f2e8a48,3,13,12.395833333333332
924a3b2c-6b4b-49e5-99d3-e9dc3f2e8a48,3,14,7.083333333333334
924a3b2c-6b4b-49e5-99d3-e9dc3f2e8a48,3,15,11.354166666666666
924a3b2c-6b4b-49e5-99d3-e9dc3f2e8a48,3,16,12.1875
924a3b2c-6b4b-49e5-99d3-e9dc3f2e8a48,3,17,12.604166666666666
924a3b2c-6b4b-49e5-99d3-e9dc3f2e8a48,3,18,13.333333333333334
924a3b2c-6b4b-49e5-99d3-e9dc3f2e8a48,3,19,12.777777777777777
924a3b2c-6b4b-49e5-99d3-e9dc3f2e8a48,3,20,7.777777777777778
924a3b2c-6b4b-49e5-99d3-e9dc3f2e8a48,3,21,5.833333333333333
924a3b2c-6b4b-49e5-99d3-e9dc3f2e8a48,3,22,5.0
924a3b2c-6b4b-49e5-99d3-e9dc3f2e8a48,4,8,5.972222222222222
924a3b2c-6b4b-49e5-99d3-e9dc3f2e8a48,4,9,5.416666666666667
924a3b2c-6b4b-49e5-99d3-e9dc3f2e8a48,4,10,6.041666666666666
924a3b2c-6b4b-49e5-99d3-e9dc3f2e8a48,4,11,6.875
924a3b2c-6b4b-49e5-99d3-e9dc3f2e8a48,4,12,6.458333333333333
924a3b2c-6b4b-49e5-99d3-e9dc3f2e8a48,4,13,6.458333333333333
924a3b2c-6b4b-49e5-99d3-e9dc3f2e8a48,4,14,6.145833333333334
924a3b2c-6b4b-49e5-99d3-e9dc3f2e8a48,4,15,6.278409090909091
924a3b2c-6b4b-49e5-99d3-e9dc3f2e8a48,4,16,6.666666666666667
924a3b2c-6b4b-49e5-99d3-e9dc3f2e8a48,4,17,8.4375
924a3b2c-6b4b-49e5-99d3-e9dc3f2e8a48,5,8,5.0
924a3b2c-6b4b-49e5-99d3-e9dc3f2e8a48,5,9,5.520833333333334
924a3b2c-6b4b-49e5-99d3-e9dc3f2e8a48,5,10,7.916666666666666
924a3b2c-6b4b-49e5-99d3-e9dc3f2e8a48,5,11,10.104166666666666
924a3b2c-6b4b-49e5-99d3-e9dc3f2e8a48,5,12,14.166666666666668
924a3b2c-6b4b-49e5-99d3-e9dc3f2e8a48,5,13,15.833333333333332
924a3b2c-6b4b-49e5-99d3-e9dc3f2e8a48,5,14,10.833333333333334
924a3b2c-6b4b-49e5-99d3-e9dc3f2e8a48,5,15,13.958333333333332
924a3b2c-6b4b-49e5-99d3-e9dc3f2e8a48,5,16,17.976190476190478
924a3b2c-6b4b-49e5-99d3-e9dc3f2e8a48,5,17,16.96428571428571
924a3b2c-6b4b-49e5-99d3-e9dc3f2e8a48,5,18,20.496031746031747
924a3b2c-6b4b-49e5-99d3-e9dc3f2e8a48,5,19,18.229166666666668
924a3b2c-6b4b-49e5-99d3-e9dc3f2e8a48,5,20,12.604166666666668
924a3b2c-6b4b-49e5-99d3-e9dc3f2e8a48,5,21,6.25
924a3b2c-6b4b-49e5-99d3-e9dc3f2e8a48,5,22,5.0
924a3b2c-6b4b-49e5-99d3-e9dc3f2e8a48,6,8,5.0
924a3b2c-6b4b-49e5-99d3-e9dc3f2e8a48,6,9,6.145833333333334
924a3b2c-6b4b-49e5-99d3-e9dc3f2e8a48,6,10,7.708333333333334
924a3b2c-6b4b-49e5-99d3-e9dc3f2e8a48,6,11,7.395833333333334
924a3b2c-6b4b-49e5-99d3-e9dc3f2e8a48,6,12,9.479166666666666
924a3b2c-6b4b-49e5-99d3-e9dc3f2e8a48,6,13,7.916666666666667
924a3b2c-6b4b-49e5-99d3-e9dc3f2e8a48,6,14,8.75
924a3b2c-6b4b-49e5-99d3-e9dc3f2e8a48,6,15,8.333333333333332
924a3b2c-6b4b-49e5-99d3-e9dc3f2e8a48,6,16,8.93939393939394
924a3b2c-6b4b-49e5-99d3-e9dc3f2e8a48,6,17,5.972222222222222
924a3b2c-6b4b-49e5-99d3-e9dc3f2e8a48,6,18,23.125
924a3b2c-6b4b-49e5-99d3-e9dc3f2e8a48,6,19,18.333333333333332
924a3b2c-6b4b-49e5-99d3-e9dc3f2e8a48,6,20,13.75
924a3b2c-6b4b-49e5-99d3-e9dc3f2e8a48,6,21,9.166666666666666
96455de6-f4f1-403c-9391-bf8396979149,0,9,6.09375
96455de6-f4f1-403c-9391-bf8396979149,0,10,10.9375
96455de6-f4f1-403c-9391-bf8396979149,0,11,12.708333333333334
96455de6-f4f1-403c-9391-bf8396979149,0,12,11.145833333333332
96455de6-f4f1-403c-9391-bf8396979149,0,13,7.534722222222222
96455de6-f4f1-403c-9391-bf8396979149,0,14,6.979166666666667
96455de6-f4f1-403c-9391-bf8396979149,0,15,7.916666666666667
96455de6-f4f1-403c-9391-bf8396979149,0,16,5.416666666666667
96455de6-f4f1-403c-9391-bf8396979149,0,17,6.041666666666667
96455de6-f4f1-403c-9391-bf8396979149,0,18,11.666666666666666
96455de6-f4f1-403c-9391-bf8396979149,0,19,6.770833333333334
96455de6-f4f1-403c-9391-bf8396979149,0,20,5.520833333333333
96455de6-f4f1-403c-9391-bf8396979149,0,21,5.0
96455de6-f4f1-403c-9391-bf8396979149,0,22,5.0
96455de6-f4f1-403c-9391-bf8396979149,1,9,5.340909090909091
96455de6-f4f1-403c-9391-bf8396979149,1,10,6.354166666666667
96455de6-f4f1-403c-9391-bf8396979149,1,11,5.645833333333333
96455de6-f4f1-403c-9391-bf8396979149,1,12,5.208333333333333
96455de6-f4f1-403c-9391-bf8396979149,1,13,5.104166666666667
96455de6-f4f1-403c-9391-bf8396979149,1,14,5.0
96455de6-f4f1-403c-9391-bf8396979149,1,15,5.0
96455de6-f4f1-403c-9391-bf8396979149,1,16,5.0
96455de6-f4f1-403c-9391-bf8396979149,1,17,5.0
96455de6-f4f1-403c-9391-bf8396979149,2,9,5.795454545454545
96455de6-f4f1-403c-9391-bf8396979149,2,10,12.395833333333332
96455de6-f4f1-403c-9391-bf8396979149,2,11,16.041666666666664
96455de6-f4f1-403c-9391-bf8396979149,2,12,15.833333333333334
96455de6-f4f1-403c-9391-bf8396979149,2,13,11.145833333333332
96455de6-f4f1-403c-9391-bf8396979149,2,14,7.395833333333333
96455de6-f4f1-403c-9391-bf8396979149,2,15,5.833333333333333
96455de6-f4f1-403c-9391-bf8396979149,2,16,7.916666666666666
96455de6-f4f1-403c-9391-bf8396979149,2,17,13.888888888888891
96455de6-f4f1-403c-9391-bf8396979149,2,18,10.3125
96455de6-f4f1-403c-9391-bf8396979149,2,19,12.638888888888888
96455de6-f4f1-403c-9391-bf8396979149,2,20,7.777777777777778
96455de6-f4f1-403c-9391-bf8396979149,2,21,5.0
96455de6-f4f1-403c-9391-bf8396979149,2,22,5.0
96455de6-f4f1-403c-9391-bf8396979149,3,9,5.0
96455de6-f4f1-403c-9391-bf8396979149,3,10,8.854166666666666
96455de6-f4f1-403c-9391-bf8396979149,3,11,15.625
96455de6-f4f1-403c-9391-bf8396979149,3,12,10.416666666666666
96455de6-f4f1-403c-9391-bf8396979149,3,13,10.520833333333332
96455de6-f4f1-403c-9391-bf8396979149,3,14,9.375
96455de6-f4f1-403c-9391-bf8396979149,3,15,10.416666666666666
96455de6-f4f1-403c-9391-bf8396979149,3,16,7.1875
96455de6-f4f1-403c-9391-bf8396979149,3,17,7.8125
96455de6-f4f1-403c-9391-bf8396979149,3,18,6.666666666666667
96455de6-f4f1-403c-9391-bf8396979149,3,19,7.5
96455de6-f4f1-403c-9391-bf8396979149,3,20,5.0
96455de6-f4f1-403c-9391-bf8396979149,3,21,5.0
96455de6-f4f1-403c-9391-bf8396979149,3,22,5.0
96455de6-f4f1-403c-9391-bf8396979149,4,8,5.0
96455de6-f4f1-403c-9391-bf8396979149,4,9,5.0
96455de6-f4f1-403c-9391-bf8396979149,4,10,5.625
96455de6-f4f1-403c-9391-bf8396979149,4,11,6.25
96455de6-f4f1-403c-9391-bf8396979149,4,12,6.25
96455de6-f4f1-403c-9391-bf8396979149,4,13,6.145833333333334
96455de6-f4f1-403c-9391-bf8396979149,4,14,5.0
96455de6-f4f1-403c-9391-bf8396979149,4,15,5.0
96455de6-f4f1-403c-9391-bf8396979149,4,16,5.0
96455de6-f4f1-403c-9391-bf8396979149,4,17,5.0
96455de6-f4f1-403c-9391-bf8396979149,5,8,5.0
96455de6-f4f1-403c-9391-bf8396979149,5,9,6.174242424242424
96455de6-f4f1-403c-9391-bf8396979149,5,10,10.104166666666666
96455de6-f4f1-403c-9391-bf8396979149,5,11,12.5
96455de6-f4f1-403c-9391-bf8396979149,5,12,15.0
96455de6-f4f1-403c-9391-bf8396979149,5,13,12.5
96455de6-f4f1-403c-9391-bf8396979149,5,14,7.083333333333334
96455de6-f4f1-403c-9391-bf8396979149,5,15,8.125
96455de6-f4f1-403c-9391-bf8396979149,5,16,7.916666666666667
96455de6-f4f1-403c-9391-bf8396979149,5,17,11.944444444444445
96455de6-f4f1-403c-9391-bf8396979149,5,18,11.180555555555555
96455de6-f4f1-403c-9391-bf8396979149,5,19,12.1875
96455de6-f4f1-403c-9391-bf8396979149,5,20,6.25
96455de6-f4f1-403c-9391-bf8396979149,5,21,5.0
96455de6-f4f1-403c-9391-bf8396979149,5,22,5.0
96455de6-f4f1-403c-9391-bf8396979149,6,8,5.0
96455de6-f4f1-403c-9391-bf8396979149,6,9,5.426136363636363
96455de6-f4f1-403c-9391-bf8396979149,6,10,7.8125
96455de6-f4f1-403c-9391-bf8396979149,6,11,9.375
96455de6-f4f1-403c-9391-bf8396979149,6,12,7.5
96455de6-f4f1-403c-9391-bf8396979149,6,13,6.770833333333334
96455de6-f4f1-403c-9391-bf8396979149,6,14,5.0
96455de6-f4f1-403c-9391-bf8396979149,6,15,5.9375
96455de6-f4f1-403c-9391-bf8396979149,6,16,7.5
96455de6-f4f1-403c-9391-bf8396979149,6,17,5.0
96455de6-f4f1-403c-9391-bf8396979149,6,18,9.285714285714286
96455de6-f4f1-403c-9391-bf8396979149,6,19,5.833333333333333
96455de6-f4f1-403c-9391-bf8396979149,6,20,11.666666666666666
96455de6-f4f1-403c-9391-bf8396979149,6,21,5.0
96e71193-49f0-40b2-9bba-644e530d8115,0,11,5.340909090909091
96e71193-49f0-40b2-9bba-644e530d8115,0,12,8.229166666666666
96e71193-49f0-40b2-9bba-644e530d8115,0,13,14.375
96e71193-49f0-40b2-9bba-644e530d8115,0,14,14.583333333333334
96e71193-49f0-40b2-9bba-644e530d8115,0,15,12.083333333333334
96e71193-49f0-40b2-9bba-644e530d8115,0,16,10.555555555555555
96e71193-49f0-40b2-9bba-644e530d8115,0,17,5.0
96e71193-49f0-40b2-9bba-644e530d8115,0,18,6.458333333333334
96e71193-49f0-40b2-9bba-644e530d8115,1,10,5.0
96e71193-49f0-40b2-9bba-644e530d8115,1,11,6.159090909090909
96e71193-49f0-40b2-9bba-644e530d8115,1,12,12.5
96e71193-49f0-40b2-9bba-644e530d8115,1,13,18.020833333333332
96e71193-49f0-40b2-9bba-644e530d8115,1,14,12.777777777777777
96e71193-49f0-40b2-9bba-644e530d8115,1,15,11.719696969696969
96e71193-49f0-40b2-9bba-644e530d8115,1,16,11.25
96e71193-49f0-40b2-9bba-644e530d8115,1,17,7.5
96e71193-49f0-40b2-9bba-644e530d8115,1,18,6.666666666666667
96e71193-49f0-40b2-9bba-644e530d8115,2,10,5.0
96e71193-49f0-40b2-9bba-644e530d8115,2,11,7.083333333333333
96e71193-49f0-40b2-9bba-644e530d8115,2,12,6.354166666666666
96e71193-49f0-40b2-9bba-644e530d8115,2,13,7.708333333333333
96e71193-49f0-40b2-9bba-644e530d8115,2,14,6.111111111111111
96e71193-49f0-40b2-9bba-644e530d8115,2,15,5.0
96e71193-49f0-40b2-9bba-644e530d8115,2,16,7.083333333333333
96e71193-49f0-40b2-9bba-644e530d8115,3,10,5.0
96e71193-49f0-40b2-9bba-644e530d8115,3,11,6.145833333333333
96e71193-49f0-40b2-9bba-644e530d8115,3,12,10.416666666666668
96e71193-49f0-40b2-9bba-644e530d8115,3,13,11.041666666666666
96e71193-49f0-40b2-9bba-644e530d8115,3,14,10.3125
96e71193-49f0-40b2-9bba-644e530d8115,3,15,9.270833333333334
96e71193-49f0-40b2-9bba-644e530d8115,3,16,6.875
96e71193-49f0-40b2-9bba-644e530d8115,4,10,5.2272727272727275
96e71193-49f0-40b2-9bba-644e530d8115,4,11,6.458333333333334
96e71193-49f0-40b2-9bba-644e530d8115,4,12,7.395833333333333
96e71193-49f0-40b2-9bba-644e530d8115,4,13,11.40625
96e71193-49f0-40b2-9bba-644e530d8115,4,14,12.25
96e71193-49f0-40b2-9bba-644e530d8115,4,15,9.479166666666666
96e71193-49f0-40b2-9bba-644e530d8115,4,16,5.0
96e71193-49f0-40b2-9bba-644e530d8115,5,9,5.0
96e71193-49f0-40b2-9bba-644e530d8115,5,10,5.7481060606060606
96e71193-49f0-40b2-9bba-644e530d8115,5,11,8.4375
96e71193-49f0-40b2-9bba-644e530d8115,5,12,11.979166666666668
96e71193-49f0-40b2-9bba-644e530d8115,5,13,13.229166666666666
96e71193-49f0-40b2-9bba-644e530d8115,5,14,13.4375
96e71193-49f0-40b2-9bba-644e530d8115,5,15,10.625
96e71193-49f0-40b2-9bba-644e530d8115,5,16,8.958333333333332
96e71193-49f0-40b2-9bba-644e530d8115,6,9,5.0
96e71193-49f0-40b2-9bba-644e530d8115,6,10,5.0
96e71193-49f0-40b2-9bba-644e530d8115,6,11,7.916666666666667
96e71193-49f0-40b2-9bba-644e530d8115,6,12,14.583333333333332
96e71193-49f0-40b2-9bba-644e530d8115,6,13,11.388888888888888
96e71193-49f0-40b2-9bba-644e530d8115,6,14,10.833333333333334
96e71193-49f0-40b2-9bba-644e530d8115,6,15,12.575757575757576
96e71193-49f0-40b2-9bba-644e530d8115,6,16,10.0
98ac6a78-0320-4949-8824-934d0e73e4e2,2,14,23.522727272727273
98ac6a78-0320-4949-8824-934d0e73e4e2,2,15,34.375
98ac6a78-0320-4949-8824-934d0e73e4e2,2,16,29.583333333333336
98ac6a78-0320-4949-8824-934d0e73e4e2,3,14,12.613636363636363
98ac6a78-0320-4949-8824-934d0e73e4e2,3,15,19.583333333333336
98ac6a78-0320-4949-8824-934d0e73e4e2,3,16,14.895833333333334
98ac6a78-0320-4949-8824-934d0e73e4e2,4,14,7.5
98ac6a78-0320-4949-8824-934d0e73e4e2,4,15,11.145833333333334
98ac6a78-0320-4949-8824-934d0e73e4e2,4,16,10.520833333333334
98ac6a78-0320-4949-8824-934d0e73e4e2,5,14,13.522727272727273
98ac6a78-0320-4949-8824-934d0e73e4e2,5,15,32.083333333333336
98ac6a78-0320-4949-8824-934d0e73e4e2,5,16,24.0625
98ac6a78-0320-4949-8824-934d0e73e4e2,6,14,11.818181818181818
98ac6a78-0320-4949-8824-934d0e73e4e2,6,15,32.39583333333333
98ac6a78-0320-4949-8824-934d0e73e4e2,6,16,22.083333333333332
9d4d5229-7142-44b6-b4fb-528920969a2c,0,9,35.625
9d4d5229-7142-44b6-b4fb-528920969a2c,0,10,38.4375
9d4d5229-7142-44b6-b4fb-528920969a2c,0,11,43.888888888888886
9d4d5229-7142-44b6-b4fb-528920969a2c,0,12,48.479166666666664
9d4d5229-7142-44b6-b4fb-528920969a2c,0,13,44.79166666666667
9d4d5229-7142-44b6-b4fb-528920969a2c,0,14,44.895833333333336
9d4d5229-7142-44b6-b4fb-528920969a2c,0,15,40.55555555555555
9d4d5229-7142-44b6-b4fb-528920969a2c,0,16,40.324074074074076
9d4d5229-7142-44b6-b4fb-528920969a2c,0,17,40.0
9d4d5229-7142-44b6-b4fb-528920969a2c,0,18,47.70833333333333
9d4d5229-7142-44b6-b4fb-528920969a2c,0,19,49.639880952380956
9d4d5229-7142-44b6-b4fb-528920969a2c,0,20,37.77777777777778
9d4d5229-7142-44b6-b4fb-528920969a2c,0,21,27.361111111111114
9d4d5229-7142-44b6-b4fb-528920969a2c,0,22,39.541666666666664
9d4d5229-7142-44b6-b4fb-528920969a2c,1,9,35.520833333333336
9d4d5229-7142-44b6-b4fb-528920969a2c,1,10,34.526515151515156
9d4d5229-7142-44b6-b4fb-528920969a2c,1,11,36.66666666666667
9d4d5229-7142-44b6-b4fb-528920969a2c,1,12,37.39583333333333
9d4d5229-7142-44b6-b4fb-528920969a2c,1,13,32.78409090909091
9d4d5229-7142-44b6-b4fb-528920969a2c,1,14,32.5
9d4d5229-7142-44b6-b4fb-528920969a2c,1,15,28.642045454545453
9d4d5229-7142-44b6-b4fb-528920969a2c,1,16,32.91666666666667
9d4d5229-7142-44b6-b4fb-528920969a2c,1,17,36.6875
9d4d5229-7142-44b6-b4fb-528920969a2c,2,9,41.458333333333336
9d4d5229-7142-44b6-b4fb-528920969a2c,2,10,39.72222222222222
9d4d5229-7142-44b6-b4fb-528920969a2c,2,11,43.83522727272727
9d4d5229-7142-44b6-b4fb-528920969a2c,2,12,48.4375
9d4d5229-7142-44b6-b4fb-528920969a2c,2,13,46.354166666666664
9d4d5229-7142-44b6-b4fb-528920969a2c,2,14,39.58333333333333
9d4d5229-7142-44b6-b4fb-528920969a2c,2,15,40.952380952380956
9d4d5229-7142-44b6-b4fb-528920969a2c,2,16,51.04166666666667
9d4d5229-7142-44b6-b4fb-528920969a2c,2,17,52.916666666666664
9d4d5229-7142-44b6-b4fb-528920969a2c,2,18,51.04166666666667
9d4d5229-7142-44b6-b4fb-528920969a2c,2,19,56.11111111111111
9d4d5229-7142-44b6-b4fb-528920969a2c,2,20,44.86111111111111
9d4d5229-7142-44b6-b4fb-528920969a2c,2,21,28.854166666666668
9d4d5229-7142-44b6-b4fb-528920969a2c,2,22,35.0
9d4d5229-7142-44b6-b4fb-528920969a2c,3,9,35.9375
9d4d5229-7142-44b6-b4fb-528920969a2c,3,10,39.479166666666664
9d4d5229-7142-44b6-b4fb-528920969a2c,3,11,42.916666666666664
9d4d5229-7142-44b6-b4fb-528920969a2c,3,12,44.166666666666664
9d4d5229-7142-44b6-b4fb-528920969a2c,3,13,39.958333333333336
9d4d5229-7142-44b6-b4fb-528920969a2c,3,14,40.3125
9d4d5229-7142-44b6-b4fb-528920969a2c,3,15,41.83333333333333
9d4d5229-7142-44b6-b4fb-528920969a2c,3,16,41.94444444444445
9d4d5229-7142-44b6-b4fb-528920969a2c,3,17,44.65277777777778
9d4d5229-7142-44b6-b4fb-528920969a2c,3,18,50.66919191919192
9d4d5229-7142-44b6-b4fb-528920969a2c,3,19,46.52777777777778
9d4d5229-7142-44b6-b4fb-528920969a2c,3,20,36.388888888888886
9d4d5229-7142-44b6-b4fb-528920969a2c,3,21,33.05555555555556
9d4d5229-7142-44b6-b4fb-528920969a2c,3,22,34.79166666666667
9d4d5229-7142-44b6-b4fb-528920969a2c,4,8,22.833333333333332
9d4d5229-7142-44b6-b4fb-528920969a2c,4,9,30.416666666666664
9d4d5229-7142-44b6-b4fb-528920969a2c,4,10,35.9375
9d4d5229-7142-44b6-b4fb-528920969a2c,4,11,40.72916666666667
9d4d5229-7142-44b6-b4fb-528920969a2c,4,12,38.75
9d4d5229-7142-44b6-b4fb-528920969a2c,4,13,37.42424242424242
9d4d5229-7142-44b6-b4fb-528920969a2c,4,14,37.395833333333336
9d4d5229-7142-44b6-b4fb-528920969a2c,4,15,33.97727272727273
9d4d5229-7142-44b6-b4fb-528920969a2c,4,16,33.47222222222222
9d4d5229-7142-44b6-b4fb-528920969a2c,4,17,39.6875
9d4d5229-7142-44b6-b4fb-528920969a2c,5,8,33.291666666666664
9d4d5229-7142-44b6-b4fb-528920969a2c,5,9,37.708333333333336
9d4d5229-7142-44b6-b4fb-528920969a2c,5,10,43.541666666666664
9d4d5229-7142-44b6-b4fb-528920969a2c,5,11,45.625
9d4d5229-7142-44b6-b4fb-528920969a2c,5,12,47.708333333333336
9d4d5229-7142-44b6-b4fb-528920969a2c,5,13,48.4375
9d4d5229-7142-44b6-b4fb-528920969a2c,5,14,47.08333333333333
9d4d5229-7142-44b6-b4fb-528920969a2c,5,15,51.333333333333336
9d4d5229-7142-44b6-b4fb-528920969a2c,5,16,51.964285714285715
9d4d5229-7142-44b6-b4fb-528920969a2c,5,17,50.8531746031746
9d4d5229-7142-44b6-b4fb-528920969a2c,5,18,59.02777777777777
9d4d5229-7142-44b6-b4fb-528920969a2c,5,19,55.76704545454545
9d4d5229-7142-44b6-b4fb-528920969a2c,5,20,52.5
9d4d5229-7142-44b6-b4fb-528920969a2c,5,21,38.66964285714286
9d4d5229-7142-44b6-b4fb-528920969a2c,5,22,37.20075757575758
9d4d5229-7142-44b6-b4fb-528920969a2c,6,8,31.25
9d4d5229-7142-44b6-b4fb-528920969a2c,6,9,38.02083333333333
9d4d5229-7142-44b6-b4fb-528920969a2c,6,10,38.33333333333333
9d4d5229-7142-44b6-b4fb-528920969a2c,6,11,40.520833333333336
9d4d5229-7142-44b6-b4fb-528920969a2c,6,12,40.83333333333333
9d4d5229-7142-44b6-b4fb-528920969a2c,6,13,40.77840909090909
9d4d5229-7142-44b6-b4fb-528920969a2c,6,14,42.291666666666664
9d4d5229-7142-44b6-b4fb-528920969a2c,6,15,35.69444444444445
9d4d5229-7142-44b6-b4fb-528920969a2c,6,16,44.333333333333336
9d4d5229-7142-44b6-b4fb-528920969a2c,6,17,39.166666666666664
9d4d5229-7142-44b6-b4fb-528920969a2c,6,19,67.5
9d4d5229-7142-44b6-b4fb-528920969a2c,6,20,60.416666666666664
9d4d5229-7142-44b6-b4fb-528920969a2c,6,21,41.25
b1e94e05-b360-4e3f-be8a-2a3744a97f97,0,9,6.458333333333334
b1e94e05-b360-4e3f-be8a-2a3744a97f97,0,10,9.166666666666666
b1e94e05-b360-4e3f-be8a-2a3744a97f97,0,11,6.979166666666667
b1e94e05-b360-4e3f-be8a-2a3744a97f97,0,12,6.145833333333333
b1e94e05-b360-4e3f-be8a-2a3744a97f97,0,13,5.0
b1e94e05-b360-4e3f-be8a-2a3744a97f97,0,14,5.0
b1e94e05-b360-4e3f-be8a-2a3744a97f97,0,15,5.0
b1e94e05-b360-4e3f-be8a-2a3744a97f97,0,16,5.0
b1e94e05-b360-4e3f-be8a-2a3744a97f97,0,17,5.0
b1e94e05-b360-4e3f-be8a-2a3744a97f97,0,18,5.0
b1e94e05-b360-4e3f-be8a-2a3744a97f97,0,19,5.0
b1e94e05-b360-4e3f-be8a-2a3744a97f97,0,20,5.0
b1e94e05-b360-4e3f-be8a-2a3744a97f97,1,9,5.0
b1e94e05-b360-4e3f-be8a-2a3744a97f97,1,10,6.041666666666667
b1e94e05-b360-4e3f-be8a-2a3744a97f97,1,11,9.0625
b1e94e05-b360-4e3f-be8a-2a3744a97f97,1,12,8.854166666666668
b1e94e05-b360-4e3f-be8a-2a3744a97f97,1,13,6.25
b1e94e05-b360-4e3f-be8a-2a3744a97f97,1,14,7.5
b1e94e05-b360-4e3f-be8a-2a3744a97f97,1,15,5.729166666666667
b1e94e05-b360-4e3f-be8a-2a3744a97f97,1,16,5.0
b1e94e05-b360-4e3f-be8a-2a3744a97f97,1,17,5.416666666666667
b1e94e05-b360-4e3f-be8a-2a3744a97f97,1,18,6.25
b1e94e05-b360-4e3f-be8a-2a3744a97f97,1,19,5.555555555555556
b1e94e05-b360-4e3f-be8a-2a3744a97f97,1,20,5.0
b1e94e05-b360-4e3f-be8a-2a3744a97f97,2,9,5.0
b1e94e05-b360-4e3f-be8a-2a3744a97f97,2,10,5.0
b1e94e05-b360-4e3f-be8a-2a3744a97f97,2,11,5.0
b1e94e05-b360-4e3f-be8a-2a3744a97f97,2,12,5.0
b1e94e05-b360-4e3f-be8a-2a3744a97f97,2,13,5.0
b1e94e05-b360-4e3f-be8a-2a3744a97f97,2,14,5.0
b1e94e05-b360-4e3f-be8a-2a3744a97f97,2,15,5.0
b1e94e05-b360-4e3f-be8a-2a3744a97f97,2,16,5.0
b1e94e05-b360-4e3f-be8a-2a3744a97f97,2,17,5.0
b1e94e05-b360-4e3f-be8a-2a3744a97f97,2,18,7.222222222222221
b1e94e05-b360-4e3f-be8a-2a3744a97f97,2,19,5.277777777777778
b1e94e05-b360-4e3f-be8a-2a3744a97f97,2,20,5.0
b1e94e05-b360-4e3f-be8a-2a3744a97f97,3,9,5.0
b1e94e05-b360-4e3f-be8a-2a3744a97f97,3,10,5.0
b1e94e05-b360-4e3f-be8a-2a3744a97f97,3,11,5.0
b1e94e05-b360-4e3f-be8a-2a3744a97f97,3,12,5.0
b1e94e05-b360-4e3f-be8a-2a3744a97f97,3,13,5.0
b1e94e05-b360-4e3f-be8a-2a3744a97f97,3,14,5.3125
b1e94e05-b360-4e3f-be8a-2a3744a97f97,3,15,6.458333333333334
b1e94e05-b360-4e3f-be8a-2a3744a97f97,3,16,6.25
b1e94e05-b360-4e3f-be8a-2a3744a97f97,3,17,6.666666666666667
b1e94e05-b360-4e3f-be8a-2a3744a97f97,3,18,8.229166666666666
b1e94e05-b360-4e3f-be8a-2a3744a97f97,3,19,6.354166666666667
b1e94e05-b360-4e3f-be8a-2a3744a97f97,3,20,5.0
b1e94e05-b360-4e3f-be8a-2a3744a97f97,4,9,5.0
b1e94e05-b360-4e3f-be8a-2a3744a97f97,4,10,5.0
b1e94e05-b360-4e3f-be8a-2a3744a97f97,4,11,5.416666666666667
b1e94e05-b360-4e3f-be8a-2a3744a97f97,4,12,5.104166666666667
b1e94e05-b360-4e3f-be8a-2a3744a97f97,4,13,6.666666666666667
b1e94e05-b360-4e3f-be8a-2a3744a97f97,4,14,5.104166666666667
b1e94e05-b360-4e3f-be8a-2a3744a97f97,4,15,6.25
b1e94e05-b360-4e3f-be8a-2a3744a97f97,4,16,6.25
b1e94e05-b360-4e3f-be8a-2a3744a97f97,4,17,9.791666666666666
b1e94e05-b360-4e3f-be8a-2a3744a97f97,4,18,11.041666666666666
b1e94e05-b360-4e3f-be8a-2a3744a97f97,4,19,11.25
b1e94e05-b360-4e3f-be8a-2a3744a97f97,4,20,6.666666666666667
b1e94e05-b360-4e3f-be8a-2a3744a97f97,5,9,5.0
b1e94e05-b360-4e3f-be8a-2a3744a97f97,5,10,5.0
b1e94e05-b360-4e3f-be8a-2a3744a97f97,5,11,6.979166666666667
b1e94e05-b360-4e3f-be8a-2a3744a97f97,5,12,7.604166666666667
b1e94e05-b360-4e3f-be8a-2a3744a97f97,5,13,6.145833333333334
b1e94e05-b360-4e3f-be8a-2a3744a97f97,5,14,9.0625
b1e94e05-b360-4e3f-be8a-2a3744a97f97,5,15,8.88888888888889
b1e94e05-b360-4e3f-be8a-2a3744a97f97,5,16,10.4375
b1e94e05-b360-4e3f-be8a-2a3744a97f97,5,17,13.472222222222221
b1e94e05-b360-4e3f-be8a-2a3744a97f97,5,18,25.902777777777782
b1e94e05-b360-4e3f-be8a-2a3744a97f97,5,19,15.833333333333334
b1e94e05-b360-4e3f-be8a-2a3744a97f97,5,20,12.708333333333332
b1e94e05-b360-4e3f-be8a-2a3744a97f97,6,9,5.0
b1e94e05-b360-4e3f-be8a-2a3744a97f97,6,10,5.9375
b1e94e05-b360-4e3f-be8a-2a3744a97f97,6,11,6.458333333333334
b1e94e05-b360-4e3f-be8a-2a3744a97f97,6,12,8.854166666666666
b1e94e05-b360-4e3f-be8a-2a3744a97f97,6,13,9.444444444444445
b1e94e05-b360-4e3f-be8a-2a3744a97f97,6,14,8.472222222222221
b1e94e05-b360-4e3f-be8a-2a3744a97f97,6,15,6.458333333333334
b1e94e05-b360-4e3f-be8a-2a3744a97f97,6,16,10.555555555555555
b1e94e05-b360-4e3f-be8a-2a3744a97f97,6,17,7.666666666666667
b1e94e05-b360-4e3f-be8a-2a3744a97f97,6,18,8.125
b1e94e05-b360-4e3f-be8a-2a3744a97f97,6,19,7.1875
b1e94e05-b360-4e3f-be8a-2a3744a97f97,6,20,6.428571428571429
b2260923-9315-40fd-9c6b-44dd811dbe64,0,9,24.444444444444443
b2260923-9315-40fd-9c6b-44dd811dbe64,0,10,22.93154761904762
b2260923-9315-40fd-9c6b-44dd811dbe64,0,11,33.85416666666667
b2260923-9315-40fd-9c6b-44dd811dbe64,0,12,34.791666666666664
b2260923-9315-40fd-9c6b-44dd811dbe64,0,13,31.458333333333336
b2260923-9315-40fd-9c6b-44dd811dbe64,0,14,25.104166666666668
b2260923-9315-40fd-9c6b-44dd811dbe64,0,15,30.9375
b2260923-9315-40fd-9c6b-44dd811dbe64,0,16,27.5
b2260923-9315-40fd-9c6b-44dd811dbe64,0,17,27.8125
b2260923-9315-40fd-9c6b-44dd811dbe64,0,18,26.458333333333336
b2260923-9315-40fd-9c6b-44dd811dbe64,0,19,25.520833333333332
b2260923-9315-40fd-9c6b-44dd811dbe64,0,20,19.6875
b2260923-9315-40fd-9c6b-44dd811dbe64,0,21,12.604166666666668
b2260923-9315-40fd-9c6b-44dd811dbe64,0,22,21.041666666666668
b2260923-9315-40fd-9c6b-44dd811dbe64,1,9,15.3125
b2260923-9315-40fd-9c6b-44dd811dbe64,1,10,9.145833333333334
b2260923-9315-40fd-9c6b-44dd811dbe64,1,11,10.972222222222221
b2260923-9315-40fd-9c6b-44dd811dbe64,1,12,9.791666666666666
b2260923-9315-40fd-9c6b-44dd811dbe64,1,13,9.270833333333332
b2260923-9315-40fd-9c6b-44dd811dbe64,1,14,6.354166666666667
b2260923-9315-40fd-9c6b-44dd811dbe64,1,15,6.875
b2260923-9315-40fd-9c6b-44dd811dbe64,1,16,8.958333333333334
b2260923-9315-40fd-9c6b-44dd811dbe64,1,17,19.166666666666668
b2260923-9315-40fd-9c6b-44dd811dbe64,2,9,17.916666666666664
b2260923-9315-40fd-9c6b-44dd811dbe64,2,10,23.125
b2260923-9315-40fd-9c6b-44dd811dbe64,2,11,31.25
b2260923-9315-40fd-9c6b-44dd811dbe64,2,12,35.416666666666664
b2260923-9315-40fd-9c6b-44dd811dbe64,2,13,29.791666666666668
b2260923-9315-40fd-9c6b-44dd811dbe64,2,14,22.604166666666664
b2260923-9315-40fd-9c6b-44dd811dbe64,2,15,27.083333333333332
b2260923-9315-40fd-9c6b-44dd811dbe64,2,16,25.833333333333336
b2260923-9315-40fd-9c6b-44dd811dbe64,2,17,22.395833333333336
b2260923-9315-40fd-9c6b-44dd811dbe64,2,18,23.4375
b2260923-9315-40fd-9c6b-44dd811dbe64,2,19,30.0
b2260923-9315-40fd-9c6b-44dd811dbe64,2,20,15.138888888888888
b2260923-9315-40fd-9c6b-44dd811dbe64,2,21,10.694444444444445
b2260923-9315-40fd-9c6b-44dd811dbe64,2,22,27.5
b2260923-9315-40fd-9c6b-44dd811dbe64,3,9,14.270833333333334
b2260923-9315-40fd-9c6b-44dd811dbe64,3,10,19.479166666666668
b2260923-9315-40fd-9c6b-44dd811dbe64,3,11,25.5625
b2260923-9315-40fd-9c6b-44dd811dbe64,3,12,27.8125
b2260923-9315-40fd-9c6b-44dd811dbe64,3,13,25.3125
b2260923-9315-40fd-9c6b-44dd811dbe64,3,14,22.1875
b2260923-9315-40fd-9c6b-44dd811dbe64,3,15,20.0
b2260923-9315-40fd-9c6b-44dd811dbe64,3,16,27.083333333333332
b2260923-9315-40fd-9c6b-44dd811dbe64,3,17,19.583333333333332
b2260923-9315-40fd-9c6b-44dd811dbe64,3,18,22.083333333333332
b2260923-9315-40fd-9c6b-44dd811dbe64,3,19,29.166666666666668
b2260923-9315-40fd-9c6b-44dd811dbe64,3,20,18.333333333333332
b2260923-9315-40fd-9c6b-44dd811dbe64,3,21,17.916666666666668
b2260923-9315-40fd-9c6b-44dd811dbe64,3,22,26.875
b2260923-9315-40fd-9c6b-44dd811dbe64,4,8,7.5
b2260923-9315-40fd-9c6b-44dd811dbe64,4,9,9.6875
b2260923-9315-40fd-9c6b-44dd811dbe64,4,10,14.6875
b2260923-9315-40fd-9c6b-44dd811dbe64,4,11,17.604166666666664
b2260923-9315-40fd-9c6b-44dd811dbe64,4,12,18.020833333333336
b2260923-9315-40fd-9c6b-44dd811dbe64,4,13,15.104166666666666
b2260923-9315-40fd-9c6b-44dd811dbe64,4,14,11.354166666666668
b2260923-9315-40fd-9c6b-44dd811dbe64,4,15,10.9375
b2260923-9315-40fd-9c6b-44dd811dbe64,4,16,15.133928571428571
b2260923-9315-40fd-9c6b-44dd811dbe64,4,17,22.916666666666668
b2260923-9315-40fd-9c6b-44dd811dbe64,5,8,11.25
b2260923-9315-40fd-9c6b-44dd811dbe64,5,9,20.416666666666668
b2260923-9315-40fd-9c6b-44dd811dbe64,5,10,32.70833333333333
b2260923-9315-40fd-9c6b-44dd811dbe64,5,11,37.91666666666667
b2260923-9315-40fd-9c6b-44dd811dbe64,5,12,43.15340909090909
b2260923-9315-40fd-9c6b-44dd811dbe64,5,13,42.916666666666664
b2260923-9315-40fd-9c6b-44dd811dbe64,5,14,32.63888888888889
b2260923-9315-40fd-9c6b-44dd811dbe64,5,15,39.583333333333336
b2260923-9315-40fd-9c6b-44dd811dbe64,5,16,50.208333333333336
b2260923-9315-40fd-9c6b-44dd811dbe64,5,17,49.55492424242425
b2260923-9315-40fd-9c6b-44dd811dbe64,5,18,49.46969696969697
b2260923-9315-40fd-9c6b-44dd811dbe64,5,19,47.8125
b2260923-9315-40fd-9c6b-44dd811dbe64,5,20,40.10416666666667
b2260923-9315-40fd-9c6b-44dd811dbe64,5,21,27.083333333333332
b2260923-9315-40fd-9c6b-44dd811dbe64,5,22,19.583333333333332
b2260923-9315-40fd-9c6b-44dd811dbe64,6,8,11.25
b2260923-9315-40fd-9c6b-44dd811dbe64,6,9,16.25
b2260923-9315-40fd-9c6b-44dd811dbe64,6,10,17.1875
b2260923-9315-40fd-9c6b-44dd811dbe64,6,11,26.5625
b2260923-9315-40fd-9c6b-44dd811dbe64,6,12,24.6875
b2260923-9315-40fd-9c6b-44dd811dbe64,6,13,24.54861111111111
b2260923-9315-40fd-9c6b-44dd811dbe64,6,14,21.458333333333332
b2260923-9315-40fd-9c6b-44dd811dbe64,6,15,19.6875
b2260923-9315-40fd-9c6b-44dd811dbe64,6,16,25.0
b2260923-9315-40fd-9c6b-44dd811dbe64,6,17,31.979166666666664
b2260923-9315-40fd-9c6b-44dd811dbe64,6,18,49.166666666666664
b2260923-9315-40fd-9c6b-44dd811dbe64,6,19,50.0
b2260923-9315-40fd-9c6b-44dd811dbe64,6,20,46.666666666666664
b2260923-9315-40fd-9c6b-44dd811dbe64,6,21,27.916666666666668
b4445a1c-4d5c-4fca-a04a-f8867f1b6619,0,10,5.0
b4445a1c-4d5c-4fca-a04a-f8867f1b6619,0,11,5.0
b4445a1c-4d5c-4fca-a04a-f8867f1b6619,0,12,5.0
b4445a1c-4d5c-4fca-a04a-f8867f1b6619,0,13,5.0
b4445a1c-4d5c-4fca-a04a-f8867f1b6619,0,14,7.222222222222221
b4445a1c-4d5c-4fca-a04a-f8867f1b6619,0,15,8.333333333333334
b4445a1c-4d5c-4fca-a04a-f8867f1b6619,0,16,8.333333333333334
b4445a1c-4d5c-4fca-a04a-f8867f1b6619,0,17,8.333333333333332
b4445a1c-4d5c-4fca-a04a-f8867f1b6619,0,18,5.0
b4445a1c-4d5c-4fca-a04a-f8867f1b6619,0,19,5.0
b4445a1c-4d5c-4fca-a04a-f8867f1b6619,1,10,7.222222222222222
b4445a1c-4d5c-4fca-a04a-f8867f1b6619,1,11,8.75
b4445a1c-4d5c-4fca-a04a-f8867f1b6619,1,12,8.75
b4445a1c-4d5c-4fca-a04a-f8867f1b6619,1,13,9.895833333333334
b4445a1c-4d5c-4fca-a04a-f8867f1b6619,1,14,12.5
b4445a1c-4d5c-4fca-a04a-f8867f1b6619,1,15,8.854166666666666
b4445a1c-4d5c-4fca-a04a-f8867f1b6619,1,16,7.361111111111112
b4445a1c-4d5c-4fca-a04a-f8867f1b6619,1,17,5.833333333333334
b4445a1c-4d5c-4fca-a04a-f8867f1b6619,1,18,5.0
b4445a1c-4d5c-4fca-a04a-f8867f1b6619,1,19,5.0
b4445a1c-4d5c-4fca-a04a-f8867f1b6619,2,10,6.25
b4445a1c-4d5c-4fca-a04a-f8867f1b6619,2,11,6.25
b4445a1c-4d5c-4fca-a04a-f8867f1b6619,2,12,7.291666666666666
b4445a1c-4d5c-4fca-a04a-f8867f1b6619,2,13,7.5
b4445a1c-4d5c-4fca-a04a-f8867f1b6619,2,14,7.5
b4445a1c-4d5c-4fca-a04a-f8867f1b6619,2,15,7.361111111111111
b4445a1c-4d5c-4fca-a04a-f8867f1b6619,2,16,7.5
b4445a1c-4d5c-4fca-a04a-f8867f1b6619,2,17,6.666666666666667
b4445a1c-4d5c-4fca-a04a-f8867f1b6619,2,18,5.0
b4445a1c-4d5c-4fca-a04a-f8867f1b6619,3,10,5.0
b4445a1c-4d5c-4fca-a04a-f8867f1b6619,3,11,5.0
b4445a1c-4d5c-4fca-a04a-f8867f1b6619,3,12,5.0
b4445a1c-4d5c-4fca-a04a-f8867f1b6619,3,13,5.0
b4445a1c-4d5c-4fca-a04a-f8867f1b6619,3,14,5.0
b4445a1c-4d5c-4fca-a04a-f8867f1b6619,3,15,5.0
b4445a1c-4d5c-4fca-a04a-f8867f1b6619,3,16,5.0
b4445a1c-4d5c-4fca-a04a-f8867f1b6619,3,17,5.0
b4445a1c-4d5c-4fca-a04a-f8867f1b6619,3,18,5.0
b4445a1c-4d5c-4fca-a04a-f8867f1b6619,3,19,5.0
b4445a1c-4d5c-4fca-a04a-f8867f1b6619,4,10,5.0
b4445a1c-4d5c-4fca-a04a-f8867f1b6619,4,11,5.0
b4445a1c-4d5c-4fca-a04a-f8867f1b6619,4,12,5.0
b4445a1c-4d5c-4fca-a04a-f8867f1b6619,4,13,5.0
b4445a1c-4d5c-4fca-a04a-f8867f1b6619,4,14,7.0
b4445a1c-4d5c-4fca-a04a-f8867f1b6619,4,15,9.333333333333334
b4445a1c-4d5c-4fca-a04a-f8867f1b6619,4,16,9.772727272727273
b4445a1c-4d5c-4fca-a04a-f8867f1b6619,4,17,7.222222222222221
b4445a1c-4d5c-4fca-a04a-f8867f1b6619,4,18,5.0
b4445a1c-4d5c-4fca-a04a-f8867f1b6619,4,19,5.0
b4445a1c-4d5c-4fca-a04a-f8867f1b6619,5,10,5.0
b4445a1c-4d5c-4fca-a04a-f8867f1b6619,5,11,5.0
b4445a1c-4d5c-4fca-a04a-f8867f1b6619,5,12,5.0
b4445a1c-4d5c-4fca-a04a-f8867f1b6619,5,13,6.9375
b4445a1c-4d5c-4fca-a04a-f8867f1b6619,5,14,10.0
b4445a1c-4d5c-4fca-a04a-f8867f1b6619,5,15,11.041666666666666
b4445a1c-4d5c-4fca-a04a-f8867f1b6619,5,16,15.138888888888888
b4445a1c-4d5c-4fca-a04a-f8867f1b6619,5,17,10.0
b4445a1c-4d5c-4fca-a04a-f8867f1b6619,5,18,12.5
b4445a1c-4d5c-4fca-a04a-f8867f1b6619,5,19,10.0
b4445a1c-4d5c-4fca-a04a-f8867f1b6619,6,10,9.545454545454545
b4445a1c-4d5c-4fca-a04a-f8867f1b6619,6,11,10.13888888888889
b4445a1c-4d5c-4fca-a04a-f8867f1b6619,6,12,10.0
b4445a1c-4d5c-4fca-a04a-f8867f1b6619,6,13,12.5
b4445a1c-4d5c-4fca-a04a-f8867f1b6619,6,14,16.38888888888889
b4445a1c-4d5c-4fca-a04a-f8867f1b6619,6,15,11.944444444444443
b4445a1c-4d5c-4fca-a04a-f8867f1b6619,6,16,13.333333333333334
b4445a1c-4d5c-4fca-a04a-f8867f1b6619,6,17,6.666666666666667
b4445a1c-4d5c-4fca-a04a-f8867f1b6619,6,18,5.0
b4445a1c-4d5c-4fca-a04a-f8867f1b6619,6,19,7.5
b694d5a5-155e-4796-af7e-5dbdcf3deba4,0,9,5.0
b694d5a5-155e-4796-af7e-5dbdcf3deba4,0,10,5.0
b694d5a5-155e-4796-af7e-5dbdcf3deba4,0,11,5.0
b694d5a5-155e-4796-af7e-5dbdcf3deba4,0,12,5.0
b694d5a5-155e-4796-af7e-5dbdcf3deba4,0,13,5.0
b694d5a5-155e-4796-af7e-5dbdcf3deba4,0,14,5.0
b694d5a5-155e-4796-af7e-5dbdcf3deba4,0,15,5.0
b694d5a5-155e-4796-af7e-5dbdcf3deba4,0,16,5.0
b694d5a5-155e-4796-af7e-5dbdcf3deba4,0,17,5.208333333333333
b694d5a5-155e-4796-af7e-5dbdcf3deba4,0,18,5.0
b694d5a5-155e-4796-af7e-5dbdcf3deba4,0,19,5.0
b694d5a5-155e-4796-af7e-5dbdcf3deba4,1,9,5.0
b694d5a5-155e-4796-af7e-5dbdcf3deba4,1,10,5.0
b694d5a5-155e-4796-af7e-5dbdcf3deba4,1,11,5.0
b694d5a5-155e-4796-af7e-5dbdcf3deba4,1,12,5.0
b694d5a5-155e-4796-af7e-5dbdcf3deba4,1,13,5.0
b694d5a5-155e-4796-af7e-5dbdcf3deba4,1,14,5.0
b694d5a5-155e-4796-af7e-5dbdcf3deba4,1,15,5.0
b694d5a5-155e-4796-af7e-5dbdcf3deba4,1,16,5.0
b694d5a5-155e-4796-af7e-5dbdcf3deba4,1,17,5.0
b694d5a5-155e-4796-af7e-5dbdcf3deba4,1,18,5.0
b694d5a5-155e-4796-af7e-5dbdcf3deba4,1,19,5.0
b694d5a5-155e-4796-af7e-5dbdcf3deba4,2,9,5.0
b694d5a5-155e-4796-af7e-5dbdcf3deba4,2,10,5.3125
b694d5a5-155e-4796-af7e-5dbdcf3deba4,2,11,6.25
b694d5a5-155e-4796-af7e-5dbdcf3deba4,2,12,5.104166666666667
b694d5a5-155e-4796-af7e-5dbdcf3deba4,2,13,5.0
b694d5a5-155e-4796-af7e-5dbdcf3deba4,2,14,5.0
b694d5a5-155e-4796-af7e-5dbdcf3deba4,2,15,5.0
b694d5a5-155e-4796-af7e-5dbdcf3deba4,2,16,5.0
b694d5a5-155e-4796-af7e-5dbdcf3deba4,2,17,5.0
b694d5a5-155e-4796-af7e-5dbdcf3deba4,2,18,5.0
b694d5a5-155e-4796-af7e-5dbdcf3deba4,2,19,5.0
b694d5a5-155e-4796-af7e-5dbdcf3deba4,3,9,5.0
b694d5a5-155e-4796-af7e-5dbdcf3deba4,3,10,5.0
b694d5a5-155e-4796-af7e-5dbdcf3deba4,3,11,5.0
b694d5a5-155e-4796-af7e-5dbdcf3deba4,3,12,5.0
b694d5a5-155e-4796-af7e-5dbdcf3deba4,3,13,5.0
b694d5a5-155e-4796-af7e-5dbdcf3deba4,3,14,5.0
b694d5a5-155e-4796-af7e-5dbdcf3deba4,3,15,5.0
b694d5a5-155e-4796-af7e-5dbdcf3deba4,3,16,5.0
b694d5a5-155e-4796-af7e-5dbdcf3deba4,3,17,5.0
b694d5a5-155e-4796-af7e-5dbdcf3deba4,3,18,5.0
b694d5a5-155e-4796-af7e-5dbdcf3deba4,3,19,5.0
b694d5a5-155e-4796-af7e-5dbdcf3deba4,4,9,5.0
b694d5a5-155e-4796-af7e-5dbdcf3deba4,4,10,5.0
b694d5a5-155e-4796-af7e-5dbdcf3deba4,4,11,5.0
b694d5a5-155e-4796-af7e-5dbdcf3deba4,4,12,5.0
b694d5a5-155e-4796-af7e-5dbdcf3deba4,4,13,5.0
b694d5a5-155e-4796-af7e-5dbdcf3deba4,4,14,5.0
b694d5a5-155e-4796-af7e-5dbdcf3deba4,4,15,5.0
b694d5a5-155e-4796-af7e-5dbdcf3deba4,4,16,5.0
b694d5a5-155e-4796-af7e-5dbdcf3deba4,4,17,5.0
b694d5a5-155e-4796-af7e-5dbdcf3deba4,4,18,5.104166666666667
b694d5a5-155e-4796-af7e-5dbdcf3deba4,4,19,5.0
b694d5a5-155e-4796-af7e-5dbdcf3deba4,5,9,5.0
b694d5a5-155e-4796-af7e-5dbdcf3deba4,5,10,5.0
b694d5a5-155e-4796-af7e-5dbdcf3deba4,5,11,5.0
b694d5a5-155e-4796-af7e-5dbdcf3deba4,5,12,5.0
b694d5a5-155e-4796-af7e-5dbdcf3deba4,5,13,5.0
b694d5a5-155e-4796-af7e-5dbdcf3deba4,5,14,5.0
b694d5a5-155e-4796-af7e-5dbdcf3deba4,5,15,5.520833333333333
b694d5a5-155e-4796-af7e-5dbdcf3deba4,5,16,5.520833333333333
b694d5a5-155e-4796-af7e-5dbdcf3deba4,5,17,8.541666666666666
b694d5a5-155e-4796-af7e-5dbdcf3deba4,5,18,8.4375
b694d5a5-155e-4796-af7e-5dbdcf3deba4,5,19,8.333333333333332
b694d5a5-155e-4796-af7e-5dbdcf3deba4,6,9,5.0
b694d5a5-155e-4796-af7e-5dbdcf3deba4,6,10,5.0
b694d5a5-155e-4796-af7e-5dbdcf3deba4,6,11,5.0
b694d5a5-155e-4796-af7e-5dbdcf3deba4,6,12,5.0
b694d5a5-155e-4796-af7e-5dbdcf3deba4,6,13,5.416666666666667
b694d5a5-155e-4796-af7e-5dbdcf3deba4,6,14,5.0
b694d5a5-155e-4796-af7e-5dbdcf3deba4,6,15,5.208333333333333
b694d5a5-155e-4796-af7e-5dbdcf3deba4,6,16,6.5625
b694d5a5-155e-4796-af7e-5dbdcf3deba4,6,17,7.1875
b694d5a5-155e-4796-af7e-5dbdcf3deba4,6,18,8.854166666666668
b694d5a5-155e-4796-af7e-5dbdcf3deba4,6,19,8.333333333333334
b73e3256-9ee0-439e-9a3b-ffed287e10bb,0,9,5.729166666666667
b73e3256-9ee0-439e-9a3b-ffed287e10bb,0,10,11.354166666666666
b73e3256-9ee0-439e-9a3b-ffed287e10bb,0,11,9.916666666666666
b73e3256-9ee0-439e-9a3b-ffed287e10bb,0,12,9.104166666666668
b73e3256-9ee0-439e-9a3b-ffed287e10bb,0,13,11.291666666666666
b73e3256-9ee0-439e-9a3b-ffed287e10bb,0,14,7.5
b73e3256-9ee0-439e-9a3b-ffed287e10bb,0,15,6.666666666666667
b73e3256-9ee0-439e-9a3b-ffed287e10bb,0,16,6.666666666666667
b73e3256-9ee0-439e-9a3b-ffed287e10bb,0,17,5.0
b73e3256-9ee0-439e-9a3b-ffed287e10bb,0,18,5.0
b73e3256-9ee0-439e-9a3b-ffed287e10bb,0,19,9.821428571428571
b73e3256-9ee0-439e-9a3b-ffed287e10bb,0,20,7.5
b73e3256-9ee0-439e-9a3b-ffed287e10bb,1,9,5.0
b73e3256-9ee0-439e-9a3b-ffed287e10bb,1,10,11.875
b73e3256-9ee0-439e-9a3b-ffed287e10bb,1,11,13.020833333333334
b73e3256-9ee0-439e-9a3b-ffed287e10bb,1,12,13.541666666666668
b73e3256-9ee0-439e-9a3b-ffed287e10bb,1,13,7.916666666666666
b73e3256-9ee0-439e-9a3b-ffed287e10bb,1,14,9.166666666666668
b73e3256-9ee0-439e-9a3b-ffed287e10bb,1,15,12.395833333333334
b73e3256-9ee0-439e-9a3b-ffed287e10bb,1,16,14.861111111111112
b73e3256-9ee0-439e-9a3b-ffed287e10bb,1,17,13.125
b73e3256-9ee0-439e-9a3b-ffed287e10bb,1,18,8.541666666666666
b73e3256-9ee0-439e-9a3b-ffed287e10bb,1,19,6.666666666666667
b73e3256-9ee0-439e-9a3b-ffed287e10bb,1,20,5.0
b73e3256-9ee0-439e-9a3b-ffed287e10bb,2,9,5.0
b73e3256-9ee0-439e-9a3b-ffed287e10bb,2,10,5.0
b73e3256-9ee0-439e-9a3b-ffed287e10bb,2,11,5.104166666666667
b73e3256-9ee0-439e-9a3b-ffed287e10bb,2,12,5.0
b73e3256-9ee0-439e-9a3b-ffed287e10bb,2,13,5.0
b73e3256-9ee0-439e-9a3b-ffed287e10bb,2,14,5.0
b73e3256-9ee0-439e-9a3b-ffed287e10bb,2,15,5.0
b73e3256-9ee0-439e-9a3b-ffed287e10bb,2,16,7.916666666666667
b73e3256-9ee0-439e-9a3b-ffed287e10bb,2,17,11.527777777777777
b73e3256-9ee0-439e-9a3b-ffed287e10bb,2,18,17.626262626262626
b73e3256-9ee0-439e-9a3b-ffed287e10bb,2,19,10.833333333333332
b73e3256-9ee0-439e-9a3b-ffed287e10bb,2,20,6.0
b73e3256-9ee0-439e-9a3b-ffed287e10bb,3,9,5.0
b73e3256-9ee0-439e-9a3b-ffed287e10bb,3,10,5.0
b73e3256-9ee0-439e-9a3b-ffed287e10bb,3,11,5.3125
b73e3256-9ee0-439e-9a3b-ffed287e10bb,3,12,5.0
b73e3256-9ee0-439e-9a3b-ffed287e10bb,3,13,7.083333333333334
b73e3256-9ee0-439e-9a3b-ffed287e10bb,3,14,5.0
b73e3256-9ee0-439e-9a3b-ffed287e10bb,3,15,9.166666666666666
b73e3256-9ee0-439e-9a3b-ffed287e10bb,3,16,7.916666666666666
b73e3256-9ee0-439e-9a3b-ffed287e10bb,3,17,14.166666666666668
b73e3256-9ee0-439e-9a3b-ffed287e10bb,3,18,18.125
b73e3256-9ee0-439e-9a3b-ffed287e10bb,3,19,16.59722222222222
b73e3256-9ee0-439e-9a3b-ffed287e10bb,3,20,15.0
b73e3256-9ee0-439e-9a3b-ffed287e10bb,4,9,5.0
b73e3256-9ee0-439e-9a3b-ffed287e10bb,4,10,5.15625
b73e3256-9ee0-439e-9a3b-ffed287e10bb,4,11,8.125
b73e3256-9ee0-439e-9a3b-ffed287e10bb,4,12,9.166666666666666
b73e3256-9ee0-439e-9a3b-ffed287e10bb,4,13,7.291666666666666
b73e3256-9ee0-439e-9a3b-ffed287e10bb,4,14,7.291666666666666
b73e3256-9ee0-439e-9a3b-ffed287e10bb,4,15,7.291666666666666
b73e3256-9ee0-439e-9a3b-ffed287e10bb,4,16,13.541666666666666
b73e3256-9ee0-439e-9a3b-ffed287e10bb,4,17,21.805555555555557
b73e3256-9ee0-439e-9a3b-ffed287e10bb,4,18,21.354166666666668
b73e3256-9ee0-439e-9a3b-ffed287e10bb,4,19,18.020833333333336
b73e3256-9ee0-439e-9a3b-ffed287e10bb,4,20,9.583333333333334
b73e3256-9ee0-439e-9a3b-ffed287e10bb,5,9,5.0
b73e3256-9ee0-439e-9a3b-ffed287e10bb,5,10,5.0
b73e3256-9ee0-439e-9a3b-ffed287e10bb,5,11,9.6875
b73e3256-9ee0-439e-9a3b-ffed287e10bb,5,12,12.083333333333334
b73e3256-9ee0-439e-9a3b-ffed287e10bb,5,13,11.041666666666668
b73e3256-9ee0-439e-9a3b-ffed287e10bb,5,14,12.1875
b73e3256-9ee0-439e-9a3b-ffed287e10bb,5,15,13.75
b73e3256-9ee0-439e-9a3b-ffed287e10bb,5,16,18.71527777777778
b73e3256-9ee0-439e-9a3b-ffed287e10bb,5,17,27.133838383838384
b73e3256-9ee0-439e-9a3b-ffed287e10bb,5,18,31.805555555555557
b73e3256-9ee0-439e-9a3b-ffed287e10bb,5,19,29.166666666666668
b73e3256-9ee0-439e-9a3b-ffed287e10bb,5,20,20.625
b73e3256-9ee0-439e-9a3b-ffed287e10bb,6,9,5.0
b73e3256-9ee0-439e-9a3b-ffed287e10bb,6,10,6.354166666666667
b73e3256-9ee0-439e-9a3b-ffed287e10bb,6,11,7.1875
b73e3256-9ee0-439e-9a3b-ffed287e10bb,6,12,14.895833333333332
b73e3256-9ee0-439e-9a3b-ffed287e10bb,6,13,11.805555555555557
b73e3256-9ee0-439e-9a3b-ffed287e10bb,6,14,10.0
b73e3256-9ee0-439e-9a3b-ffed287e10bb,6,15,9.761904761904761
b73e3256-9ee0-439e-9a3b-ffed287e10bb,6,16,21.944444444444446
b73e3256-9ee0-439e-9a3b-ffed287e10bb,6,17,17.5
b73e3256-9ee0-439e-9a3b-ffed287e10bb,6,18,10.833333333333334
b73e3256-9ee0-439e-9a3b-ffed287e10bb,6,19,16.875
b73e3256-9ee0-439e-9a3b-ffed287e10bb,6,20,21.25
c6b1b8cf-55ef-416c-b00d-e469993617b0,0,10,27.083333333333332
c6b1b8cf-55ef-416c-b00d-e469993617b0,0,11,50.555555555555564
c6b1b8cf-55ef-416c-b00d-e469993617b0,0,12,45.42045454545455
c6b1b8cf-55ef-416c-b00d-e469993617b0,0,13,44.6875
c6b1b8cf-55ef-416c-b00d-e469993617b0,0,14,41.94444444444445
c6b1b8cf-55ef-416c-b00d-e469993617b0,0,15,34.166666666666664
c6b1b8cf-55ef-416c-b00d-e469993617b0,0,16,30.694444444444446
c6b1b8cf-55ef-416c-b00d-e469993617b0,0,17,27.40079365079365
c6b1b8cf-55ef-416c-b00d-e469993617b0,0,18,22.083333333333332
c6b1b8cf-55ef-416c-b00d-e469993617b0,0,19,25.833333333333336
c6b1b8cf-55ef-416c-b00d-e469993617b0,0,20,10.833333333333334
c6b1b8cf-55ef-416c-b00d-e469993617b0,1,10,24.65277777777778
c6b1b8cf-55ef-416c-b00d-e469993617b0,1,11,41.53409090909091
c6b1b8cf-55ef-416c-b00d-e469993617b0,1,12,44.933712121212125
c6b1b8cf-55ef-416c-b00d-e469993617b0,1,13,41.5625
c6b1b8cf-55ef-416c-b00d-e469993617b0,1,14,27.777777777777775
c6b1b8cf-55ef-416c-b00d-e469993617b0,1,15,27.77777777777778
c6b1b8cf-55ef-416c-b00d-e469993617b0,1,16,28.055555555555557
c6b1b8cf-55ef-416c-b00d-e469993617b0,1,17,28.75
c6b1b8cf-55ef-416c-b00d-e469993617b0,1,18,23.055555555555557
c6b1b8cf-55ef-416c-b00d-e469993617b0,1,19,17.708333333333336
c6b1b8cf-55ef-416c-b00d-e469993617b0,2,10,18.104166666666668
c6b1b8cf-55ef-416c-b00d-e469993617b0,2,11,33.31845238095238
c6b1b8cf-55ef-416c-b00d-e469993617b0,2,12,29.027777777777782
c6b1b8cf-55ef-416c-b00d-e469993617b0,2,13,24.065656565656564
c6b1b8cf-55ef-416c-b00d-e469993617b0,2,14,20.604166666666668
c6b1b8cf-55ef-416c-b00d-e469993617b0,2,15,26.111111111111114
c6b1b8cf-55ef-416c-b00d-e469993617b0,2,16,30.791666666666668
c6b1b8cf-55ef-416c-b00d-e469993617b0,2,17,20.208333333333336
c6b1b8cf-55ef-416c-b00d-e469993617b0,2,18,21.94128787878788
c6b1b8cf-55ef-416c-b00d-e469993617b0,2,19,15.972222222222221
c6b1b8cf-55ef-416c-b00d-e469993617b0,3,10,20.785984848484848
c6b1b8cf-55ef-416c-b00d-e469993617b0,3,11,38.34280303030303
c6b1b8cf-55ef-416c-b00d-e469993617b0,3,12,38.958333333333336
c6b1b8cf-55ef-416c-b00d-e469993617b0,3,13,36.5
c6b1b8cf-55ef-416c-b00d-e469993617b0,3,14,27.756734006734007
c6b1b8cf-55ef-416c-b00d-e469993617b0,3,15,28.814484126984127
c6b1b8cf-55ef-416c-b00d-e469993617b0,3,16,29.74702380952381
c6b1b8cf-55ef-416c-b00d-e469993617b0,3,17,24.509469696969695
c6b1b8cf-55ef-416c-b00d-e469993617b0,3,18,18.541666666666668
c6b1b8cf-55ef-416c-b00d-e469993617b0,3,19,15.520833333333334
c6b1b8cf-55ef-416c-b00d-e469993617b0,4,10,20.0
c6b1b8cf-55ef-416c-b00d-e469993617b0,4,11,36.01851851851852
c6b1b8cf-55ef-416c-b00d-e469993617b0,4,12,42.85353535353536
c6b1b8cf-55ef-416c-b00d-e469993617b0,4,13,35.833333333333336
c6b1b8cf-55ef-416c-b00d-e469993617b0,4,14,35.214646464646464
c6b1b8cf-55ef-416c-b00d-e469993617b0,4,15,28.88888888888889
c6b1b8cf-55ef-416c-b00d-e469993617b0,4,16,20.0
c6b1b8cf-55ef-416c-b00d-e469993617b0,4,17,32.13541666666667
c6b1b8cf-55ef-416c-b00d-e469993617b0,4,18,42.03125
c6b1b8cf-55ef-416c-b00d-e469993617b0,4,19,23.333333333333332
c6b1b8cf-55ef-416c-b00d-e469993617b0,5,9,16.5
c6b1b8cf-55ef-416c-b00d-e469993617b0,5,10,32.22222222222222
c6b1b8cf-55ef-416c-b00d-e469993617b0,5,11,47.878787878787875
c6b1b8cf-55ef-416c-b00d-e469993617b0,5,12,48.36805555555556
c6b1b8cf-55ef-416c-b00d-e469993617b0,5,13,55.79545454545455
c6b1b8cf-55ef-416c-b00d-e469993617b0,5,14,41.666666666666664
c6b1b8cf-55ef-416c-b00d-e469993617b0,5,15,38.0
c6b1b8cf-55ef-416c-b00d-e469993617b0,5,16,34.30555555555556
c6b1b8cf-55ef-416c-b00d-e469993617b0,5,17,38.71212121212122
c6b1b8cf-55ef-416c-b00d-e469993617b0,5,18,28.73737373737374
c6b1b8cf-55ef-416c-b00d-e469993617b0,5,19,24.583333333333332
c6b1b8cf-55ef-416c-b00d-e469993617b0,5,20,10.0
c6b1b8cf-55ef-416c-b00d-e469993617b0,6,10,23.242424242424242
c6b1b8cf-55ef-416c-b00d-e469993617b0,6,11,42.452651515151516
c6b1b8cf-55ef-416c-b00d-e469993617b0,6,12,44.270833333333336
c6b1b8cf-55ef-416c-b00d-e469993617b0,6,13,42.31060606060606
c6b1b8cf-55ef-416c-b00d-e469993617b0,6,14,33.59848484848485
c6b1b8cf-55ef-416c-b00d-e469993617b0,6,15,41.32575757575758
c6b1b8cf-55ef-416c-b00d-e469993617b0,6,16,31.22537878787879
c6b1b8cf-55ef-416c-b00d-e469993617b0,6,17,34.52272727272727
c6b1b8cf-55ef-416c-b00d-e469993617b0,6,18,24.375
c6b1b8cf-55ef-416c-b00d-e469993617b0,6,19,18.333333333333332
c6b1b8cf-55ef-416c-b00d-e469993617b0,6,20,15.0
d56506e2-6ad3-443a-8065-fea37987248d,0,9,17.604166666666664
d56506e2-6ad3-443a-8065-fea37987248d,0,10,25.833333333333336
d56506e2-6ad3-443a-8065-fea37987248d,0,11,35.625
d56506e2-6ad3-443a-8065-fea37987248d,0,12,33.85416666666667
d56506e2-6ad3-443a-8065-fea37987248d,0,13,26.770833333333332
d56506e2-6ad3-443a-8065-fea37987248d,0,14,29.583333333333336
d56506e2-6ad3-443a-8065-fea37987248d,0,15,21.126893939393938
d56506e2-6ad3-443a-8065-fea37987248d,0,16,19.201388888888886
d56506e2-6ad3-443a-8065-fea37987248d,0,17,18.645833333333336
d56506e2-6ad3-443a-8065-fea37987248d,0,18,17.827380952380953
d56506e2-6ad3-443a-8065-fea37987248d,0,19,15.3125
d56506e2-6ad3-443a-8065-fea37987248d,0,20,11.458333333333332
d56506e2-6ad3-443a-8065-fea37987248d,1,9,17.5
d56506e2-6ad3-443a-8065-fea37987248d,1,10,25.625
d56506e2-6ad3-443a-8065-fea37987248d,1,11,31.666666666666668
d56506e2-6ad3-443a-8065-fea37987248d,1,12,35.41666666666667
d56506e2-6ad3-443a-8065-fea37987248d,1,13,31.041666666666664
d56506e2-6ad3-443a-8065-fea37987248d,1,14,27.5
d56506e2-6ad3-443a-8065-fea37987248d,1,15,20.416666666666664
d56506e2-6ad3-443a-8065-fea37987248d,1,16,21.145833333333332
d56506e2-6ad3-443a-8065-fea37987248d,1,17,19.479166666666668
d56506e2-6ad3-443a-8065-fea37987248d,1,18,18.958333333333336
d56506e2-6ad3-443a-8065-fea37987248d,1,19,16.21212121212121
d56506e2-6ad3-443a-8065-fea37987248d,1,20,12.395833333333332
d56506e2-6ad3-443a-8065-fea37987248d,1,21,5.833333333333333
d56506e2-6ad3-443a-8065-fea37987248d,2,9,17.604166666666664
d56506e2-6ad3-443a-8065-fea37987248d,2,10,23.541666666666664
d56506e2-6ad3-443a-8065-fea37987248d,2,11,29.166666666666668
d56506e2-6ad3-443a-8065-fea37987248d,2,12,34.166666666666664
d56506e2-6ad3-443a-8065-fea37987248d,2,13,26.922348484848484
d56506e2-6ad3-443a-8065-fea37987248d,2,14,20.416666666666668
d56506e2-6ad3-443a-8065-fea37987248d,2,15,18.645833333333336
d56506e2-6ad3-443a-8065-fea37987248d,2,16,12.604166666666668
d56506e2-6ad3-443a-8065-fea37987248d,2,17,14.791666666666668
d56506e2-6ad3-443a-8065-fea37987248d,2,18,18.229166666666668
d56506e2-6ad3-443a-8065-fea37987248d,2,19,15.729166666666668
d56506e2-6ad3-443a-8065-fea37987248d,2,20,9.583333333333334
d56506e2-6ad3-443a-8065-fea37987248d,3,9,12.1875
d56506e2-6ad3-443a-8065-fea37987248d,3,10,23.958333333333336
d56506e2-6ad3-443a-8065-fea37987248d,3,11,27.916666666666668
d56506e2-6ad3-443a-8065-fea37987248d,3,12,28.125
d56506e2-6ad3-443a-8065-fea37987248d,3,13,26.458333333333336
d56506e2-6ad3-443a-8065-fea37987248d,3,14,23.020833333333336
d56506e2-6ad3-443a-8065-fea37987248d,3,15,17.395833333333336
d56506e2-6ad3-443a-8065-fea37987248d,3,16,18.229166666666664
d56506e2-6ad3-443a-8065-fea37987248d,3,17,14.895833333333334
d56506e2-6ad3-443a-8065-fea37987248d,3,18,13.854166666666666
d56506e2-6ad3-443a-8065-fea37987248d,3,19,15.0
d56506e2-6ad3-443a-8065-fea37987248d,3,20,5.9375
d56506e2-6ad3-443a-8065-fea37987248d,4,8,5.0
d56506e2-6ad3-443a-8065-fea37987248d,4,9,14.895833333333334
d56506e2-6ad3-443a-8065-fea37987248d,4,10,29.6875
d56506e2-6ad3-443a-8065-fea37987248d,4,11,31.875
d56506e2-6ad3-443a-8065-fea37987248d,4,12,37.5
d56506e2-6ad3-443a-8065-fea37987248d,4,13,31.5625
d56506e2-6ad3-443a-8065-fea37987248d,4,14,33.854166666666664
d56506e2-6ad3-443a-8065-fea37987248d,4,15,28.541666666666668
d56506e2-6ad3-443a-8065-fea37987248d,4,16,20.625
d56506e2-6ad3-443a-8065-fea37987248d,4,17,28.645833333333332
d56506e2-6ad3-443a-8065-fea37987248d,4,18,34.74431818181818
d56506e2-6ad3-443a-8065-fea37987248d,4,19,33.888888888888886
d56506e2-6ad3-443a-8065-fea37987248d,4,20,25.555555555555557
d56506e2-6ad3-443a-8065-fea37987248d,4,21,18.333333333333332
d56506e2-6ad3-443a-8065-fea37987248d,5,8,7.5
d56506e2-6ad3-443a-8065-fea37987248d,5,9,17.24431818181818
d56506e2-6ad3-443a-8065-fea37987248d,5,10,26.25
d56506e2-6ad3-443a-8065-fea37987248d,5,11,33.645833333333336
d56506e2-6ad3-443a-8065-fea37987248d,5,12,34.6875
d56506e2-6ad3-443a-8065-fea37987248d,5,13,30.0
d56506e2-6ad3-443a-8065-fea37987248d,5,14,27.604166666666668
d56506e2-6ad3-443a-8065-fea37987248d,5,15,22.604166666666668
d56506e2-6ad3-443a-8065-fea37987248d,5,16,21.5625
d56506e2-6ad3-443a-8065-fea37987248d,5,17,20.729166666666664
d56506e2-6ad3-443a-8065-fea37987248d,5,18,22.083333333333336
d56506e2-6ad3-443a-8065-fea37987248d,5,19,17.916666666666664
d56506e2-6ad3-443a-8065-fea37987248d,5,20,9.375
d56506e2-6ad3-443a-8065-fea37987248d,5,21,10.416666666666668
d56506e2-6ad3-443a-8065-fea37987248d,6,9,15.208333333333334
d56506e2-6ad3-443a-8065-fea37987248d,6,10,34.16666666666667
d56506e2-6ad3-443a-8065-fea37987248d,6,11,30.729166666666664
d56506e2-6ad3-443a-8065-fea37987248d,6,12,35.520833333333336
d56506e2-6ad3-443a-8065-fea37987248d,6,13,31.25
d56506e2-6ad3-443a-8065-fea37987248d,6,14,25.3125
d56506e2-6ad3-443a-8065-fea37987248d,6,15,21.25
d56506e2-6ad3-443a-8065-fea37987248d,6,16,21.979166666666664
d56506e2-6ad3-443a-8065-fea37987248d,6,17,20.416666666666668
d56506e2-6ad3-443a-8065-fea37987248d,6,18,21.770833333333332
d56506e2-6ad3-443a-8065-fea37987248d,6,19,19.375
d56506e2-6ad3-443a-8065-fea37987248d,6,20,9.6875
d56506e2-6ad3-443a-8065-fea37987248d,6,21,6.25
d58d9262-ec95-4161-80a0-07ca43b2f5f3,0,9,5.666666666666667
d58d9262-ec95-4161-80a0-07ca43b2f5f3,0,10,13.472222222222223
d58d9262-ec95-4161-80a0-07ca43b2f5f3,0,11,28.035714285714285
d58d9262-ec95-4161-80a0-07ca43b2f5f3,0,12,36.25
d58d9262-ec95-4161-80a0-07ca43b2f5f3,0,13,33.888888888888886
d58d9262-ec95-4161-80a0-07ca43b2f5f3,0,14,31.041666666666664
d58d9262-ec95-4161-80a0-07ca43b2f5f3,0,15,29.538690476190478
d58d9262-ec95-4161-80a0-07ca43b2f5f3,0,16,27.638888888888886
d58d9262-ec95-4161-80a0-07ca43b2f5f3,0,17,14.261363636363637
d58d9262-ec95-4161-80a0-07ca43b2f5f3,0,18,5.0
d58d9262-ec95-4161-80a0-07ca43b2f5f3,1,9,5.0
d58d9262-ec95-4161-80a0-07ca43b2f5f3,1,10,6.979166666666666
d58d9262-ec95-4161-80a0-07ca43b2f5f3,1,11,21.041666666666668
d58d9262-ec95-4161-80a0-07ca43b2f5f3,1,12,27.47159090909091
d58d9262-ec95-4161-80a0-07ca43b2f5f3,1,13,24.479166666666668
d58d9262-ec95-4161-80a0-07ca43b2f5f3,1,14,42.08333333333333
d58d9262-ec95-4161-80a0-07ca43b2f5f3,1,15,25.104166666666668
d58d9262-ec95-4161-80a0-07ca43b2f5f3,1,16,15.138888888888891
d58d9262-ec95-4161-80a0-07ca43b2f5f3,1,17,10.270833333333334
d58d9262-ec95-4161-80a0-07ca43b2f5f3,2,9,5.0
d58d9262-ec95-4161-80a0-07ca43b2f5f3,2,10,5.5625
d58d9262-ec95-4161-80a0-07ca43b2f5f3,2,11,9.270833333333334
d58d9262-ec95-4161-80a0-07ca43b2f5f3,2,12,19.232954545454547
d58d9262-ec95-4161-80a0-07ca43b2f5f3,2,13,16.666666666666668
d58d9262-ec95-4161-80a0-07ca43b2f5f3,2,14,11.111111111111112
d58d9262-ec95-4161-80a0-07ca43b2f5f3,2,15,12.708333333333334
d58d9262-ec95-4161-80a0-07ca43b2f5f3,2,16,9.722222222222223
d58d9262-ec95-4161-80a0-07ca43b2f5f3,2,17,8.75
d58d9262-ec95-4161-80a0-07ca43b2f5f3,2,18,5.0
d58d9262-ec95-4161-80a0-07ca43b2f5f3,3,9,5.303030303030304
d58d9262-ec95-4161-80a0-07ca43b2f5f3,3,10,7.470238095238095
d58d9262-ec95-4161-80a0-07ca43b2f5f3,3,11,13.194444444444445
d58d9262-ec95-4161-80a0-07ca43b2f5f3,3,12,25.972222222222225
d58d9262-ec95-4161-80a0-07ca43b2f5f3,3,13,38.611111111111114
d58d9262-ec95-4161-80a0-07ca43b2f5f3,3,14,22.20643939393939
d58d9262-ec95-4161-80a0-07ca43b2f5f3,3,15,16.458333333333332
d58d9262-ec95-4161-80a0-07ca43b2f5f3,3,16,14.583333333333332
d58d9262-ec95-4161-80a0-07ca43b2f5f3,3,17,9.0625
d58d9262-ec95-4161-80a0-07ca43b2f5f3,3,18,5.0
d58d9262-ec95-4161-80a0-07ca43b2f5f3,4,9,5.0
d58d9262-ec95-4161-80a0-07ca43b2f5f3,4,10,10.3125
d58d9262-ec95-4161-80a0-07ca43b2f5f3,4,11,27.395833333333336
d58d9262-ec95-4161-80a0-07ca43b2f5f3,4,12,47.5
d58d9262-ec95-4161-80a0-07ca43b2f5f3,4,13,47.140151515151516
d58d9262-ec95-4161-80a0-07ca43b2f5f3,4,14,51.97916666666667
d58d9262-ec95-4161-80a0-07ca43b2f5f3,4,15,27.63888888888889
d58d9262-ec95-4161-80a0-07ca43b2f5f3,4,16,25.297619047619047
d58d9262-ec95-4161-80a0-07ca43b2f5f3,4,17,23.5625
d58d9262-ec95-4161-80a0-07ca43b2f5f3,4,18,17.083333333333332
d58d9262-ec95-4161-80a0-07ca43b2f5f3,5,9,6.0227272727272725
d58d9262-ec95-4161-80a0-07ca43b2f5f3,5,10,21.666666666666668
d58d9262-ec95-4161-80a0-07ca43b2f5f3,5,11,40.69444444444444
d58d9262-ec95-4161-80a0-07ca43b2f5f3,5,12,47.77777777777778
d58d9262-ec95-4161-80a0-07ca43b2f5f3,5,13,41.666666666666664
d58d9262-ec95-4161-80a0-07ca43b2f5f3,5,14,40.27462121212121
d58d9262-ec95-4161-80a0-07ca43b2f5f3,5,15,32.0
d58d9262-ec95-4161-80a0-07ca43b2f5f3,5,16,28.75
d58d9262-ec95-4161-80a0-07ca43b2f5f3,5,17,36.666666666666664
d58d9262-ec95-4161-80a0-07ca43b2f5f3,5,18,10.138888888888888
d58d9262-ec95-4161-80a0-07ca43b2f5f3,5,19,10.0
d58d9262-ec95-4161-80a0-07ca43b2f5f3,6,9,7.840909090909091
d58d9262-ec95-4161-80a0-07ca43b2f5f3,6,10,22.8125
d58d9262-ec95-4161-80a0-07ca43b2f5f3,6,11,33.02083333333333
d58d9262-ec95-4161-80a0-07ca43b2f5f3,6,12,52.8125
d58d9262-ec95-4161-80a0-07ca43b2f5f3,6,13,59.270833333333336
d58d9262-ec95-4161-80a0-07ca43b2f5f3,6,14,40.625
d58d9262-ec95-4161-80a0-07ca43b2f5f3,6,16,17.916666666666668
d58d9262-ec95-4161-80a0-07ca43b2f5f3,6,17,15.625
d58d9262-ec95-4161-80a0-07ca43b2f5f3,6,18,5.0
d5dfc051-f951-40ac-8774-3e9961331ab9,0,9,17.8125
d5dfc051-f951-40ac-8774-3e9961331ab9,0,10,18.125
d5dfc051-f951-40ac-8774-3e9961331ab9,0,11,27.5
d5dfc051-f951-40ac-8774-3e9961331ab9,0,12,32.5
d5dfc051-f951-40ac-8774-3e9961331ab9,0,14,20.416666666666664
d5dfc051-f951-40ac-8774-3e9961331ab9,0,15,20.0
d5dfc051-f951-40ac-8774-3e9961331ab9,0,16,20.0
d5dfc051-f951-40ac-8774-3e9961331ab9,1,9,14.375
d5dfc051-f951-40ac-8774-3e9961331ab9,1,10,12.5
d5dfc051-f951-40ac-8774-3e9961331ab9,1,11,19.791666666666664
d5dfc051-f951-40ac-8774-3e9961331ab9,1,14,21.875
d5dfc051-f951-40ac-8774-3e9961331ab9,1,15,15.0
d5dfc051-f951-40ac-8774-3e9961331ab9,1,16,15.0
d5dfc051-f951-40ac-8774-3e9961331ab9,2,9,10.0
d5dfc051-f951-40ac-8774-3e9961331ab9,2,10,15.0
d5dfc051-f951-40ac-8774-3e9961331ab9,2,11,15.0
d5dfc051-f951-40ac-8774-3e9961331ab9,2,12,15.0
d5dfc051-f951-40ac-8774-3e9961331ab9,2,14,17.5
d5dfc051-f951-40ac-8774-3e9961331ab9,2,15,17.5
d5dfc051-f951-40ac-8774-3e9961331ab9,2,16,17.5
d5dfc051-f951-40ac-8774-3e9961331ab9,3,9,10.0
d5dfc051-f951-40ac-8774-3e9961331ab9,3,10,13.958333333333332
d5dfc051-f951-40ac-8774-3e9961331ab9,3,11,25.227272727272727
d5dfc051-f951-40ac-8774-3e9961331ab9,3,14,22.5
d5dfc051-f951-40ac-8774-3e9961331ab9,3,15,17.5
d5dfc051-f951-40ac-8774-3e9961331ab9,3,16,20.0
d5dfc051-f951-40ac-8774-3e9961331ab9,4,9,10.0
d5dfc051-f951-40ac-8774-3e9961331ab9,4,10,12.083333333333332
d5dfc051-f951-40ac-8774-3e9961331ab9,4,11,20.0
d5dfc051-f951-40ac-8774-3e9961331ab9,4,14,23.541666666666664
d5dfc051-f951-40ac-8774-3e9961331ab9,4,15,27.5
d5dfc051-f951-40ac-8774-3e9961331ab9,4,16,25.0
d5dfc051-f951-40ac-8774-3e9961331ab9,5,9,10.0
d5dfc051-f951-40ac-8774-3e9961331ab9,5,10,12.5
d5dfc051-f951-40ac-8774-3e9961331ab9,5,11,21.666666666666668
d5dfc051-f951-40ac-8774-3e9961331ab9,5,14,30.0
d5dfc051-f951-40ac-8774-3e9961331ab9,5,15,30.0
d5dfc051-f951-40ac-8774-3e9961331ab9,6,9,10.625
d5dfc051-f951-40ac-8774-3e9961331ab9,6,10,11.458333333333334
d5dfc051-f951-40ac-8774-3e9961331ab9,6,11,34.58333333333333
d5dfc051-f951-40ac-8774-3e9961331ab9,6,14,32.5
d5dfc051-f951-40ac-8774-3e9961331ab9,6,15,23.75
d5dfc051-f951-40ac-8774-3e9961331ab9,6,16,17.5
d9d12438-d999-4482-894b-8955fdb20ccf,0,9,5.0
d9d12438-d999-4482-894b-8955fdb20ccf,0,10,10.972222222222223
d9d12438-d999-4482-894b-8955fdb20ccf,0,11,9.6875
d9d12438-d999-4482-894b-8955fdb20ccf,0,12,15.833333333333332
d9d12438-d999-4482-894b-8955fdb20ccf,0,13,10.3125
d9d12438-d999-4482-894b-8955fdb20ccf,0,14,8.75
d9d12438-d999-4482-894b-8955fdb20ccf,0,15,10.544642857142858
d9d12438-d999-4482-894b-8955fdb20ccf,0,16,11.111111111111112
d9d12438-d999-4482-894b-8955fdb20ccf,0,17,14.305555555555555
d9d12438-d999-4482-894b-8955fdb20ccf,0,18,19.375
d9d12438-d999-4482-894b-8955fdb20ccf,0,19,9.166666666666666
d9d12438-d999-4482-894b-8955fdb20ccf,0,20,12.604166666666666
d9d12438-d999-4482-894b-8955fdb20ccf,0,21,7.5
d9d12438-d999-4482-894b-8955fdb20ccf,0,22,7.083333333333334
d9d12438-d999-4482-894b-8955fdb20ccf,1,9,5.208333333333333
d9d12438-d999-4482-894b-8955fdb20ccf,1,10,6.145833333333334
d9d12438-d999-4482-894b-8955fdb20ccf,1,11,6.875
d9d12438-d999-4482-894b-8955fdb20ccf,1,12,5.416666666666667
d9d12438-d999-4482-894b-8955fdb20ccf,1,13,5.833333333333334
d9d12438-d999-4482-894b-8955fdb20ccf,1,14,5.0
d9d12438-d999-4482-894b-8955fdb20ccf,1,15,5.0
d9d12438-d999-4482-894b-8955fdb20ccf,1,16,5.0
d9d12438-d999-4482-894b-8955fdb20ccf,1,17,11.979166666666666
d9d12438-d999-4482-894b-8955fdb20ccf,2,9,5.833333333333334
d9d12438-d999-4482-894b-8955fdb20ccf,2,10,11.666666666666666
d9d12438-d999-4482-894b-8955fdb20ccf,2,11,17.916666666666664
d9d12438-d999-4482-894b-8955fdb20ccf,2,12,22.604166666666664
d9d12438-d999-4482-894b-8955fdb20ccf,2,13,10.9375
d9d12438-d999-4482-894b-8955fdb20ccf,2,14,8.958333333333332
d9d12438-d999-4482-894b-8955fdb20ccf,2,15,8.333333333333332
d9d12438-d999-4482-894b-8955fdb20ccf,2,16,10.416666666666668
d9d12438-d999-4482-894b-8955fdb20ccf,2,17,14.861111111111112
d9d12438-d999-4482-894b-8955fdb20ccf,2,18,13.75
d9d12438-d999-4482-894b-8955fdb20ccf,2,19,21.25
d9d12438-d999-4482-894b-8955fdb20ccf,2,20,18.194444444444446
d9d12438-d999-4482-894b-8955fdb20ccf,2,21,13.571428571428571
d9d12438-d999-4482-894b-8955fdb20ccf,2,22,10.0
d9d12438-d999-4482-894b-8955fdb20ccf,3,9,5.416666666666667
d9d12438-d999-4482-894b-8955fdb20ccf,3,10,10.416666666666666
d9d12438-d999-4482-894b-8955fdb20ccf,3,11,13.333333333333334
d9d12438-d999-4482-894b-8955fdb20ccf,3,12,13.888888888888891
d9d12438-d999-4482-894b-8955fdb20ccf,3,13,9.583333333333334
d9d12438-d999-4482-894b-8955fdb20ccf,3,14,10.833333333333334
d9d12438-d999-4482-894b-8955fdb20ccf,3,15,10.104166666666668
d9d12438-d999-4482-894b-8955fdb20ccf,3,16,11.041666666666668
d9d12438-d999-4482-894b-8955fdb20ccf,3,17,11.25
d9d12438-d999-4482-894b-8955fdb20ccf,3,18,14.583333333333334
d9d12438-d999-4482-894b-8955fdb20ccf,3,19,16.944444444444443
d9d12438-d999-4482-894b-8955fdb20ccf,3,20,18.00925925925926
d9d12438-d999-4482-894b-8955fdb20ccf,3,21,6.25
d9d12438-d999-4482-894b-8955fdb20ccf,3,22,9.791666666666668
d9d12438-d999-4482-894b-8955fdb20ccf,4,8,5.138888888888889
d9d12438-d999-4482-894b-8955fdb20ccf,4,9,5.625
d9d12438-d999-4482-894b-8955fdb20ccf,4,10,6.666666666666667
d9d12438-d999-4482-894b-8955fdb20ccf,4,11,10.625
d9d12438-d999-4482-894b-8955fdb20ccf,4,12,8.854166666666668
d9d12438-d999-4482-894b-8955fdb20ccf,4,13,9.375
d9d12438-d999-4482-894b-8955fdb20ccf,4,14,6.354166666666667
d9d12438-d999-4482-894b-8955fdb20ccf,4,15,7.8125
d9d12438-d999-4482-894b-8955fdb20ccf,4,16,5.833333333333333
d9d12438-d999-4482-894b-8955fdb20ccf,4,17,10.625
d9d12438-d999-4482-894b-8955fdb20ccf,5,8,5.416666666666666
d9d12438-d999-4482-894b-8955fdb20ccf,5,9,5.75
d9d12438-d999-4482-894b-8955fdb20ccf,5,10,11.875
d9d12438-d999-4482-894b-8955fdb20ccf,5,11,17.395833333333332
d9d12438-d999-4482-894b-8955fdb20ccf,5,12,19.479166666666668
d9d12438-d999-4482-894b-8955fdb20ccf,5,13,17.083333333333332
d9d12438-d999-4482-894b-8955fdb20ccf,5,14,14.229166666666668
d9d12438-d999-4482-894b-8955fdb20ccf,5,15,17.666666666666668
d9d12438-d999-4482-894b-8955fdb20ccf,5,16,15.694444444444443
d9d12438-d999-4482-894b-8955fdb20ccf,5,17,20.952380952380953
d9d12438-d999-4482-894b-8955fdb20ccf,5,18,24.39814814814815
d9d12438-d999-4482-894b-8955fdb20ccf,5,19,20.625
d9d12438-d999-4482-894b-8955fdb20ccf,5,20,16.875
d9d12438-d999-4482-894b-8955fdb20ccf,5,21,14.895833333333334
d9d12438-d999-4482-894b-8955fdb20ccf,5,22,12.291666666666668
d9d12438-d999-4482-894b-8955fdb20ccf,6,8,5.0
d9d12438-d999-4482-894b-8955fdb20ccf,6,9,6.770833333333333
d9d12438-d999-4482-894b-8955fdb20ccf,6,10,10.416666666666666
d9d12438-d999-4482-894b-8955fdb20ccf,6,11,10.416666666666668
d9d12438-d999-4482-894b-8955fdb20ccf,6,12,8.958333333333334
d9d12438-d999-4482-894b-8955fdb20ccf,6,13,9.18560606060606
d9d12438-d999-4482-894b-8955fdb20ccf,6,14,8.958333333333334
d9d12438-d999-4482-894b-8955fdb20ccf,6,15,9.226190476190476
d9d12438-d999-4482-894b-8955fdb20ccf,6,16,11.104166666666668
d9d12438-d999-4482-894b-8955fdb20ccf,6,17,9.86111111111111
d9d12438-d999-4482-894b-8955fdb20ccf,6,18,12.857142857142858
d9d12438-d999-4482-894b-8955fdb20ccf,6,19,18.333333333333332
d9d12438-d999-4482-894b-8955fdb20ccf,6,20,17.5
d9d12438-d999-4482-894b-8955fdb20ccf,6,21,10.833333333333334
dae68dee-dfba-4128-b594-6aa12add1070,0,17,0.0
dae68dee-dfba-4128-b594-6aa12add1070,0,18,0.0
dae68dee-dfba-4128-b594-6aa12add1070,0,19,0.0
dae68dee-dfba-4128-b594-6aa12add1070,0,20,0.0
dae68dee-dfba-4128-b594-6aa12add1070,1,15,0.0
dae68dee-dfba-4128-b594-6aa12add1070,1,16,0.0
dae68dee-dfba-4128-b594-6aa12add1070,1,17,0.0
dae68dee-dfba-4128-b594-6aa12add1070,1,19,0.0
dae68dee-dfba-4128-b594-6aa12add1070,1,20,0.0
dbc4f0d8-fdef-4dfc-a1c2-33917f742f40,0,10,99.48051948051948
dbc4f0d8-fdef-4dfc-a1c2-33917f742f40,0,11,135.72916666666669
dbc4f0d8-fdef-4dfc-a1c2-33917f742f40,0,12,74.47916666666667
dbc4f0d8-fdef-4dfc-a1c2-33917f742f40,0,13,104.57440476190476
dbc4f0d8-fdef-4dfc-a1c2-33917f742f40,0,14,135.75
dbc4f0d8-fdef-4dfc-a1c2-33917f742f40,0,15,132.5
dbc4f0d8-fdef-4dfc-a1c2-33917f742f40,0,16,134.79166666666666
dbc4f0d8-fdef-4dfc-a1c2-33917f742f40,0,17,113.85416666666667
dbc4f0d8-fdef-4dfc-a1c2-33917f742f40,0,18,103.95833333333333
dbc4f0d8-fdef-4dfc-a1c2-33917f742f40,0,19,93.8125
dbc4f0d8-fdef-4dfc-a1c2-33917f742f40,0,20,72.5
dbc4f0d8-fdef-4dfc-a1c2-33917f742f40,1,10,112.45370370370371
dbc4f0d8-fdef-4dfc-a1c2-33917f742f40,1,11,89.30555555555556
dbc4f0d8-fdef-4dfc-a1c2-33917f742f40,1,12,109.79166666666667
dbc4f0d8-fdef-4dfc-a1c2-33917f742f40,1,13,135.0
dbc4f0d8-fdef-4dfc-a1c2-33917f742f40,1,14,131.77083333333334
dbc4f0d8-fdef-4dfc-a1c2-33917f742f40,1,15,123.33333333333334
dbc4f0d8-fdef-4dfc-a1c2-33917f742f40,1,16,109.91666666666666
dbc4f0d8-fdef-4dfc-a1c2-33917f742f40,1,17,106.36111111111113
dbc4f0d8-fdef-4dfc-a1c2-33917f742f40,1,18,109.58333333333333
dbc4f0d8-fdef-4dfc-a1c2-33917f742f40,1,19,77.56628787878788
dbc4f0d8-fdef-4dfc-a1c2-33917f742f40,2,10,105.83333333333333
dbc4f0d8-fdef-4dfc-a1c2-33917f742f40,2,11,77.91666666666667
dbc4f0d8-fdef-4dfc-a1c2-33917f742f40,2,12,66.25
dbc4f0d8-fdef-4dfc-a1c2-33917f742f40,2,13,87.02651515151516
dbc4f0d8-fdef-4dfc-a1c2-33917f742f40,2,14,95.10416666666666
dbc4f0d8-fdef-4dfc-a1c2-33917f742f40,2,15,96.875
dbc4f0d8-fdef-4dfc-a1c2-33917f742f40,2,16,95.29166666666666
dbc4f0d8-fdef-4dfc-a1c2-33917f742f40,2,17,64.58333333333334
dbc4f0d8-fdef-4dfc-a1c2-33917f742f40,2,18,59.166666666666664
dbc4f0d8-fdef-4dfc-a1c2-33917f742f40,2,19,49.125
dbc4f0d8-fdef-4dfc-a1c2-33917f742f40,3,10,83.21969696969697
dbc4f0d8-fdef-4dfc-a1c2-33917f742f40,3,11,77.5
dbc4f0d8-fdef-4dfc-a1c2-33917f742f40,3,12,80.64393939393939
dbc4f0d8-fdef-4dfc-a1c2-33917f742f40,3,13,88.95833333333333
dbc4f0d8-fdef-4dfc-a1c2-33917f742f40,3,14,95.875
dbc4f0d8-fdef-4dfc-a1c2-33917f742f40,3,15,105.0297619047619
dbc4f0d8-fdef-4dfc-a1c2-33917f742f40,3,16,100.3125
dbc4f0d8-fdef-4dfc-a1c2-33917f742f40,3,17,93.75
dbc4f0d8-fdef-4dfc-a1c2-33917f742f40,3,18,90.69444444444444
dbc4f0d8-fdef-4dfc-a1c2-33917f742f40,3,19,73.54166666666667
dbc4f0d8-fdef-4dfc-a1c2-33917f742f40,4,10,125.20833333333333
dbc4f0d8-fdef-4dfc-a1c2-33917f742f40,4,11,92.3425925925926
dbc4f0d8-fdef-4dfc-a1c2-33917f742f40,4,12,86.1111111111111
dbc4f0d8-fdef-4dfc-a1c2-33917f742f40,4,13,99.64285714285714
dbc4f0d8-fdef-4dfc-a1c2-33917f742f40,4,14,150.83333333333331
dbc4f0d8-fdef-4dfc-a1c2-33917f742f40,4,15,131.14583333333331
dbc4f0d8-fdef-4dfc-a1c2-33917f742f40,4,16,144.375
dbc4f0d8-fdef-4dfc-a1c2-33917f742f40,4,17,153.125
dbc4f0d8-fdef-4dfc-a1c2-33917f742f40,4,18,132.22222222222223
dbc4f0d8-fdef-4dfc-a1c2-33917f742f40,4,19,95.0
dbc4f0d8-fdef-4dfc-a1c2-33917f742f40,5,10,82.5
dbc4f0d8-fdef-4dfc-a1c2-33917f742f40,5,11,104.12457912457911
dbc4f0d8-fdef-4dfc-a1c2-33917f742f40,5,12,118.54166666666667
dbc4f0d8-fdef-4dfc-a1c2-33917f742f40,5,13,112.20959595959596
dbc4f0d8-fdef-4dfc-a1c2-33917f742f40,5,14,140.35353535353536
dbc4f0d8-fdef-4dfc-a1c2-33917f742f40,5,15,128.55555555555554
dbc4f0d8-fdef-4dfc-a1c2-33917f742f40,5,16,145.3030303030303
dbc4f0d8-fdef-4dfc-a1c2-33917f742f40,5,17,133.54166666666666
dbc4f0d8-fdef-4dfc-a1c2-33917f742f40,5,18,136.10416666666666
dbc4f0d8-fdef-4dfc-a1c2-33917f742f40,5,19,121.25
dbc4f0d8-fdef-4dfc-a1c2-33917f742f40,5,20,46.666666666666664
dbc4f0d8-fdef-4dfc-a1c2-33917f742f40,6,10,91.74107142857143
dbc4f0d8-fdef-4dfc-a1c2-33917f742f40,6,11,83.19940476190476
dbc4f0d8-fdef-4dfc-a1c2-33917f742f40,6,12,100.36931818181819
dbc4f0d8-fdef-4dfc-a1c2-33917f742f40,6,13,133.22916666666666
dbc4f0d8-fdef-4dfc-a1c2-33917f742f40,6,14,123.4375
dbc4f0d8-fdef-4dfc-a1c2-33917f742f40,6,15,148.6818181818182
dbc4f0d8-fdef-4dfc-a1c2-33917f742f40,6,16,137.53472222222223
dbc4f0d8-fdef-4dfc-a1c2-33917f742f40,6,17,113.95833333333333
dbc4f0d8-fdef-4dfc-a1c2-33917f742f40,6,18,118.35416666666666
dbc4f0d8-fdef-4dfc-a1c2-33917f742f40,6,19,98.97727272727273
dd8c015d-511f-47d4-b98b-18ce15735588,0,10,91.42992424242425
dd8c015d-511f-47d4-b98b-18ce15735588,0,11,121.66666666666667
dd8c015d-511f-47d4-b98b-18ce15735588,0,12,106.39880952380952
dd8c015d-511f-47d4-b98b-18ce15735588,0,13,114.89583333333334
dd8c015d-511f-47d4-b98b-18ce15735588,0,14,105.47222222222223
dd8c015d-511f-47d4-b98b-18ce15735588,0,15,96.67929292929291
dd8c015d-511f-47d4-b98b-18ce15735588,0,16,85.23809523809524
dd8c015d-511f-47d4-b98b-18ce15735588,0,17,76.57738095238095
dd8c015d-511f-47d4-b98b-18ce15735588,0,18,90.625
dd8c015d-511f-47d4-b98b-18ce15735588,0,19,80.0
dd8c015d-511f-47d4-b98b-18ce15735588,0,20,63.75
dd8c015d-511f-47d4-b98b-18ce15735588,1,10,97.75568181818181
dd8c015d-511f-47d4-b98b-18ce15735588,1,11,130.1875
dd8c015d-511f-47d4-b98b-18ce15735588,1,12,143.19444444444446
dd8c015d-511f-47d4-b98b-18ce15735588,1,13,123.72916666666667
dd8c015d-511f-47d4-b98b-18ce15735588,1,14,133.33333333333334
dd8c015d-511f-47d4-b98b-18ce15735588,1,15,110.625
dd8c015d-511f-47d4-b98b-18ce15735588,1,16,105.97222222222223
dd8c015d-511f-47d4-b98b-18ce15735588,1,17,93.95833333333333
dd8c015d-511f-47d4-b98b-18ce15735588,1,18,83.33333333333333
dd8c015d-511f-47d4-b98b-18ce15735588,1,19,71.04166666666667
dd8c015d-511f-47d4-b98b-18ce15735588,2,10,75.83333333333333
dd8c015d-511f-47d4-b98b-18ce15735588,2,11,93.70265151515152
dd8c015d-511f-47d4-b98b-18ce15735588,2,12,112.60416666666667
dd8c015d-511f-47d4-b98b-18ce15735588,2,13,100.68181818181819
dd8c015d-511f-47d4-b98b-18ce15735588,2,14,86.47916666666667
dd8c015d-511f-47d4-b98b-18ce15735588,2,15,68.93518518518518
dd8c015d-511f-47d4-b98b-18ce15735588,2,16,96.66666666666667
dd8c015d-511f-47d4-b98b-18ce15735588,2,17,90.27777777777777
dd8c015d-511f-47d4-b98b-18ce15735588,2,18,74.35416666666667
dd8c015d-511f-47d4-b98b-18ce15735588,2,19,63.47222222222222
dd8c015d-511f-47d4-b98b-18ce15735588,3,10,73.75
dd8c015d-511f-47d4-b98b-18ce15735588,3,11,91.76136363636364
dd8c015d-511f-47d4-b98b-18ce15735588,3,12,131.14583333333334
dd8c015d-511f-47d4-b98b-18ce15735588,3,13,123.75
dd8c015d-511f-47d4-b98b-18ce15735588,3,14,106.04166666666666
dd8c015d-511f-47d4-b98b-18ce15735588,3,15,93.33333333333333
dd8c015d-511f-47d4-b98b-18ce15735588,3,16,92.1875
dd8c015d-511f-47d4-b98b-18ce15735588,3,17,86.5909090909091
dd8c015d-511f-47d4-b98b-18ce15735588,3,18,74.77083333333334
dd8c015d-511f-47d4-b98b-18ce15735588,3,19,61.97916666666667
dd8c015d-511f-47d4-b98b-18ce15735588,4,10,82.08333333333333
dd8c015d-511f-47d4-b98b-18ce15735588,4,11,116.52777777777777
dd8c015d-511f-47d4-b98b-18ce15735588,4,12,120.83333333333333
dd8c015d-511f-47d4-b98b-18ce15735588,4,13,115.0
dd8c015d-511f-47d4-b98b-18ce15735588,4,14,103.02083333333334
dd8c015d-511f-47d4-b98b-18ce15735588,4,15,107.28571428571428
dd8c015d-511f-47d4-b98b-18ce15735588,4,16,116.70454545454545
dd8c015d-511f-47d4-b98b-18ce15735588,4,17,89.28571428571429
dd8c015d-511f-47d4-b98b-18ce15735588,4,18,75.0
dd8c015d-511f-47d4-b98b-18ce15735588,4,19,73.33333333333334
dd8c015d-511f-47d4-b98b-18ce15735588,5,9,78.75
dd8c015d-511f-47d4-b98b-18ce15735588,5,10,103.64583333333334
dd8c015d-511f-47d4-b98b-18ce15735588,5,11,125.83333333333334
dd8c015d-511f-47d4-b98b-18ce15735588,5,12,133.125
dd8c015d-511f-47d4-b98b-18ce15735588,5,13,115.82070707070709
dd8c015d-511f-47d4-b98b-18ce15735588,5,14,112.22222222222223
dd8c015d-511f-47d4-b98b-18ce15735588,5,15,101.66666666666667
dd8c015d-511f-47d4-b98b-18ce15735588,5,16,98.54166666666667
dd8c015d-511f-47d4-b98b-18ce15735588,5,17,96.875
dd8c015d-511f-47d4-b98b-18ce15735588,5,18,106.84523809523809
dd8c015d-511f-47d4-b98b-18ce15735588,5,19,86.45833333333334
dd8c015d-511f-47d4-b98b-18ce15735588,5,20,56.0
dd8c015d-511f-47d4-b98b-18ce15735588,6,10,92.29166666666667
dd8c015d-511f-47d4-b98b-18ce15735588,6,11,126.60416666666666
dd8c015d-511f-47d4-b98b-18ce15735588,6,12,115.29761904761905
dd8c015d-511f-47d4-b98b-18ce15735588,6,13,106.52777777777777
dd8c015d-511f-47d4-b98b-18ce15735588,6,14,103.8888888888889
dd8c015d-511f-47d4-b98b-18ce15735588,6,15,136.20833333333331
dd8c015d-511f-47d4-b98b-18ce15735588,6,16,105.1969696969697
dd8c015d-511f-47d4-b98b-18ce15735588,6,17,120.0
dd8c015d-511f-47d4-b98b-18ce15735588,6,18,74.16666666666667
dd8c015d-511f-47d4-b98b-18ce15735588,6,19,84.27083333333333
dd8c015d-511f-47d4-b98b-18ce15735588,6,20,105.0
de3309ca-97d5-4211-bffe-739fed47e92f,0,9,10.0
de3309ca-97d5-4211-bffe-739fed47e92f,0,10,21.979166666666664
de3309ca-97d5-4211-bffe-739fed47e92f,0,11,26.770833333333336
de3309ca-97d5-4211-bffe-739fed47e92f,0,12,32.916666666666664
de3309ca-97d5-4211-bffe-739fed47e92f,0,13,35.625
de3309ca-97d5-4211-bffe-739fed47e92f,0,14,29.270833333333336
de3309ca-97d5-4211-bffe-739fed47e92f,0,15,29.601190476190474
de3309ca-97d5-4211-bffe-739fed47e92f,0,16,27.916666666666668
de3309ca-97d5-4211-bffe-739fed47e92f,0,17,29.861111111111114
de3309ca-97d5-4211-bffe-739fed47e92f,0,18,41.04166666666667
de3309ca-97d5-4211-bffe-739fed47e92f,0,19,28.06547619047619
de3309ca-97d5-4211-bffe-739fed47e92f,0,20,24.479166666666664
de3309ca-97d5-4211-bffe-739fed47e92f,0,21,13.395833333333332
de3309ca-97d5-4211-bffe-739fed47e92f,0,22,18.875
de3309ca-97d5-4211-bffe-739fed47e92f,1,9,11.704545454545455
de3309ca-97d5-4211-bffe-739fed47e92f,1,10,19.479166666666668
de3309ca-97d5-4211-bffe-739fed47e92f,1,11,24.375
de3309ca-97d5-4211-bffe-739fed47e92f,1,12,20.833333333333332
de3309ca-97d5-4211-bffe-739fed47e92f,1,13,23.740530303030305
de3309ca-97d5-4211-bffe-739fed47e92f,1,14,17.5
de3309ca-97d5-4211-bffe-739fed47e92f,1,15,16.458333333333336
de3309ca-97d5-4211-bffe-739fed47e92f,1,16,14.722222222222223
de3309ca-97d5-4211-bffe-739fed47e92f,1,17,23.75
de3309ca-97d5-4211-bffe-739fed47e92f,2,9,17.18181818181818
de3309ca-97d5-4211-bffe-739fed47e92f,2,10,23.75
de3309ca-97d5-4211-bffe-739fed47e92f,2,11,28.645833333333332
de3309ca-97d5-4211-bffe-739fed47e92f,2,12,34.166666666666664
de3309ca-97d5-4211-bffe-739fed47e92f,2,13,33.75
de3309ca-97d5-4211-bffe-739fed47e92f,2,14,30.625
de3309ca-97d5-4211-bffe-739fed47e92f,2,15,30.07936507936508
de3309ca-97d5-4211-bffe-739fed47e92f,2,16,35.625
de3309ca-97d5-4211-bffe-739fed47e92f,2,17,32.77777777777778
de3309ca-97d5-4211-bffe-739fed47e92f,2,18,35.776515151515156
de3309ca-97d5-4211-bffe-739fed47e92f,2,19,38.888888888888886
de3309ca-97d5-4211-bffe-739fed47e92f,2,20,34.791666666666664
de3309ca-97d5-4211-bffe-739fed47e92f,2,21,17.888257575757578
de3309ca-97d5-4211-bffe-739fed47e92f,2,22,19.583333333333332
de3309ca-97d5-4211-bffe-739fed47e92f,3,9,8.535714285714285
de3309ca-97d5-4211-bffe-739fed47e92f,3,10,19.875
de3309ca-97d5-4211-bffe-739fed47e92f,3,11,30.0
de3309ca-97d5-4211-bffe-739fed47e92f,3,12,29.6875
de3309ca-97d5-4211-bffe-739fed47e92f,3,13,27.777777777777782
de3309ca-97d5-4211-bffe-739fed47e92f,3,14,33.333333333333336
de3309ca-97d5-4211-bffe-739fed47e92f,3,15,31.875
de3309ca-97d5-4211-bffe-739fed47e92f,3,16,29.375
de3309ca-97d5-4211-bffe-739fed47e92f,3,17,28.645833333333336
de3309ca-97d5-4211-bffe-739fed47e92f,3,18,33.05555555555555
de3309ca-97d5-4211-bffe-739fed47e92f,3,19,33.888888888888886
de3309ca-97d5-4211-bffe-739fed47e92f,3,20,30.0
de3309ca-97d5-4211-bffe-739fed47e92f,3,21,18.61111111111111
de3309ca-97d5-4211-bffe-739fed47e92f,3,22,15.0
de3309ca-97d5-4211-bffe-739fed47e92f,4,8,6.75
de3309ca-97d5-4211-bffe-739fed47e92f,4,9,22.714646464646464
de3309ca-97d5-4211-bffe-739fed47e92f,4,10,35.9375
de3309ca-97d5-4211-bffe-739fed47e92f,4,11,43.95833333333333
de3309ca-97d5-4211-bffe-739fed47e92f,4,12,47.39583333333333
de3309ca-97d5-4211-bffe-739fed47e92f,4,13,38.54166666666667
de3309ca-97d5-4211-bffe-739fed47e92f,4,14,36.25
de3309ca-97d5-4211-bffe-739fed47e92f,4,15,31.875
de3309ca-97d5-4211-bffe-739fed47e92f,4,16,27.222222222222225
de3309ca-97d5-4211-bffe-739fed47e92f,4,17,29.027777777777782
de3309ca-97d5-4211-bffe-739fed47e92f,5,8,5.0
de3309ca-97d5-4211-bffe-739fed47e92f,5,9,15.782828282828284
de3309ca-97d5-4211-bffe-739fed47e92f,5,10,24.166666666666668
de3309ca-97d5-4211-bffe-739fed47e92f,5,11,33.020833333333336
de3309ca-97d5-4211-bffe-739fed47e92f,5,12,40.3125
de3309ca-97d5-4211-bffe-739fed47e92f,5,13,36.979166666666664
de3309ca-97d5-4211-bffe-739fed47e92f,5,14,35.9375
de3309ca-97d5-4211-bffe-739fed47e92f,5,15,36.8125
de3309ca-97d5-4211-bffe-739fed47e92f,5,16,35.27777777777778
de3309ca-97d5-4211-bffe-739fed47e92f,5,17,40.91269841269841
de3309ca-97d5-4211-bffe-739fed47e92f,5,18,40.416666666666664
de3309ca-97d5-4211-bffe-739fed47e92f,5,19,43.75
de3309ca-97d5-4211-bffe-739fed47e92f,5,20,38.54166666666667
de3309ca-97d5-4211-bffe-739fed47e92f,5,21,29.444444444444443
de3309ca-97d5-4211-bffe-739fed47e92f,5,22,25.0
de3309ca-97d5-4211-bffe-739fed47e92f,6,8,6.785714285714286
de3309ca-97d5-4211-bffe-739fed47e92f,6,9,18.106060606060606
de3309ca-97d5-4211-bffe-739fed47e92f,6,10,25.9375
de3309ca-97d5-4211-bffe-739fed47e92f,6,11,28.541666666666664
de3309ca-97d5-4211-bffe-739fed47e92f,6,12,33.54166666666667
de3309ca-97d5-4211-bffe-739fed47e92f,6,13,30.96590909090909
de3309ca-97d5-4211-bffe-739fed47e92f,6,14,33.95833333333333
de3309ca-97d5-4211-bffe-739fed47e92f,6,15,26.48148148148148
de3309ca-97d5-4211-bffe-739fed47e92f,6,16,27.57142857142857
de3309ca-97d5-4211-bffe-739fed47e92f,6,17,28.61111111111111
de3309ca-97d5-4211-bffe-739fed47e92f,6,18,37.142857142857146
de3309ca-97d5-4211-bffe-739fed47e92f,6,19,52.5
de3309ca-97d5-4211-bffe-739fed47e92f,6,20,34.583333333333336
de3309ca-97d5-4211-bffe-739fed47e92f,6,21,36.666666666666664
e3549451-b284-453d-9c31-e3b1207abd79,0,9,87.08333333333333
e3549451-b284-453d-9c31-e3b1207abd79,0,10,84.02777777777779
e3549451-b284-453d-9c31-e3b1207abd79,0,11,76.94444444444444
e3549451-b284-453d-9c31-e3b1207abd79,0,12,74.72222222222221
e3549451-b284-453d-9c31-e3b1207abd79,0,13,78.19444444444444
e3549451-b284-453d-9c31-e3b1207abd79,0,14,90.36458333333333
e3549451-b284-453d-9c31-e3b1207abd79,0,15,96.5625
e3549451-b284-453d-9c31-e3b1207abd79,0,16,103.4375
e3549451-b284-453d-9c31-e3b1207abd79,0,17,87.5
e3549451-b284-453d-9c31-e3b1207abd79,0,18,91.45833333333333
e3549451-b284-453d-9c31-e3b1207abd79,0,19,123.22916666666667
e3549451-b284-453d-9c31-e3b1207abd79,0,20,111.66666666666666
e3549451-b284-453d-9c31-e3b1207abd79,1,9,72.86458333333333
e3549451-b284-453d-9c31-e3b1207abd79,1,10,63.85416666666667
e3549451-b284-453d-9c31-e3b1207abd79,1,11,61.66666666666667
e3549451-b284-453d-9c31-e3b1207abd79,1,12,61.16666666666667
e3549451-b284-453d-9c31-e3b1207abd79,1,13,56.041666666666664
e3549451-b284-453d-9c31-e3b1207abd79,1,14,61.666666666666664
e3549451-b284-453d-9c31-e3b1207abd79,1,15,61.70138888888889
e3549451-b284-453d-9c31-e3b1207abd79,1,16,73.54166666666667
e3549451-b284-453d-9c31-e3b1207abd79,1,17,68.125
e3549451-b284-453d-9c31-e3b1207abd79,1,18,76.04166666666667
e3549451-b284-453d-9c31-e3b1207abd79,1,19,78.22916666666666
e3549451-b284-453d-9c31-e3b1207abd79,1,20,70.9375
e3549451-b284-453d-9c31-e3b1207abd79,2,9,57.1875
e3549451-b284-453d-9c31-e3b1207abd79,2,10,52.8125
e3549451-b284-453d-9c31-e3b1207abd79,2,11,59.375
e3549451-b284-453d-9c31-e3b1207abd79,2,12,60.0
e3549451-b284-453d-9c31-e3b1207abd79,2,13,58.020833333333336
e3549451-b284-453d-9c31-e3b1207abd79,2,14,58.854166666666664
e3549451-b284-453d-9c31-e3b1207abd79,2,15,62.5
e3549451-b284-453d-9c31-e3b1207abd79,2,16,52.8125
e3549451-b284-453d-9c31-e3b1207abd79,2,17,52.91666666666667
e3549451-b284-453d-9c31-e3b1207abd79,2,18,62.63888888888889
e3549451-b284-453d-9c31-e3b1207abd79,2,19,70.72916666666667
e3549451-b284-453d-9c31-e3b1207abd79,2,20,63.22916666666667
e3549451-b284-453d-9c31-e3b1207abd79,3,9,67.08333333333334
e3549451-b284-453d-9c31-e3b1207abd79,3,10,57.29166666666667
e3549451-b284-453d-9c31-e3b1207abd79,3,11,69.375
e3549451-b284-453d-9c31-e3b1207abd79,3,12,64.6875
e3549451-b284-453d-9c31-e3b1207abd79,3,13,56.97916666666667
e3549451-b284-453d-9c31-e3b1207abd79,3,14,69.6875
e3549451-b284-453d-9c31-e3b1207abd79,3,15,62.1875
e3549451-b284-453d-9c31-e3b1207abd79,3,16,62.1875
e3549451-b284-453d-9c31-e3b1207abd79,3,17,61.145833333333336
e3549451-b284-453d-9c31-e3b1207abd79,3,18,69.82638888888889
e3549451-b284-453d-9c31-e3b1207abd79,3,19,69.58333333333334
e3549451-b284-453d-9c31-e3b1207abd79,3,20,68.19444444444444
e3549451-b284-453d-9c31-e3b1207abd79,4,9,82.66098484848484
e3549451-b284-453d-9c31-e3b1207abd79,4,10,76.77083333333334
e3549451-b284-453d-9c31-e3b1207abd79,4,11,73.125
e3549451-b284-453d-9c31-e3b1207abd79,4,12,73.33333333333333
e3549451-b284-453d-9c31-e3b1207abd79,4,13,74.79166666666667
e3549451-b284-453d-9c31-e3b1207abd79,4,14,68.4375
e3549451-b284-453d-9c31-e3b1207abd79,4,15,71.66666666666667
e3549451-b284-453d-9c31-e3b1207abd79,4,16,79.79166666666667
e3549451-b284-453d-9c31-e3b1207abd79,4,17,93.4375
e3549451-b284-453d-9c31-e3b1207abd79,4,18,99.58333333333334
e3549451-b284-453d-9c31-e3b1207abd79,4,19,95.41666666666667
e3549451-b284-453d-9c31-e3b1207abd79,4,20,115.41666666666667
e3549451-b284-453d-9c31-e3b1207abd79,5,9,97.9861111111111
e3549451-b284-453d-9c31-e3b1207abd79,5,10,89.375
e3549451-b284-453d-9c31-e3b1207abd79,5,11,85.69444444444444
e3549451-b284-453d-9c31-e3b1207abd79,5,12,85.68181818181819
e3549451-b284-453d-9c31-e3b1207abd79,5,13,96.35416666666667
e3549451-b284-453d-9c31-e3b1207abd79,5,14,94.47916666666667
e3549451-b284-453d-9c31-e3b1207abd79,5,15,88.47222222222223
e3549451-b284-453d-9c31-e3b1207abd79,5,16,89.72222222222221
e3549451-b284-453d-9c31-e3b1207abd79,5,17,98.54166666666667
e3549451-b284-453d-9c31-e3b1207abd79,5,18,108.4375
e3549451-b284-453d-9c31-e3b1207abd79,5,19,106.04166666666667
e3549451-b284-453d-9c31-e3b1207abd79,5,20,101.35416666666667
e3549451-b284-453d-9c31-e3b1207abd79,6,9,83.19444444444444
e3549451-b284-453d-9c31-e3b1207abd79,6,10,72.63888888888889
e3549451-b284-453d-9c31-e3b1207abd79,6,11,76.77083333333333
e3549451-b284-453d-9c31-e3b1207abd79,6,12,77.8125
e3549451-b284-453d-9c31-e3b1207abd79,6,13,83.22916666666666
e3549451-b284-453d-9c31-e3b1207abd79,6,14,85.41666666666667
e3549451-b284-453d-9c31-e3b1207abd79,6,15,84.58333333333334
e3549451-b284-453d-9c31-e3b1207abd79,6,16,84.79166666666666
e3549451-b284-453d-9c31-e3b1207abd79,6,17,76.45833333333333
e3549451-b284-453d-9c31-e3b1207abd79,6,18,92.75
e3549451-b284-453d-9c31-e3b1207abd79,6,19,89.79166666666666
e3549451-b284-453d-9c31-e3b1207abd79,6,20,84.16666666666667
e39b831b-7731-49bb-815b-289b4f49a9fd,0,9,13.333333333333334
e39b831b-7731-49bb-815b-289b4f49a9fd,0,10,14.722222222222221
e39b831b-7731-49bb-815b-289b4f49a9fd,0,11,16.666666666666668
e39b831b-7731-49bb-815b-289b4f49a9fd,0,12,17.5
e39b831b-7731-49bb-815b-289b4f49a9fd,0,13,17.5
e39b831b-7731-49bb-815b-289b4f49a9fd,0,14,17.5
e39b831b-7731-49bb-815b-289b4f49a9fd,0,15,17.5
e39b831b-7731-49bb-815b-289b4f49a9fd,0,16,18.333333333333332
e39b831b-7731-49bb-815b-289b4f49a9fd,0,17,17.5
e39b831b-7731-49bb-815b-289b4f49a9fd,0,18,17.5
e39b831b-7731-49bb-815b-289b4f49a9fd,0,19,18.333333333333332
e39b831b-7731-49bb-815b-289b4f49a9fd,0,20,15.0
e39b831b-7731-49bb-815b-289b4f49a9fd,1,9,15.0
e39b831b-7731-49bb-815b-289b4f49a9fd,1,10,17.5
e39b831b-7731-49bb-815b-289b4f49a9fd,1,11,16.25
e39b831b-7731-49bb-815b-289b4f49a9fd,1,12,16.666666666666668
e39b831b-7731-49bb-815b-289b4f49a9fd,1,13,16.666666666666668
e39b831b-7731-49bb-815b-289b4f49a9fd,1,14,17.5
e39b831b-7731-49bb-815b-289b4f49a9fd,1,15,16.25
e39b831b-7731-49bb-815b-289b4f49a9fd,1,16,15.0
e39b831b-7731-49bb-815b-289b4f49a9fd,2,9,15.0
e39b831b-7731-49bb-815b-289b4f49a9fd,2,10,15.0
e39b831b-7731-49bb-815b-289b4f49a9fd,2,11,15.0
e39b831b-7731-49bb-815b-289b4f49a9fd,2,12,15.0
e39b831b-7731-49bb-815b-289b4f49a9fd,2,13,15.0
e39b831b-7731-49bb-815b-289b4f49a9fd,2,14,15.0
e39b831b-7731-49bb-815b-289b4f49a9fd,2,15,15.0
e39b831b-7731-49bb-815b-289b4f49a9fd,2,16,17.5
e39b831b-7731-49bb-815b-289b4f49a9fd,2,17,17.5
e39b831b-7731-49bb-815b-289b4f49a9fd,2,18,17.5
e39b831b-7731-49bb-815b-289b4f49a9fd,2,19,18.333333333333332
e39b831b-7731-49bb-815b-289b4f49a9fd,2,20,15.0
e39b831b-7731-49bb-815b-289b4f49a9fd,3,9,15.0
e39b831b-7731-49bb-815b-289b4f49a9fd,3,10,15.0
e39b831b-7731-49bb-815b-289b4f49a9fd,3,11,15.0
e39b831b-7731-49bb-815b-289b4f49a9fd,3,12,15.0
e39b831b-7731-49bb-815b-289b4f49a9fd,3,13,15.0
e39b831b-7731-49bb-815b-289b4f49a9fd,3,14,15.0
e39b831b-7731-49bb-815b-289b4f49a9fd,3,15,15.0
e39b831b-7731-49bb-815b-289b4f49a9fd,3,16,15.0
e39b831b-7731-49bb-815b-289b4f49a9fd,3,17,16.666666666666668
e39b831b-7731-49bb-815b-289b4f49a9fd,3,18,16.666666666666668
e39b831b-7731-49bb-815b-289b4f49a9fd,3,19,16.666666666666668
e39b831b-7731-49bb-815b-289b4f49a9fd,4,9,17.5
e39b831b-7731-49bb-815b-289b4f49a9fd,4,10,16.666666666666668
e39b831b-7731-49bb-815b-289b4f49a9fd,4,11,16.666666666666668
e39b831b-7731-49bb-815b-289b4f49a9fd,4,12,16.666666666666668
e39b831b-7731-49bb-815b-289b4f49a9fd,4,13,16.666666666666668
e39b831b-7731-49bb-815b-289b4f49a9fd,4,14,16.25
e39b831b-7731-49bb-815b-289b4f49a9fd,4,15,16.25
e39b831b-7731-49bb-815b-289b4f49a9fd,4,16,16.666666666666668
e39b831b-7731-49bb-815b-289b4f49a9fd,5,9,16.75
e39b831b-7731-49bb-815b-289b4f49a9fd,5,10,18.333333333333332
e39b831b-7731-49bb-815b-289b4f49a9fd,5,11,18.333333333333332
e39b831b-7731-49bb-815b-289b4f49a9fd,5,12,18.333333333333332
e39b831b-7731-49bb-815b-289b4f49a9fd,5,13,18.333333333333332
e39b831b-7731-49bb-815b-289b4f49a9fd,5,14,18.333333333333332
e39b831b-7731-49bb-815b-289b4f49a9fd,5,15,17.708333333333336
e39b831b-7731-49bb-815b-289b4f49a9fd,5,16,17.5
e39b831b-7731-49bb-815b-289b4f49a9fd,5,17,16.666666666666668
e39b831b-7731-49bb-815b-289b4f49a9fd,5,18,18.333333333333332
e39b831b-7731-49bb-815b-289b4f49a9fd,5,19,17.5
e39b831b-7731-49bb-815b-289b4f49a9fd,5,20,15.0
e39b831b-7731-49bb-815b-289b4f49a9fd,6,9,18.333333333333332
e39b831b-7731-49bb-815b-289b4f49a9fd,6,10,18.75
e39b831b-7731-49bb-815b-289b4f49a9fd,6,11,18.75
e39b831b-7731-49bb-815b-289b4f49a9fd,6,12,18.75
e39b831b-7731-49bb-815b-289b4f49a9fd,6,13,18.75
e39b831b-7731-49bb-815b-289b4f49a9fd,6,14,17.5
e39b831b-7731-49bb-815b-289b4f49a9fd,6,15,18.333333333333332
e39b831b-7731-49bb-815b-289b4f49a9fd,6,16,18.75
e39b831b-7731-49bb-815b-289b4f49a9fd,6,19,15.0
e40ac396-cbac-43f4-8752-764ed60ccceb,0,9,13.333333333333334
e40ac396-cbac-43f4-8752-764ed60ccceb,0,10,14.722222222222221
e40ac396-cbac-43f4-8752-764ed60ccceb,0,11,16.666666666666668
e40ac396-cbac-43f4-8752-764ed60ccceb,0,12,17.5
e40ac396-cbac-43f4-8752-764ed60ccceb,0,13,17.5
e40ac396-cbac-43f4-8752-764ed60ccceb,0,14,17.5
e40ac396-cbac-43f4-8752-764ed60ccceb,0,15,17.5
e40ac396-cbac-43f4-8752-764ed60ccceb,0,16,18.333333333333332
e40ac396-cbac-43f4-8752-764ed60ccceb,0,17,17.5
e40ac396-cbac-43f4-8752-764ed60ccceb,0,18,17.5
e40ac396-cbac-43f4-8752-764ed60ccceb,0,19,18.333333333333332
e40ac396-cbac-43f4-8752-764ed60ccceb,0,20,15.0
e40ac396-cbac-43f4-8752-764ed60ccceb,1,9,15.0
e40ac396-cbac-43f4-8752-764ed60ccceb,1,10,17.5
e40ac396-cbac-43f4-8752-764ed60ccceb,1,11,16.25
e40ac396-cbac-43f4-8752-764ed60ccceb,1,12,16.666666666666668
e40ac396-cbac-43f4-8752-764ed60ccceb,1,13,16.666666666666668
e40ac396-cbac-43f4-8752-764ed60ccceb,1,14,17.5
e40ac396-cbac-43f4-8752-764ed60ccceb,1,15,16.25
e40ac396-cbac-43f4-8752-764ed60ccceb,1,16,15.0
e40ac396-cbac-43f4-8752-764ed60ccceb,2,9,15.0
e40ac396-cbac-43f4-8752-764ed60ccceb,2,10,15.0
e40ac396-cbac-43f4-8752-764ed60ccceb,2,11,15.0
e40ac396-cbac-43f4-8752-764ed60ccceb,2,12,15.0
e40ac396-cbac-43f4-8752-764ed60ccceb,2,13,15.0
e40ac396-cbac-43f4-8752-764ed60ccceb,2,14,15.0
e40ac396-cbac-43f4-8752-764ed60ccceb,2,15,15.0
e40ac396-cbac-43f4-8752-764ed60ccceb,2,16,17.5
e40ac396-cbac-43f4-8752-764ed60ccceb,2,17,17.5
e40ac396-cbac-43f4-8752-764ed60ccceb,2,18,17.5
e40ac396-cbac-43f4-8752-764ed60ccceb,2,19,18.333333333333332
e40ac396-cbac-43f4-8752-764ed60ccceb,2,20,15.0
e40ac396-cbac-43f4-8752-764ed60ccceb,3,9,15.0
e40ac396-cbac-43f4-8752-764ed60ccceb,3,10,15.0
e40ac396-cbac-43f4-8752-764ed60ccceb,3,11,15.0
e40ac396-cbac-43f4-8752-764ed60ccceb,3,12,15.0
e40ac396-cbac-43f4-8752-764ed60ccceb,3,13,15.0
e40ac396-cbac-43f4-8752-764ed60ccceb,3,14,15.0
e40ac396-cbac-43f4-8752-764ed60ccceb,3,15,15.0
e40ac396-cbac-43f4-8752-764ed60ccceb,3,16,15.0
e40ac396-cbac-43f4-8752-764ed60ccceb,3,17,16.666666666666668
e40ac396-cbac-43f4-8752-764ed60ccceb,3,18,16.666666666666668
e40ac396-cbac-43f4-8752-764ed60ccceb,3,19,16.666666666666668
e40ac396-cbac-43f4-8752-764ed60ccceb,4,9,17.5
e40ac396-cbac-43f4-8752-764ed60ccceb,4,10,16.666666666666668
e40ac396-cbac-43f4-8752-764ed60ccceb,4,11,16.666666666666668
e40ac396-cbac-43f4-8752-764ed60ccceb,4,12,16.666666666666668
e40ac396-cbac-43f4-8752-764ed60ccceb,4,13,16.666666666666668
e40ac396-cbac-43f4-8752-764ed60ccceb,4,14,16.25
e40ac396-cbac-43f4-8752-764ed60ccceb,4,15,16.25
e40ac396-cbac-43f4-8752-764ed60ccceb,4,16,16.666666666666668
e40ac396-cbac-43f4-8752-764ed60ccceb,5,9,16.75
e40ac396-cbac-43f4-8752-764ed60ccceb,5,10,18.333333333333332
e40ac396-cbac-43f4-8752-764ed60ccceb,5,11,18.333333333333332
e40ac396-cbac-43f4-8752-764ed60ccceb,5,12,18.333333333333332
e40ac396-cbac-43f4-8752-764ed60ccceb,5,13,18.333333333333332
e40ac396-cbac-43f4-8752-764ed60ccceb,5,14,18.333333333333332
e40ac396-cbac-43f4-8752-764ed60ccceb,5,15,17.708333333333336
e40ac396-cbac-43f4-8752-764ed60ccceb,5,16,17.5
e40ac396-cbac-43f4-8752-764ed60ccceb,5,17,16.666666666666668
e40ac396-cbac-43f4-8752-764ed60ccceb,5,18,18.333333333333332
e40ac396-cbac-43f4-8752-764ed60ccceb,5,19,17.5
e40ac396-cbac-43f4-8752-764ed60ccceb,5,20,15.0
e40ac396-cbac-43f4-8752-764ed60ccceb,6,9,18.333333333333332
e40ac396-cbac-43f4-8752-764ed60ccceb,6,10,18.75
e40ac396-cbac-43f4-8752-764ed60ccceb,6,11,18.75
e40ac396-cbac-43f4-8752-764ed60ccceb,6,12,18.75
e40ac396-cbac-43f4-8752-764ed60ccceb,6,13,18.75
e40ac396-cbac-43f4-8752-764ed60ccceb,6,14,17.5
e40ac396-cbac-43f4-8752-764ed60ccceb,6,15,18.333333333333332
e40ac396-cbac-43f4-8752-764ed60ccceb,6,16,18.75
e40ac396-cbac-43f4-8752-764ed60ccceb,6,19,15.0
e516f303-e82d-4fd3-8fbf-8e6ab624cf89,0,9,33.27083333333333
e516f303-e82d-4fd3-8fbf-8e6ab624cf89,0,10,44.27083333333333
e516f303-e82d-4fd3-8fbf-8e6ab624cf89,0,11,53.02083333333333
e516f303-e82d-4fd3-8fbf-8e6ab624cf89,0,12,51.04166666666667
e516f303-e82d-4fd3-8fbf-8e6ab624cf89,0,13,44.375
e516f303-e82d-4fd3-8fbf-8e6ab624cf89,0,14,44.166666666666664
e516f303-e82d-4fd3-8fbf-8e6ab624cf89,0,15,46.25
e516f303-e82d-4fd3-8fbf-8e6ab624cf89,0,16,52.361111111111114
e516f303-e82d-4fd3-8fbf-8e6ab624cf89,0,17,47.083333333333336
e516f303-e82d-4fd3-8fbf-8e6ab624cf89,0,18,45.0
e516f303-e82d-4fd3-8fbf-8e6ab624cf89,0,19,40.208333333333336
e516f303-e82d-4fd3-8fbf-8e6ab624cf89,0,20,30.3125
e516f303-e82d-4fd3-8fbf-8e6ab624cf89,1,9,30.555555555555557
e516f303-e82d-4fd3-8fbf-8e6ab624cf89,1,10,45.208333333333336
e516f303-e82d-4fd3-8fbf-8e6ab624cf89,1,11,50.9375
e516f303-e82d-4fd3-8fbf-8e6ab624cf89,1,12,50.3125
e516f303-e82d-4fd3-8fbf-8e6ab624cf89,1,13,46.458333333333336
e516f303-e82d-4fd3-8fbf-8e6ab624cf89,1,14,49.791666666666664
e516f303-e82d-4fd3-8fbf-8e6ab624cf89,1,15,46.52777777777777
e516f303-e82d-4fd3-8fbf-8e6ab624cf89,1,16,47.5
e516f303-e82d-4fd3-8fbf-8e6ab624cf89,1,17,48.95833333333333
e516f303-e82d-4fd3-8fbf-8e6ab624cf89,1,18,60.104166666666664
e516f303-e82d-4fd3-8fbf-8e6ab624cf89,1,19,55.3125
e516f303-e82d-4fd3-8fbf-8e6ab624cf89,1,20,44.6875
e516f303-e82d-4fd3-8fbf-8e6ab624cf89,1,21,38.888888888888886
e516f303-e82d-4fd3-8fbf-8e6ab624cf89,2,9,31.25
e516f303-e82d-4fd3-8fbf-8e6ab624cf89,2,10,40.0
e516f303-e82d-4fd3-8fbf-8e6ab624cf89,2,11,41.875
e516f303-e82d-4fd3-8fbf-8e6ab624cf89,2,12,47.395833333333336
e516f303-e82d-4fd3-8fbf-8e6ab624cf89,2,13,41.04166666666667
e516f303-e82d-4fd3-8fbf-8e6ab624cf89,2,14,39.166666666666664
e516f303-e82d-4fd3-8fbf-8e6ab624cf89,2,15,37.083333333333336
e516f303-e82d-4fd3-8fbf-8e6ab624cf89,2,16,38.541666666666664
e516f303-e82d-4fd3-8fbf-8e6ab624cf89,2,17,36.875
e516f303-e82d-4fd3-8fbf-8e6ab624cf89,2,18,41.666666666666664
e516f303-e82d-4fd3-8fbf-8e6ab624cf89,2,19,42.77777777777778
e516f303-e82d-4fd3-8fbf-8e6ab624cf89,2,20,36.85606060606061
e516f303-e82d-4fd3-8fbf-8e6ab624cf89,3,9,27.035984848484848
e516f303-e82d-4fd3-8fbf-8e6ab624cf89,3,10,38.888888888888886
e516f303-e82d-4fd3-8fbf-8e6ab624cf89,3,11,46.458333333333336
e516f303-e82d-4fd3-8fbf-8e6ab624cf89,3,12,47.08333333333333
e516f303-e82d-4fd3-8fbf-8e6ab624cf89,3,13,45.0
e516f303-e82d-4fd3-8fbf-8e6ab624cf89,3,14,43.02083333333333
e516f303-e82d-4fd3-8fbf-8e6ab624cf89,3,15,41.5625
e516f303-e82d-4fd3-8fbf-8e6ab624cf89,3,16,50.41666666666667
e516f303-e82d-4fd3-8fbf-8e6ab624cf89,3,17,44.52777777777777
e516f303-e82d-4fd3-8fbf-8e6ab624cf89,3,18,51.25
e516f303-e82d-4fd3-8fbf-8e6ab624cf89,3,19,47.1875
e516f303-e82d-4fd3-8fbf-8e6ab624cf89,3,20,38.4375
e516f303-e82d-4fd3-8fbf-8e6ab624cf89,4,9,37.916666666666664
e516f303-e82d-4fd3-8fbf-8e6ab624cf89,4,10,47.111111111111114
e516f303-e82d-4fd3-8fbf-8e6ab624cf89,4,11,54.6875
e516f303-e82d-4fd3-8fbf-8e6ab624cf89,4,12,58.333333333333336
e516f303-e82d-4fd3-8fbf-8e6ab624cf89,4,13,50.3125
e516f303-e82d-4fd3-8fbf-8e6ab624cf89,4,14,53.4375
e516f303-e82d-4fd3-8fbf-8e6ab624cf89,4,15,52.5
e516f303-e82d-4fd3-8fbf-8e6ab624cf89,4,16,63.958333333333336
e516f303-e82d-4fd3-8fbf-8e6ab624cf89,4,17,63.611111111111114
e516f303-e82d-4fd3-8fbf-8e6ab624cf89,4,18,75.72916666666666
e516f303-e82d-4fd3-8fbf-8e6ab624cf89,4,19,66.875
e516f303-e82d-4fd3-8fbf-8e6ab624cf89,4,20,68.75
e516f303-e82d-4fd3-8fbf-8e6ab624cf89,4,21,72.08333333333333
e516f303-e82d-4fd3-8fbf-8e6ab624cf89,5,8,24.166666666666668
e516f303-e82d-4fd3-8fbf-8e6ab624cf89,5,9,41.97916666666667
e516f303-e82d-4fd3-8fbf-8e6ab624cf89,5,10,51.875
e516f303-e82d-4fd3-8fbf-8e6ab624cf89,5,11,64.97222222222221
e516f303-e82d-4fd3-8fbf-8e6ab624cf89,5,12,65.92261904761905
e516f303-e82d-4fd3-8fbf-8e6ab624cf89,5,13,62.60416666666667
e516f303-e82d-4fd3-8fbf-8e6ab624cf89,5,14,63.645833333333336
e516f303-e82d-4fd3-8fbf-8e6ab624cf89,5,15,68.19444444444444
e516f303-e82d-4fd3-8fbf-8e6ab624cf89,5,16,71.68650793650794
e516f303-e82d-4fd3-8fbf-8e6ab624cf89,5,17,76.94444444444444
e516f303-e82d-4fd3-8fbf-8e6ab624cf89,5,18,65.0
e516f303-e82d-4fd3-8fbf-8e6ab624cf89,5,19,60.13888888888889
e516f303-e82d-4fd3-8fbf-8e6ab624cf89,5,20,49.166666666666664
e516f303-e82d-4fd3-8fbf-8e6ab624cf89,5,21,45.833333333333336
e516f303-e82d-4fd3-8fbf-8e6ab624cf89,6,9,35.699404761904766
e516f303-e82d-4fd3-8fbf-8e6ab624cf89,6,10,48.611111111111114
e516f303-e82d-4fd3-8fbf-8e6ab624cf89,6,11,56.25
e516f303-e82d-4fd3-8fbf-8e6ab624cf89,6,12,63.333333333333336
e516f303-e82d-4fd3-8fbf-8e6ab624cf89,6,13,58.125
e516f303-e82d-4fd3-8fbf-8e6ab624cf89,6,14,58.64583333333333
e516f303-e82d-4fd3-8fbf-8e6ab624cf89,6,15,56.666666666666664
e516f303-e82d-4fd3-8fbf-8e6ab624cf89,6,16,58.02083333333333
e516f303-e82d-4fd3-8fbf-8e6ab624cf89,6,17,65.3125
e516f303-e82d-4fd3-8fbf-8e6ab624cf89,6,18,58.02083333333333
e516f303-e82d-4fd3-8fbf-8e6ab624cf89,6,19,53.125
e516f303-e82d-4fd3-8fbf-8e6ab624cf89,6,20,49.72222222222222
e516f303-e82d-4fd3-8fbf-8e6ab624cf89,6,21,40.0
e76c93df-31af-49a5-8e2f-752c76c937c9,0,11,15.520833333333334
e76c93df-31af-49a5-8e2f-752c76c937c9,0,12,18.4375
e76c93df-31af-49a5-8e2f-752c76c937c9,0,13,13.645833333333332
e76c93df-31af-49a5-8e2f-752c76c937c9,0,14,14.583333333333334
e76c93df-31af-49a5-8e2f-752c76c937c9,0,15,16.770833333333336
e76c93df-31af-49a5-8e2f-752c76c937c9,0,16,14.861111111111112
e76c93df-31af-49a5-8e2f-752c76c937c9,0,17,18.666666666666664
e76c93df-31af-49a5-8e2f-752c76c937c9,0,18,17.604166666666668
e76c93df-31af-49a5-8e2f-752c76c937c9,0,19,14.285714285714286
e76c93df-31af-49a5-8e2f-752c76c937c9,1,10,11.354166666666666
e76c93df-31af-49a5-8e2f-752c76c937c9,1,11,11.875
e76c93df-31af-49a5-8e2f-752c76c937c9,1,12,11.041666666666666
e76c93df-31af-49a5-8e2f-752c76c937c9,1,13,10.3125
e76c93df-31af-49a5-8e2f-752c76c937c9,1,14,10.9375
e76c93df-31af-49a5-8e2f-752c76c937c9,1,15,12.1875
e76c93df-31af-49a5-8e2f-752c76c937c9,1,16,12.1875
e76c93df-31af-49a5-8e2f-752c76c937c9,1,17,8.571428571428571
e76c93df-31af-49a5-8e2f-752c76c937c9,2,11,14.270833333333332
e76c93df-31af-49a5-8e2f-752c76c937c9,2,12,21.145833333333336
e76c93df-31af-49a5-8e2f-752c76c937c9,2,13,20.208333333333332
e76c93df-31af-49a5-8e2f-752c76c937c9,2,14,14.6875
e76c93df-31af-49a5-8e2f-752c76c937c9,2,15,18.333333333333336
e76c93df-31af-49a5-8e2f-752c76c937c9,2,16,17.1875
e76c93df-31af-49a5-8e2f-752c76c937c9,2,17,20.416666666666664
e76c93df-31af-49a5-8e2f-752c76c937c9,2,18,18.75
e76c93df-31af-49a5-8e2f-752c76c937c9,2,19,21.25
e76c93df-31af-49a5-8e2f-752c76c937c9,3,10,11.666666666666666
e76c93df-31af-49a5-8e2f-752c76c937c9,3,11,15.833333333333332
e76c93df-31af-49a5-8e2f-752c76c937c9,3,12,18.125
e76c93df-31af-49a5-8e2f-752c76c937c9,3,13,19.270833333333332
e76c93df-31af-49a5-8e2f-752c76c937c9,3,14,15.0
e76c93df-31af-49a5-8e2f-752c76c937c9,3,15,17.916666666666668
e76c93df-31af-49a5-8e2f-752c76c937c9,3,16,14.104166666666668
e76c93df-31af-49a5-8e2f-752c76c937c9,3,17,17.5
e76c93df-31af-49a5-8e2f-752c76c937c9,3,18,21.666666666666668
e76c93df-31af-49a5-8e2f-752c76c937c9,3,19,22.38095238095238
e76c93df-31af-49a5-8e2f-752c76c937c9,4,10,10.625
e76c93df-31af-49a5-8e2f-752c76c937c9,4,11,11.979166666666666
e76c93df-31af-49a5-8e2f-752c76c937c9,4,12,11.458333333333332
e76c93df-31af-49a5-8e2f-752c76c937c9,4,13,11.770833333333334
e76c93df-31af-49a5-8e2f-752c76c937c9,4,14,11.145833333333334
e76c93df-31af-49a5-8e2f-752c76c937c9,4,15,11.666666666666666
e76c93df-31af-49a5-8e2f-752c76c937c9,4,16,10.416666666666666
e76c93df-31af-49a5-8e2f-752c76c937c9,4,17,10.0
e76c93df-31af-49a5-8e2f-752c76c937c9,5,11,14.0625
e76c93df-31af-49a5-8e2f-752c76c937c9,5,12,16.25
e76c93df-31af-49a5-8e2f-752c76c937c9,5,13,19.375
e76c93df-31af-49a5-8e2f-752c76c937c9,5,14,15.416666666666666
e76c93df-31af-49a5-8e2f-752c76c937c9,5,15,17.5
e76c93df-31af-49a5-8e2f-752c76c937c9,5,16,20.0
e76c93df-31af-49a5-8e2f-752c76c937c9,5,17,19.479166666666668
e76c93df-31af-49a5-8e2f-752c76c937c9,5,18,20.416666666666668
e76c93df-31af-49a5-8e2f-752c76c937c9,5,19,16.07142857142857
e76c93df-31af-49a5-8e2f-752c76c937c9,6,10,11.944444444444445
e76c93df-31af-49a5-8e2f-752c76c937c9,6,11,16.145833333333332
e76c93df-31af-49a5-8e2f-752c76c937c9,6,12,13.125
e76c93df-31af-49a5-8e2f-752c76c937c9,6,13,13.4375
e76c93df-31af-49a5-8e2f-752c76c937c9,6,14,13.229166666666668
e76c93df-31af-49a5-8e2f-752c76c937c9,6,15,13.4375
e76c93df-31af-49a5-8e2f-752c76c937c9,6,16,14.375
e76c93df-31af-49a5-8e2f-752c76c937c9,6,17,15.376984126984127
e76c93df-31af-49a5-8e2f-752c76c937c9,6,18,33.75
e76c93df-31af-49a5-8e2f-752c76c937c9,6,19,14.285714285714286
e7976e25-4322-4587-8ded-fb1d9dcbb83c,0,8,5.0
e7976e25-4322-4587-8ded-fb1d9dcbb83c,0,9,5.0
e7976e25-4322-4587-8ded-fb1d9dcbb83c,0,10,5.0
e7976e25-4322-4587-8ded-fb1d9dcbb83c,0,11,5.0
e7976e25-4322-4587-8ded-fb1d9dcbb83c,0,12,5.0
e7976e25-4322-4587-8ded-fb1d9dcbb83c,0,13,5.0
e7976e25-4322-4587-8ded-fb1d9dcbb83c,0,14,5.0
e7976e25-4322-4587-8ded-fb1d9dcbb83c,0,15,5.0
e7976e25-4322-4587-8ded-fb1d9dcbb83c,0,16,5.0
e7976e25-4322-4587-8ded-fb1d9dcbb83c,0,17,5.0
e7976e25-4322-4587-8ded-fb1d9dcbb83c,0,18,5.0
e7976e25-4322-4587-8ded-fb1d9dcbb83c,1,8,5.0
e7976e25-4322-4587-8ded-fb1d9dcbb83c,1,9,5.0
e7976e25-4322-4587-8ded-fb1d9dcbb83c,1,10,5.0
e7976e25-4322-4587-8ded-fb1d9dcbb83c,1,11,5.0
e7976e25-4322-4587-8ded-fb1d9dcbb83c,1,12,5.0
e7976e25-4322-4587-8ded-fb1d9dcbb83c,1,13,5.0
e7976e25-4322-4587-8ded-fb1d9dcbb83c,1,14,5.0
e7976e25-4322-4587-8ded-fb1d9dcbb83c,1,15,5.0
e7976e25-4322-4587-8ded-fb1d9dcbb83c,1,16,5.0
e7976e25-4322-4587-8ded-fb1d9dcbb83c,1,17,5.0
e7976e25-4322-4587-8ded-fb1d9dcbb83c,1,18,5.0
e7976e25-4322-4587-8ded-fb1d9dcbb83c,2,8,5.0
e7976e25-4322-4587-8ded-fb1d9dcbb83c,2,9,5.0
e7976e25-4322-4587-8ded-fb1d9dcbb83c,2,10,5.0
e7976e25-4322-4587-8ded-fb1d9dcbb83c,2,11,5.0
e7976e25-4322-4587-8ded-fb1d9dcbb83c,2,12,5.0
e7976e25-4322-4587-8ded-fb1d9dcbb83c,2,13,5.0
e7976e25-4322-4587-8ded-fb1d9dcbb83c,2,14,5.0
e7976e25-4322-4587-8ded-fb1d9dcbb83c,2,15,5.0
e7976e25-4322-4587-8ded-fb1d9dcbb83c,2,16,5.0
e7976e25-4322-4587-8ded-fb1d9dcbb83c,2,17,5.0
e7976e25-4322-4587-8ded-fb1d9dcbb83c,2,18,5.0
e7976e25-4322-4587-8ded-fb1d9dcbb83c,3,8,5.0
e7976e25-4322-4587-8ded-fb1d9dcbb83c,3,9,5.0
e7976e25-4322-4587-8ded-fb1d9dcbb83c,3,10,5.0
e7976e25-4322-4587-8ded-fb1d9dcbb83c,3,11,5.0
e7976e25-4322-4587-8ded-fb1d9dcbb83c,3,12,5.0
e7976e25-4322-4587-8ded-fb1d9dcbb83c,3,13,5.0
e7976e25-4322-4587-8ded-fb1d9dcbb83c,3,14,5.0
e7976e25-4322-4587-8ded-fb1d9dcbb83c,3,15,5.0
e7976e25-4322-4587-8ded-fb1d9dcbb83c,3,16,5.0
e7976e25-4322-4587-8ded-fb1d9dcbb83c,3,17,5.0
e7976e25-4322-4587-8ded-fb1d9dcbb83c,3,18,5.0
e7976e25-4322-4587-8ded-fb1d9dcbb83c,4,8,5.0
e7976e25-4322-4587-8ded-fb1d9dcbb83c,4,9,5.0
e7976e25-4322-4587-8ded-fb1d9dcbb83c,4,10,5.0
e7976e25-4322-4587-8ded-fb1d9dcbb83c,4,11,5.0
e7976e25-4322-4587-8ded-fb1d9dcbb83c,4,12,5.0
e7976e25-4322-4587-8ded-fb1d9dcbb83c,4,13,5.0
e7976e25-4322-4587-8ded-fb1d9dcbb83c,4,14,5.0
e7976e25-4322-4587-8ded-fb1d9dcbb83c,4,15,5.0
e7976e25-4322-4587-8ded-fb1d9dcbb83c,4,16,5.0
e7976e25-4322-4587-8ded-fb1d9dcbb83c,4,17,5.0
e7976e25-4322-4587-8ded-fb1d9dcbb83c,4,18,5.0
e7976e25-4322-4587-8ded-fb1d9dcbb83c,5,8,5.0
e7976e25-4322-4587-8ded-fb1d9dcbb83c,5,9,5.0
e7976e25-4322-4587-8ded-fb1d9dcbb83c,5,10,5.0
e7976e25-4322-4587-8ded-fb1d9dcbb83c,5,11,5.0
e7976e25-4322-4587-8ded-fb1d9dcbb83c,5,12,5.0
e7976e25-4322-4587-8ded-fb1d9dcbb83c,5,13,5.0
e7976e25-4322-4587-8ded-fb1d9dcbb83c,5,14,5.0
e7976e25-4322-4587-8ded-fb1d9dcbb83c,5,15,5.0
e7976e25-4322-4587-8ded-fb1d9dcbb83c,5,16,5.0
e7976e25-4322-4587-8ded-fb1d9dcbb83c,5,17,5.0
e7976e25-4322-4587-8ded-fb1d9dcbb83c,5,18,5.0
e7976e25-4322-4587-8ded-fb1d9dcbb83c,6,8,5.0
e7976e25-4322-4587-8ded-fb1d9dcbb83c,6,9,5.0
e7976e25-4322-4587-8ded-fb1d9dcbb83c,6,10,5.0
e7976e25-4322-4587-8ded-fb1d9dcbb83c,6,11,5.0
e7976e25-4322-4587-8ded-fb1d9dcbb83c,6,12,5.0
e7976e25-4322-4587-8ded-fb1d9dcbb83c,6,13,5.0
e7976e25-4322-4587-8ded-fb1d9dcbb83c,6,14,5.0
e7976e25-4322-4587-8ded-fb1d9dcbb83c,6,15,5.0
e7976e25-4322-4587-8ded-fb1d9dcbb83c,6,16,5.0
e7976e25-4322-4587-8ded-fb1d9dcbb83c,6,17,5.0
e7976e25-4322-4587-8ded-fb1d9dcbb83c,6,18,5.0
e8f0b426-7645-4ea3-8b41-b94ae7091a41,0,9,10.0
e8f0b426-7645-4ea3-8b41-b94ae7091a41,0,10,10.0
e8f0b426-7645-4ea3-8b41-b94ae7091a41,0,11,10.208333333333334
e8f0b426-7645-4ea3-8b41-b94ae7091a41,0,12,10.9375
e8f0b426-7645-4ea3-8b41-b94ae7091a41,0,13,10.416666666666666
e8f0b426-7645-4ea3-8b41-b94ae7091a41,0,14,10.0
e8f0b426-7645-4ea3-8b41-b94ae7091a41,0,15,10.9375
e8f0b426-7645-4ea3-8b41-b94ae7091a41,0,16,10.0
e8f0b426-7645-4ea3-8b41-b94ae7091a41,0,17,10.277777777777779
e8f0b426-7645-4ea3-8b41-b94ae7091a41,0,18,10.0
e8f0b426-7645-4ea3-8b41-b94ae7091a41,0,19,10.0
e8f0b426-7645-4ea3-8b41-b94ae7091a41,0,20,10.0
e8f0b426-7645-4ea3-8b41-b94ae7091a41,0,21,10.0
e8f0b426-7645-4ea3-8b41-b94ae7091a41,1,9,10.0
e8f0b426-7645-4ea3-8b41-b94ae7091a41,1,10,10.0
e8f0b426-7645-4ea3-8b41-b94ae7091a41,1,11,10.0
e8f0b426-7645-4ea3-8b41-b94ae7091a41,1,12,10.0
e8f0b426-7645-4ea3-8b41-b94ae7091a41,1,13,10.0
e8f0b426-7645-4ea3-8b41-b94ae7091a41,1,14,10.0
e8f0b426-7645-4ea3-8b41-b94ae7091a41,1,15,10.0
e8f0b426-7645-4ea3-8b41-b94ae7091a41,1,16,10.0
e8f0b426-7645-4ea3-8b41-b94ae7091a41,1,17,10.0
e8f0b426-7645-4ea3-8b41-b94ae7091a41,2,9,10.0
e8f0b426-7645-4ea3-8b41-b94ae7091a41,2,10,10.0
e8f0b426-7645-4ea3-8b41-b94ae7091a41,2,11,9.895833333333334
e8f0b426-7645-4ea3-8b41-b94ae7091a41,2,12,10.0
e8f0b426-7645-4ea3-8b41-b94ae7091a41,2,13,10.0
e8f0b426-7645-4ea3-8b41-b94ae7091a41,2,14,10.0
e8f0b426-7645-4ea3-8b41-b94ae7091a41,2,15,10.833333333333334
e8f0b426-7645-4ea3-8b41-b94ae7091a41,2,16,10.416666666666666
e8f0b426-7645-4ea3-8b41-b94ae7091a41,2,17,10.0
e8f0b426-7645-4ea3-8b41-b94ae7091a41,2,18,10.0
e8f0b426-7645-4ea3-8b41-b94ae7091a41,2,19,10.0
e8f0b426-7645-4ea3-8b41-b94ae7091a41,2,20,10.0
e8f0b426-7645-4ea3-8b41-b94ae7091a41,2,21,10.0
e8f0b426-7645-4ea3-8b41-b94ae7091a41,3,9,10.0
e8f0b426-7645-4ea3-8b41-b94ae7091a41,3,10,10.0
e8f0b426-7645-4ea3-8b41-b94ae7091a41,3,11,10.0
e8f0b426-7645-4ea3-8b41-b94ae7091a41,3,12,10.0
e8f0b426-7645-4ea3-8b41-b94ae7091a41,3,13,10.0
e8f0b426-7645-4ea3-8b41-b94ae7091a41,3,14,10.0
e8f0b426-7645-4ea3-8b41-b94ae7091a41,3,15,10.0
e8f0b426-7645-4ea3-8b41-b94ae7091a41,3,16,10.0
e8f0b426-7645-4ea3-8b41-b94ae7091a41,3,17,10.0
e8f0b426-7645-4ea3-8b41-b94ae7091a41,3,18,10.0
e8f0b426-7645-4ea3-8b41-b94ae7091a41,3,19,10.0
e8f0b426-7645-4ea3-8b41-b94ae7091a41,3,20,10.0
e8f0b426-7645-4ea3-8b41-b94ae7091a41,3,21,10.0
e8f0b426-7645-4ea3-8b41-b94ae7091a41,4,9,10.0
e8f0b426-7645-4ea3-8b41-b94ae7091a41,4,10,10.3125
e8f0b426-7645-4ea3-8b41-b94ae7091a41,4,11,11.25
e8f0b426-7645-4ea3-8b41-b94ae7091a41,4,12,11.25
e8f0b426-7645-4ea3-8b41-b94ae7091a41,4,13,11.25
e8f0b426-7645-4ea3-8b41-b94ae7091a41,4,14,11.25
e8f0b426-7645-4ea3-8b41-b94ae7091a41,4,15,11.25
e8f0b426-7645-4ea3-8b41-b94ae7091a41,4,16,11.25
e8f0b426-7645-4ea3-8b41-b94ae7091a41,4,17,11.25
e8f0b426-7645-4ea3-8b41-b94ae7091a41,5,9,8.333333333333334
e8f0b426-7645-4ea3-8b41-b94ae7091a41,5,10,8.75
e8f0b426-7645-4ea3-8b41-b94ae7091a41,5,11,8.75
e8f0b426-7645-4ea3-8b41-b94ae7091a41,5,12,9.270833333333334
e8f0b426-7645-4ea3-8b41-b94ae7091a41,5,13,10.0
e8f0b426-7645-4ea3-8b41-b94ae7091a41,5,14,10.0
e8f0b426-7645-4ea3-8b41-b94ae7091a41,5,15,10.0
e8f0b426-7645-4ea3-8b41-b94ae7091a41,5,16,11.041666666666666
e8f0b426-7645-4ea3-8b41-b94ae7091a41,5,17,10.208333333333334
e8f0b426-7645-4ea3-8b41-b94ae7091a41,5,18,10.0
e8f0b426-7645-4ea3-8b41-b94ae7091a41,5,19,10.0
e8f0b426-7645-4ea3-8b41-b94ae7091a41,5,20,10.0
e8f0b426-7645-4ea3-8b41-b94ae7091a41,5,21,10.0
e8f0b426-7645-4ea3-8b41-b94ae7091a41,6,9,10.0
e8f0b426-7645-4ea3-8b41-b94ae7091a41,6,10,10.0
e8f0b426-7645-4ea3-8b41-b94ae7091a41,6,11,10.0
e8f0b426-7645-4ea3-8b41-b94ae7091a41,6,12,10.0
e8f0b426-7645-4ea3-8b41-b94ae7091a41,6,13,10.0
e8f0b426-7645-4ea3-8b41-b94ae7091a41,6,14,10.3125
e8f0b426-7645-4ea3-8b41-b94ae7091a41,6,15,10.416666666666666
e8f0b426-7645-4ea3-8b41-b94ae7091a41,6,16,10.0
e8f0b426-7645-4ea3-8b41-b94ae7091a41,6,17,10.0
e8f0b426-7645-4ea3-8b41-b94ae7091a41,6,18,10.0
e8f0b426-7645-4ea3-8b41-b94ae7091a41,6,19,10.0
e8f0b426-7645-4ea3-8b41-b94ae7091a41,6,20,10.0
eaca831d-bcbb-4a1e-9bf0-6ea97ccc88e0,0,10,14.6875
eaca831d-bcbb-4a1e-9bf0-6ea97ccc88e0,0,11,46.111111111111114
eaca831d-bcbb-4a1e-9bf0-6ea97ccc88e0,0,12,52.95833333333333
eaca831d-bcbb-4a1e-9bf0-6ea97ccc88e0,0,13,63.64583333333333
eaca831d-bcbb-4a1e-9bf0-6ea97ccc88e0,0,14,68.6111111111111
eaca831d-bcbb-4a1e-9bf0-6ea97ccc88e0,0,15,55.208333333333336
eaca831d-bcbb-4a1e-9bf0-6ea97ccc88e0,0,16,55.42929292929293
eaca831d-bcbb-4a1e-9bf0-6ea97ccc88e0,0,17,58.874458874458874
eaca831d-bcbb-4a1e-9bf0-6ea97ccc88e0,0,18,61.84523809523809
eaca831d-bcbb-4a1e-9bf0-6ea97ccc88e0,0,19,54.30555555555556
eaca831d-bcbb-4a1e-9bf0-6ea97ccc88e0,0,20,75.0
eaca831d-bcbb-4a1e-9bf0-6ea97ccc88e0,1,10,24.608585858585858
eaca831d-bcbb-4a1e-9bf0-6ea97ccc88e0,1,11,46.93497474747475
eaca831d-bcbb-4a1e-9bf0-6ea97ccc88e0,1,12,60.84280303030303
eaca831d-bcbb-4a1e-9bf0-6ea97ccc88e0,1,13,64.42708333333333
eaca831d-bcbb-4a1e-9bf0-6ea97ccc88e0,1,14,71.875
eaca831d-bcbb-4a1e-9bf0-6ea97ccc88e0,1,15,50.520833333333336
eaca831d-bcbb-4a1e-9bf0-6ea97ccc88e0,1,16,57.22222222222222
eaca831d-bcbb-4a1e-9bf0-6ea97ccc88e0,1,17,56.97916666666667
eaca831d-bcbb-4a1e-9bf0-6ea97ccc88e0,1,18,44.07828282828283
eaca831d-bcbb-4a1e-9bf0-6ea97ccc88e0,1,19,38.125
eaca831d-bcbb-4a1e-9bf0-6ea97ccc88e0,2,10,13.229166666666666
eaca831d-bcbb-4a1e-9bf0-6ea97ccc88e0,2,11,36.25
eaca831d-bcbb-4a1e-9bf0-6ea97ccc88e0,2,12,46.05492424242424
eaca831d-bcbb-4a1e-9bf0-6ea97ccc88e0,2,13,58.854166666666664
eaca831d-bcbb-4a1e-9bf0-6ea97ccc88e0,2,14,53.4375
eaca831d-bcbb-4a1e-9bf0-6ea97ccc88e0,2,15,52.916666666666664
eaca831d-bcbb-4a1e-9bf0-6ea97ccc88e0,2,16,48.75
eaca831d-bcbb-4a1e-9bf0-6ea97ccc88e0,2,17,37.583333333333336
eaca831d-bcbb-4a1e-9bf0-6ea97ccc88e0,2,18,45.0
eaca831d-bcbb-4a1e-9bf0-6ea97ccc88e0,2,19,34.583333333333336
eaca831d-bcbb-4a1e-9bf0-6ea97ccc88e0,3,10,13.87310606060606
eaca831d-bcbb-4a1e-9bf0-6ea97ccc88e0,3,11,38.375
eaca831d-bcbb-4a1e-9bf0-6ea97ccc88e0,3,12,57.39583333333333
eaca831d-bcbb-4a1e-9bf0-6ea97ccc88e0,3,13,55.65340909090909
eaca831d-bcbb-4a1e-9bf0-6ea97ccc88e0,3,14,60.615530303030305
eaca831d-bcbb-4a1e-9bf0-6ea97ccc88e0,3,15,56.666666666666664
eaca831d-bcbb-4a1e-9bf0-6ea97ccc88e0,3,16,47.5
eaca831d-bcbb-4a1e-9bf0-6ea97ccc88e0,3,17,47.24431818181818
eaca831d-bcbb-4a1e-9bf0-6ea97ccc88e0,3,18,42.333333333333336
eaca831d-bcbb-4a1e-9bf0-6ea97ccc88e0,3,19,36.083333333333336
eaca831d-bcbb-4a1e-9bf0-6ea97ccc88e0,4,10,24.86111111111111
eaca831d-bcbb-4a1e-9bf0-6ea97ccc88e0,4,11,45.24810606060606
eaca831d-bcbb-4a1e-9bf0-6ea97ccc88e0,4,12,53.125
eaca831d-bcbb-4a1e-9bf0-6ea97ccc88e0,4,13,59.226190476190474
eaca831d-bcbb-4a1e-9bf0-6ea97ccc88e0,4,14,73.64583333333334
eaca831d-bcbb-4a1e-9bf0-6ea97ccc88e0,4,15,65.9077380952381
eaca831d-bcbb-4a1e-9bf0-6ea97ccc88e0,4,16,76.0
eaca831d-bcbb-4a1e-9bf0-6ea97ccc88e0,4,17,55.416666666666664
eaca831d-bcbb-4a1e-9bf0-6ea97ccc88e0,4,18,50.69444444444445
eaca831d-bcbb-4a1e-9bf0-6ea97ccc88e0,4,19,53.75
eaca831d-bcbb-4a1e-9bf0-6ea97ccc88e0,5,9,23.181818181818183
eaca831d-bcbb-4a1e-9bf0-6ea97ccc88e0,5,10,22.291666666666668
eaca831d-bcbb-4a1e-9bf0-6ea97ccc88e0,5,11,49.375
eaca831d-bcbb-4a1e-9bf0-6ea97ccc88e0,5,12,57.08333333333333
eaca831d-bcbb-4a1e-9bf0-6ea97ccc88e0,5,13,69.6875
eaca831d-bcbb-4a1e-9bf0-6ea97ccc88e0,5,14,75.48611111111111
eaca831d-bcbb-4a1e-9bf0-6ea97ccc88e0,5,15,66.66666666666666
eaca831d-bcbb-4a1e-9bf0-6ea97ccc88e0,5,16,61.895833333333336
eaca831d-bcbb-4a1e-9bf0-6ea97ccc88e0,5,17,70.17045454545455
eaca831d-bcbb-4a1e-9bf0-6ea97ccc88e0,5,18,54.94949494949495
eaca831d-bcbb-4a1e-9bf0-6ea97ccc88e0,5,19,49.791666666666664
eaca831d-bcbb-4a1e-9bf0-6ea97ccc88e0,5,20,40.0
eaca831d-bcbb-4a1e-9bf0-6ea97ccc88e0,6,10,17.5
eaca831d-bcbb-4a1e-9bf0-6ea97ccc88e0,6,11,38.64583333333333
eaca831d-bcbb-4a1e-9bf0-6ea97ccc88e0,6,12,44.82954545454545
eaca831d-bcbb-4a1e-9bf0-6ea97ccc88e0,6,13,53.63636363636363
eaca831d-bcbb-4a1e-9bf0-6ea97ccc88e0,6,14,58.888888888888886
eaca831d-bcbb-4a1e-9bf0-6ea97ccc88e0,6,15,63.03030303030303
eaca831d-bcbb-4a1e-9bf0-6ea97ccc88e0,6,16,62.72222222222223
eaca831d-bcbb-4a1e-9bf0-6ea97ccc88e0,6,17,54.895833333333336
eaca831d-bcbb-4a1e-9bf0-6ea97ccc88e0,6,18,50.91269841269841
eaca831d-bcbb-4a1e-9bf0-6ea97ccc88e0,6,19,42.8125
ec25d9a7-b4d4-4ebf-a6c4-c18389351764,0,10,20.583333333333332
ec25d9a7-b4d4-4ebf-a6c4-c18389351764,0,11,38.229166666666664
ec25d9a7-b4d4-4ebf-a6c4-c18389351764,0,12,41.66666666666667
ec25d9a7-b4d4-4ebf-a6c4-c18389351764,0,13,31.770833333333332
ec25d9a7-b4d4-4ebf-a6c4-c18389351764,0,14,32.708333333333336
ec25d9a7-b4d4-4ebf-a6c4-c18389351764,0,15,26.25
ec25d9a7-b4d4-4ebf-a6c4-c18389351764,0,16,38.125
ec25d9a7-b4d4-4ebf-a6c4-c18389351764,0,17,36.04166666666667
ec25d9a7-b4d4-4ebf-a6c4-c18389351764,0,18,26.041666666666668
ec25d9a7-b4d4-4ebf-a6c4-c18389351764,1,9,10.0
ec25d9a7-b4d4-4ebf-a6c4-c18389351764,1,10,23.055555555555557
ec25d9a7-b4d4-4ebf-a6c4-c18389351764,1,11,36.770833333333336
ec25d9a7-b4d4-4ebf-a6c4-c18389351764,1,12,29.6875
ec25d9a7-b4d4-4ebf-a6c4-c18389351764,1,13,24.583333333333332
ec25d9a7-b4d4-4ebf-a6c4-c18389351764,1,14,23.333333333333332
ec25d9a7-b4d4-4ebf-a6c4-c18389351764,1,15,22.291666666666664
ec25d9a7-b4d4-4ebf-a6c4-c18389351764,1,16,25.729166666666668
ec25d9a7-b4d4-4ebf-a6c4-c18389351764,1,17,23.333333333333332
ec25d9a7-b4d4-4ebf-a6c4-c18389351764,1,18,19.444444444444443
ec25d9a7-b4d4-4ebf-a6c4-c18389351764,2,9,13.75
ec25d9a7-b4d4-4ebf-a6c4-c18389351764,2,10,31.875
ec25d9a7-b4d4-4ebf-a6c4-c18389351764,2,11,36.97916666666667
ec25d9a7-b4d4-4ebf-a6c4-c18389351764,2,12,26.25
ec25d9a7-b4d4-4ebf-a6c4-c18389351764,2,13,21.25
ec25d9a7-b4d4-4ebf-a6c4-c18389351764,2,14,20.625
ec25d9a7-b4d4-4ebf-a6c4-c18389351764,2,15,23.4375
ec25d9a7-b4d4-4ebf-a6c4-c18389351764,2,16,18.75
ec25d9a7-b4d4-4ebf-a6c4-c18389351764,3,9,12.727272727272727
ec25d9a7-b4d4-4ebf-a6c4-c18389351764,3,10,26.354166666666664
ec25d9a7-b4d4-4ebf-a6c4-c18389351764,3,11,29.0625
ec25d9a7-b4d4-4ebf-a6c4-c18389351764,3,12,20.3125
ec25d9a7-b4d4-4ebf-a6c4-c18389351764,3,13,23.4375
ec25d9a7-b4d4-4ebf-a6c4-c18389351764,3,14,25.0
ec25d9a7-b4d4-4ebf-a6c4-c18389351764,3,15,27.916666666666664
ec25d9a7-b4d4-4ebf-a6c4-c18389351764,3,16,28.125
ec25d9a7-b4d4-4ebf-a6c4-c18389351764,4,9,14.5
ec25d9a7-b4d4-4ebf-a6c4-c18389351764,4,10,28.125
ec25d9a7-b4d4-4ebf-a6c4-c18389351764,4,11,34.166666666666664
ec25d9a7-b4d4-4ebf-a6c4-c18389351764,4,12,31.11111111111111
ec25d9a7-b4d4-4ebf-a6c4-c18389351764,4,13,34.6875
ec25d9a7-b4d4-4ebf-a6c4-c18389351764,4,14,29.583333333333336
ec25d9a7-b4d4-4ebf-a6c4-c18389351764,4,15,35.625
ec25d9a7-b4d4-4ebf-a6c4-c18389351764,4,16,31.041666666666664
ec25d9a7-b4d4-4ebf-a6c4-c18389351764,5,8,10.0
ec25d9a7-b4d4-4ebf-a6c4-c18389351764,5,9,17.67361111111111
ec25d9a7-b4d4-4ebf-a6c4-c18389351764,5,10,38.020833333333336
ec25d9a7-b4d4-4ebf-a6c4-c18389351764,5,11,48.4375
ec25d9a7-b4d4-4ebf-a6c4-c18389351764,5,12,45.3125
ec25d9a7-b4d4-4ebf-a6c4-c18389351764,5,13,50.729166666666664
ec25d9a7-b4d4-4ebf-a6c4-c18389351764,5,14,45.208333333333336
ec25d9a7-b4d4-4ebf-a6c4-c18389351764,5,15,47.91666666666667
ec25d9a7-b4d4-4ebf-a6c4-c18389351764,5,16,45.83333333333333
ec25d9a7-b4d4-4ebf-a6c4-c18389351764,6,8,15.833333333333334
ec25d9a7-b4d4-4ebf-a6c4-c18389351764,6,9,18.363636363636363
ec25d9a7-b4d4-4ebf-a6c4-c18389351764,6,10,33.958333333333336
ec25d9a7-b4d4-4ebf-a6c4-c18389351764,6,11,37.39583333333333
ec25d9a7-b4d4-4ebf-a6c4-c18389351764,6,12,40.416666666666664
ec25d9a7-b4d4-4ebf-a6c4-c18389351764,6,13,42.8125
ec25d9a7-b4d4-4ebf-a6c4-c18389351764,6,14,38.54166666666667
ec25d9a7-b4d4-4ebf-a6c4-c18389351764,6,15,43.958333333333336
ec25d9a7-b4d4-4ebf-a6c4-c18389351764,6,16,35.41666666666667
ee070d46-6a64-41c0-9f12-69dcfcca10a0,0,9,15.0
ee070d46-6a64-41c0-9f12-69dcfcca10a0,0,10,15.0
ee070d46-6a64-41c0-9f12-69dcfcca10a0,0,11,15.0
ee070d46-6a64-41c0-9f12-69dcfcca10a0,0,12,15.0
ee070d46-6a64-41c0-9f12-69dcfcca10a0,0,13,15.0
ee070d46-6a64-41c0-9f12-69dcfcca10a0,0,14,15.0
ee070d46-6a64-41c0-9f12-69dcfcca10a0,0,15,15.0
ee070d46-6a64-41c0-9f12-69dcfcca10a0,0,16,15.0
ee070d46-6a64-41c0-9f12-69dcfcca10a0,0,17,15.0
ee070d46-6a64-41c0-9f12-69dcfcca10a0,0,18,15.0
ee070d46-6a64-41c0-9f12-69dcfcca10a0,0,19,15.0
ee070d46-6a64-41c0-9f12-69dcfcca10a0,0,20,15.0
ee070d46-6a64-41c0-9f12-69dcfcca10a0,1,9,15.0
ee070d46-6a64-41c0-9f12-69dcfcca10a0,1,10,15.0
ee070d46-6a64-41c0-9f12-69dcfcca10a0,1,11,15.0
ee070d46-6a64-41c0-9f12-69dcfcca10a0,1,12,15.0
ee070d46-6a64-41c0-9f12-69dcfcca10a0,1,13,15.0
ee070d46-6a64-41c0-9f12-69dcfcca10a0,1,14,15.0
ee070d46-6a64-41c0-9f12-69dcfcca10a0,1,15,15.0
ee070d46-6a64-41c0-9f12-69dcfcca10a0,1,16,15.0
ee070d46-6a64-41c0-9f12-69dcfcca10a0,1,17,15.0
ee070d46-6a64-41c0-9f12-69dcfcca10a0,1,18,15.0
ee070d46-6a64-41c0-9f12-69dcfcca10a0,1,19,15.0
ee070d46-6a64-41c0-9f12-69dcfcca10a0,1,20,15.0
ee070d46-6a64-41c0-9f12-69dcfcca10a0,2,9,15.0
ee070d46-6a64-41c0-9f12-69dcfcca10a0,2,10,15.0
ee070d46-6a64-41c0-9f12-69dcfcca10a0,2,11,15.0
ee070d46-6a64-41c0-9f12-69dcfcca10a0,2,12,15.0
ee070d46-6a64-41c0-9f12-69dcfcca10a0,2,13,15.0
ee070d46-6a64-41c0-9f12-69dcfcca10a0,2,14,15.0
ee070d46-6a64-41c0-9f12-69dcfcca10a0,2,15,15.0
ee070d46-6a64-41c0-9f12-69dcfcca10a0,2,16,15.0
ee070d46-6a64-41c0-9f12-69dcfcca10a0,2,17,15.0
ee070d46-6a64-41c0-9f12-69dcfcca10a0,2,18,15.0
ee070d46-6a64-41c0-9f12-69dcfcca10a0,2,19,15.0
ee070d46-6a64-41c0-9f12-69dcfcca10a0,2,20,15.0
ee070d46-6a64-41c0-9f12-69dcfcca10a0,3,9,15.0
ee070d46-6a64-41c0-9f12-69dcfcca10a0,3,10,15.0
ee070d46-6a64-41c0-9f12-69dcfcca10a0,3,11,15.0
ee070d46-6a64-41c0-9f12-69dcfcca10a0,3,12,15.0
ee070d46-6a64-41c0-9f12-69dcfcca10a0,3,13,15.0
ee070d46-6a64-41c0-9f12-69dcfcca10a0,3,14,15.0
ee070d46-6a64-41c0-9f12-69dcfcca10a0,3,15,15.0
ee070d46-6a64-41c0-9f12-69dcfcca10a0,3,16,15.0
ee070d46-6a64-41c0-9f12-69dcfcca10a0,3,17,15.0
ee070d46-6a64-41c0-9f12-69dcfcca10a0,3,18,15.0
ee070d46-6a64-41c0-9f12-69dcfcca10a0,3,19,15.0
ee070d46-6a64-41c0-9f12-69dcfcca10a0,3,20,15.0
ee070d46-6a64-41c0-9f12-69dcfcca10a0,4,9,20.0
ee070d46-6a64-41c0-9f12-69dcfcca10a0,4,10,17.5
ee070d46-6a64-41c0-9f12-69dcfcca10a0,4,11,17.5
ee070d46-6a64-41c0-9f12-69dcfcca10a0,4,12,17.5
ee070d46-6a64-41c0-9f12-69dcfcca10a0,4,13,17.5
ee070d46-6a64-41c0-9f12-69dcfcca10a0,4,14,17.5
ee070d46-6a64-41c0-9f12-69dcfcca10a0,4,15,17.5
ee070d46-6a64-41c0-9f12-69dcfcca10a0,4,16,17.5
ee070d46-6a64-41c0-9f12-69dcfcca10a0,4,17,17.5
ee070d46-6a64-41c0-9f12-69dcfcca10a0,4,18,17.5
ee070d46-6a64-41c0-9f12-69dcfcca10a0,4,19,17.5
ee070d46-6a64-41c0-9f12-69dcfcca10a0,4,20,17.5
ee070d46-6a64-41c0-9f12-69dcfcca10a0,5,9,15.0
ee070d46-6a64-41c0-9f12-69dcfcca10a0,5,10,15.0
ee070d46-6a64-41c0-9f12-69dcfcca10a0,5,11,14.375
ee070d46-6a64-41c0-9f12-69dcfcca10a0,5,12,13.75
ee070d46-6a64-41c0-9f12-69dcfcca10a0,5,13,13.75
ee070d46-6a64-41c0-9f12-69dcfcca10a0,5,14,13.75
ee070d46-6a64-41c0-9f12-69dcfcca10a0,5,15,13.75
ee070d46-6a64-41c0-9f12-69dcfcca10a0,5,16,13.75
ee070d46-6a64-41c0-9f12-69dcfcca10a0,5,17,13.75
ee070d46-6a64-41c0-9f12-69dcfcca10a0,5,18,13.75
ee070d46-6a64-41c0-9f12-69dcfcca10a0,5,19,13.75
ee070d46-6a64-41c0-9f12-69dcfcca10a0,5,20,13.75
ee070d46-6a64-41c0-9f12-69dcfcca10a0,6,9,15.0
ee070d46-6a64-41c0-9f12-69dcfcca10a0,6,10,15.0
ee070d46-6a64-41c0-9f12-69dcfcca10a0,6,11,14.479166666666666
ee070d46-6a64-41c0-9f12-69dcfcca10a0,6,12,13.75
ee070d46-6a64-41c0-9f12-69dcfcca10a0,6,13,13.75
ee070d46-6a64-41c0-9f12-69dcfcca10a0,6,14,13.75
ee070d46-6a64-41c0-9f12-69dcfcca10a0,6,15,13.75
ee070d46-6a64-41c0-9f12-69dcfcca10a0,6,16,13.75
ee070d46-6a64-41c0-9f12-69dcfcca10a0,6,17,13.75
ee070d46-6a64-41c0-9f12-69dcfcca10a0,6,18,13.75
ee070d46-6a64-41c0-9f12-69dcfcca10a0,6,19,13.75
ee070d46-6a64-41c0-9f12-69dcfcca10a0,6,20,13.75
f0750e5e-7629-4c53-99d2-e0924a8afeed,0,10,11.25
f0750e5e-7629-4c53-99d2-e0924a8afeed,0,11,10.0
f0750e5e-7629-4c53-99d2-e0924a8afeed,0,12,10.0
f0750e5e-7629-4c53-99d2-e0924a8afeed,0,13,10.0
f0750e5e-7629-4c53-99d2-e0924a8afeed,0,14,16.25
f0750e5e-7629-4c53-99d2-e0924a8afeed,0,15,30.0
f0750e5e-7629-4c53-99d2-e0924a8afeed,0,16,35.729166666666664
f0750e5e-7629-4c53-99d2-e0924a8afeed,0,17,36.770833333333336
f0750e5e-7629-4c53-99d2-e0924a8afeed,0,18,49.0625
f0750e5e-7629-4c53-99d2-e0924a8afeed,1,9,10.0
f0750e5e-7629-4c53-99d2-e0924a8afeed,1,10,11.75
f0750e5e-7629-4c53-99d2-e0924a8afeed,1,11,16.5625
f0750e5e-7629-4c53-99d2-e0924a8afeed,1,12,10.0
f0750e5e-7629-4c53-99d2-e0924a8afeed,1,13,15.729166666666666
f0750e5e-7629-4c53-99d2-e0924a8afeed,1,14,21.354166666666668
f0750e5e-7629-4c53-99d2-e0924a8afeed,1,15,34.58333333333333
f0750e5e-7629-4c53-99d2-e0924a8afeed,1,16,40.9375
f0750e5e-7629-4c53-99d2-e0924a8afeed,1,17,39.895833333333336
f0750e5e-7629-4c53-99d2-e0924a8afeed,1,18,41.666666666666664
f0750e5e-7629-4c53-99d2-e0924a8afeed,2,9,10.0
f0750e5e-7629-4c53-99d2-e0924a8afeed,2,10,10.0
f0750e5e-7629-4c53-99d2-e0924a8afeed,2,11,10.0
f0750e5e-7629-4c53-99d2-e0924a8afeed,2,12,10.520833333333334
f0750e5e-7629-4c53-99d2-e0924a8afeed,2,13,12.604166666666668
f0750e5e-7629-4c53-99d2-e0924a8afeed,2,14,23.958333333333336
f0750e5e-7629-4c53-99d2-e0924a8afeed,2,15,38.645833333333336
f0750e5e-7629-4c53-99d2-e0924a8afeed,2,16,43.4375
f0750e5e-7629-4c53-99d2-e0924a8afeed,3,9,10.0
f0750e5e-7629-4c53-99d2-e0924a8afeed,3,10,10.0
f0750e5e-7629-4c53-99d2-e0924a8afeed,3,11,10.0
f0750e5e-7629-4c53-99d2-e0924a8afeed,3,12,10.729166666666666
f0750e5e-7629-4c53-99d2-e0924a8afeed,3,13,19.0625
f0750e5e-7629-4c53-99d2-e0924a8afeed,3,14,36.770833333333336
f0750e5e-7629-4c53-99d2-e0924a8afeed,3,15,52.5
f0750e5e-7629-4c53-99d2-e0924a8afeed,3,16,56.354166666666664
f0750e5e-7629-4c53-99d2-e0924a8afeed,4,9,10.0
f0750e5e-7629-4c53-99d2-e0924a8afeed,4,10,10.0
f0750e5e-7629-4c53-99d2-e0924a8afeed,4,11,10.0
f0750e5e-7629-4c53-99d2-e0924a8afeed,4,12,10.0
f0750e5e-7629-4c53-99d2-e0924a8afeed,4,13,19.6875
f0750e5e-7629-4c53-99d2-e0924a8afeed,4,14,44.270833333333336
f0750e5e-7629-4c53-99d2-e0924a8afeed,4,15,59.270833333333336
f0750e5e-7629-4c53-99d2-e0924a8afeed,4,16,68.02083333333333
f0750e5e-7629-4c53-99d2-e0924a8afeed,5,9,10.0
f0750e5e-7629-4c53-99d2-e0924a8afeed,5,10,10.0
f0750e5e-7629-4c53-99d2-e0924a8afeed,5,11,10.0
f0750e5e-7629-4c53-99d2-e0924a8afeed,5,12,13.645833333333334
f0750e5e-7629-4c53-99d2-e0924a8afeed,5,13,37.1875
f0750e5e-7629-4c53-99d2-e0924a8afeed,5,14,67.60416666666666
f0750e5e-7629-4c53-99d2-e0924a8afeed,5,15,63.75
f0750e5e-7629-4c53-99d2-e0924a8afeed,5,16,82.70833333333334
f0750e5e-7629-4c53-99d2-e0924a8afeed,6,9,12.727272727272728
f0750e5e-7629-4c53-99d2-e0924a8afeed,6,10,10.0
f0750e5e-7629-4c53-99d2-e0924a8afeed,6,11,10.208333333333334
f0750e5e-7629-4c53-99d2-e0924a8afeed,6,12,14.166666666666668
f0750e5e-7629-4c53-99d2-e0924a8afeed,6,13,29.375
f0750e5e-7629-4c53-99d2-e0924a8afeed,6,14,42.291666666666664
f0750e5e-7629-4c53-99d2-e0924a8afeed,6,15,53.229166666666664
f0750e5e-7629-4c53-99d2-e0924a8afeed,6,16,61.5625
f163ddcd-43e1-488d-8276-2381c1db0a39,0,9,12.708333333333334
f163ddcd-43e1-488d-8276-2381c1db0a39,0,10,12.291666666666668
f163ddcd-43e1-488d-8276-2381c1db0a39,0,11,9.895833333333332
f163ddcd-43e1-488d-8276-2381c1db0a39,0,12,13.541666666666666
f163ddcd-43e1-488d-8276-2381c1db0a39,0,13,12.083333333333332
f163ddcd-43e1-488d-8276-2381c1db0a39,0,14,8.75
f163ddcd-43e1-488d-8276-2381c1db0a39,0,15,13.24810606060606
f163ddcd-43e1-488d-8276-2381c1db0a39,0,16,21.666666666666668
f163ddcd-43e1-488d-8276-2381c1db0a39,0,17,15.07936507936508
f163ddcd-43e1-488d-8276-2381c1db0a39,0,18,16.25
f163ddcd-43e1-488d-8276-2381c1db0a39,0,19,14.836309523809524
f163ddcd-43e1-488d-8276-2381c1db0a39,0,20,11.041666666666666
f163ddcd-43e1-488d-8276-2381c1db0a39,0,21,7.291666666666666
f163ddcd-43e1-488d-8276-2381c1db0a39,0,22,11.458333333333334
f163ddcd-43e1-488d-8276-2381c1db0a39,1,9,8.541666666666666
f163ddcd-43e1-488d-8276-2381c1db0a39,1,10,7.395833333333333
f163ddcd-43e1-488d-8276-2381c1db0a39,1,11,7.916666666666667
f163ddcd-43e1-488d-8276-2381c1db0a39,1,12,7.083333333333333
f163ddcd-43e1-488d-8276-2381c1db0a39,1,13,8.579545454545455
f163ddcd-43e1-488d-8276-2381c1db0a39,1,14,5.416666666666667
f163ddcd-43e1-488d-8276-2381c1db0a39,1,15,9.100378787878787
f163ddcd-43e1-488d-8276-2381c1db0a39,1,16,10.0
f163ddcd-43e1-488d-8276-2381c1db0a39,1,17,13.125
f163ddcd-43e1-488d-8276-2381c1db0a39,2,9,8.229166666666668
f163ddcd-43e1-488d-8276-2381c1db0a39,2,10,13.333333333333334
f163ddcd-43e1-488d-8276-2381c1db0a39,2,11,15.104166666666666
f163ddcd-43e1-488d-8276-2381c1db0a39,2,12,13.125
f163ddcd-43e1-488d-8276-2381c1db0a39,2,13,11.666666666666668
f163ddcd-43e1-488d-8276-2381c1db0a39,2,14,9.479166666666666
f163ddcd-43e1-488d-8276-2381c1db0a39,2,15,10.694444444444445
f163ddcd-43e1-488d-8276-2381c1db0a39,2,16,11.25
f163ddcd-43e1-488d-8276-2381c1db0a39,2,17,16.805555555555554
f163ddcd-43e1-488d-8276-2381c1db0a39,2,18,16.5625
f163ddcd-43e1-488d-8276-2381c1db0a39,2,19,13.194444444444443
f163ddcd-43e1-488d-8276-2381c1db0a39,2,20,8.75
f163ddcd-43e1-488d-8276-2381c1db0a39,2,21,7.604166666666666
f163ddcd-43e1-488d-8276-2381c1db0a39,2,22,17.5
f163ddcd-43e1-488d-8276-2381c1db0a39,3,9,8.958333333333332
f163ddcd-43e1-488d-8276-2381c1db0a39,3,10,15.208333333333334
f163ddcd-43e1-488d-8276-2381c1db0a39,3,11,14.166666666666668
f163ddcd-43e1-488d-8276-2381c1db0a39,3,12,11.875
f163ddcd-43e1-488d-8276-2381c1db0a39,3,13,10.416666666666668
f163ddcd-43e1-488d-8276-2381c1db0a39,3,14,10.625
f163ddcd-43e1-488d-8276-2381c1db0a39,3,15,8.020833333333334
f163ddcd-43e1-488d-8276-2381c1db0a39,3,16,7.604166666666667
f163ddcd-43e1-488d-8276-2381c1db0a39,3,17,9.166666666666668
f163ddcd-43e1-488d-8276-2381c1db0a39,3,18,13.472222222222221
f163ddcd-43e1-488d-8276-2381c1db0a39,3,19,15.416666666666666
f163ddcd-43e1-488d-8276-2381c1db0a39,3,20,8.055555555555555
f163ddcd-43e1-488d-8276-2381c1db0a39,3,21,6.666666666666667
f163ddcd-43e1-488d-8276-2381c1db0a39,3,22,7.291666666666667
f163ddcd-43e1-488d-8276-2381c1db0a39,4,8,6.944444444444444
f163ddcd-43e1-488d-8276-2381c1db0a39,4,9,8.125
f163ddcd-43e1-488d-8276-2381c1db0a39,4,10,11.458333333333332
f163ddcd-43e1-488d-8276-2381c1db0a39,4,11,12.1875
f163ddcd-43e1-488d-8276-2381c1db0a39,4,12,11.875
f163ddcd-43e1-488d-8276-2381c1db0a39,4,13,9.895833333333334
f163ddcd-43e1-488d-8276-2381c1db0a39,4,14,8.541666666666666
f163ddcd-43e1-488d-8276-2381c1db0a39,4,15,9.479166666666668
f163ddcd-43e1-488d-8276-2381c1db0a39,4,16,8.055555555555555
f163ddcd-43e1-488d-8276-2381c1db0a39,4,17,12.8125
f163ddcd-43e1-488d-8276-2381c1db0a39,5,8,7.5
f163ddcd-43e1-488d-8276-2381c1db0a39,5,9,10.416666666666666
f163ddcd-43e1-488d-8276-2381c1db0a39,5,10,12.5
f163ddcd-43e1-488d-8276-2381c1db0a39,5,11,13.020833333333334
f163ddcd-43e1-488d-8276-2381c1db0a39,5,12,14.791666666666666
f163ddcd-43e1-488d-8276-2381c1db0a39,5,13,12.916666666666666
f163ddcd-43e1-488d-8276-2381c1db0a39,5,14,10.208333333333332
f163ddcd-43e1-488d-8276-2381c1db0a39,5,15,14.6875
f163ddcd-43e1-488d-8276-2381c1db0a39,5,16,16.25
f163ddcd-43e1-488d-8276-2381c1db0a39,5,17,17.182539682539684
f163ddcd-43e1-488d-8276-2381c1db0a39,5,18,23.972222222222225
f163ddcd-43e1-488d-8276-2381c1db0a39,5,19,20.729166666666664
f163ddcd-43e1-488d-8276-2381c1db0a39,5,20,16.041666666666668
f163ddcd-43e1-488d-8276-2381c1db0a39,5,21,11.041666666666666
f163ddcd-43e1-488d-8276-2381c1db0a39,5,22,13.020833333333332
f163ddcd-43e1-488d-8276-2381c1db0a39,6,8,7.708333333333333
f163ddcd-43e1-488d-8276-2381c1db0a39,6,9,8.541666666666668
f163ddcd-43e1-488d-8276-2381c1db0a39,6,10,10.208333333333334
f163ddcd-43e1-488d-8276-2381c1db0a39,6,11,10.208333333333334
f163ddcd-43e1-488d-8276-2381c1db0a39,6,12,7.604166666666666
f163ddcd-43e1-488d-8276-2381c1db0a39,6,13,8.948863636363637
f163ddcd-43e1-488d-8276-2381c1db0a39,6,14,8.333333333333334
f163ddcd-43e1-488d-8276-2381c1db0a39,6,15,14.905753968253968
f163ddcd-43e1-488d-8276-2381c1db0a39,6,16,16.583333333333332
f163ddcd-43e1-488d-8276-2381c1db0a39,6,17,12.916666666666666
f163ddcd-43e1-488d-8276-2381c1db0a39,6,18,18.571428571428573
f163ddcd-43e1-488d-8276-2381c1db0a39,6,19,21.25
f163ddcd-43e1-488d-8276-2381c1db0a39,6,20,20.0
f163ddcd-43e1-488d-8276-2381c1db0a39,6,21,10.833333333333334
f44a531c-09cf-40c4-b2d4-236e8a9285dc,3,15,10.0
f5aad2d4-a419-4384-bd9a-42f86385c750,0,9,4.791666666666667
f5aad2d4-a419-4384-bd9a-42f86385c750,0,10,7.291666666666667
f5aad2d4-a419-4384-bd9a-42f86385c750,0,11,12.916666666666668
f5aad2d4-a419-4384-bd9a-42f86385c750,0,12,16.770833333333332
f5aad2d4-a419-4384-bd9a-42f86385c750,0,13,18.541666666666668
f5aad2d4-a419-4384-bd9a-42f86385c750,0,14,14.895833333333332
f5aad2d4-a419-4384-bd9a-42f86385c750,0,15,16.458333333333332
f5aad2d4-a419-4384-bd9a-42f86385c750,0,16,9.722222222222223
f5aad2d4-a419-4384-bd9a-42f86385c750,0,17,13.020833333333334
f5aad2d4-a419-4384-bd9a-42f86385c750,0,18,11.979166666666666
f5aad2d4-a419-4384-bd9a-42f86385c750,0,19,10.416666666666668
f5aad2d4-a419-4384-bd9a-42f86385c750,0,20,5.729166666666667
f5aad2d4-a419-4384-bd9a-42f86385c750,0,21,5.0
f5aad2d4-a419-4384-bd9a-42f86385c750,0,22,5.0
f5aad2d4-a419-4384-bd9a-42f86385c750,1,9,4.729166666666666
f5aad2d4-a419-4384-bd9a-42f86385c750,1,10,5.104166666666667
f5aad2d4-a419-4384-bd9a-42f86385c750,1,11,6.979166666666667
f5aad2d4-a419-4384-bd9a-42f86385c750,1,12,7.291666666666666
f5aad2d4-a419-4384-bd9a-42f86385c750,1,13,6.770833333333333
f5aad2d4-a419-4384-bd9a-42f86385c750,1,14,7.8125
f5aad2d4-a419-4384-bd9a-42f86385c750,1,15,6.458333333333334
f5aad2d4-a419-4384-bd9a-42f86385c750,1,16,6.354166666666667
f5aad2d4-a419-4384-bd9a-42f86385c750,1,17,5.0
f5aad2d4-a419-4384-bd9a-42f86385c750,2,9,6.979166666666666
f5aad2d4-a419-4384-bd9a-42f86385c750,2,10,8.541666666666668
f5aad2d4-a419-4384-bd9a-42f86385c750,2,11,12.708333333333334
f5aad2d4-a419-4384-bd9a-42f86385c750,2,12,18.4375
f5aad2d4-a419-4384-bd9a-42f86385c750,2,13,16.041666666666668
f5aad2d4-a419-4384-bd9a-42f86385c750,2,14,12.916666666666666
f5aad2d4-a419-4384-bd9a-42f86385c750,2,15,21.875
f5aad2d4-a419-4384-bd9a-42f86385c750,2,16,19.270833333333332
f5aad2d4-a419-4384-bd9a-42f86385c750,2,17,14.375
f5aad2d4-a419-4384-bd9a-42f86385c750,2,18,12.5
f5aad2d4-a419-4384-bd9a-42f86385c750,2,19,11.666666666666666
f5aad2d4-a419-4384-bd9a-42f86385c750,2,20,6.5625
f5aad2d4-a419-4384-bd9a-42f86385c750,2,21,5.625
f5aad2d4-a419-4384-bd9a-42f86385c750,2,22,5.0
f5aad2d4-a419-4384-bd9a-42f86385c750,3,9,6.770833333333333
f5aad2d4-a419-4384-bd9a-42f86385c750,3,10,5.9375
f5aad2d4-a419-4384-bd9a-42f86385c750,3,11,9.479166666666666
f5aad2d4-a419-4384-bd9a-42f86385c750,3,12,13.541666666666668
f5aad2d4-a419-4384-bd9a-42f86385c750,3,13,15.3125
f5aad2d4-a419-4384-bd9a-42f86385c750,3,14,9.791666666666668
f5aad2d4-a419-4384-bd9a-42f86385c750,3,15,11.875
f5aad2d4-a419-4384-bd9a-42f86385c750,3,16,8.854166666666666
f5aad2d4-a419-4384-bd9a-42f86385c750,3,17,8.229166666666668
f5aad2d4-a419-4384-bd9a-42f86385c750,3,18,10.416666666666666
f5aad2d4-a419-4384-bd9a-42f86385c750,3,19,8.472222222222221
f5aad2d4-a419-4384-bd9a-42f86385c750,3,20,4.861111111111111
f5aad2d4-a419-4384-bd9a-42f86385c750,3,21,5.0
f5aad2d4-a419-4384-bd9a-42f86385c750,3,22,5.0
f5aad2d4-a419-4384-bd9a-42f86385c750,4,8,5.5
f5aad2d4-a419-4384-bd9a-42f86385c750,4,9,5.3125
f5aad2d4-a419-4384-bd9a-42f86385c750,4,10,5.833333333333333
f5aad2d4-a419-4384-bd9a-42f86385c750,4,11,8.333333333333332
f5aad2d4-a419-4384-bd9a-42f86385c750,4,12,10.104166666666666
f5aad2d4-a419-4384-bd9a-42f86385c750,4,13,8.958333333333332
f5aad2d4-a419-4384-bd9a-42f86385c750,4,14,6.145833333333333
f5aad2d4-a419-4384-bd9a-42f86385c750,4,15,6.770833333333333
f5aad2d4-a419-4384-bd9a-42f86385c750,4,16,5.416666666666667
f5aad2d4-a419-4384-bd9a-42f86385c750,4,17,5.9375
f5aad2d4-a419-4384-bd9a-42f86385c750,5,8,5.208333333333334
f5aad2d4-a419-4384-bd9a-42f86385c750,5,9,6.145833333333333
f5aad2d4-a419-4384-bd9a-42f86385c750,5,10,8.020833333333334
f5aad2d4-a419-4384-bd9a-42f86385c750,5,11,13.958333333333334
f5aad2d4-a419-4384-bd9a-42f86385c750,5,12,19.375
f5aad2d4-a419-4384-bd9a-42f86385c750,5,13,20.520833333333332
f5aad2d4-a419-4384-bd9a-42f86385c750,5,14,17.8125
f5aad2d4-a419-4384-bd9a-42f86385c750,5,15,21.354166666666668
f5aad2d4-a419-4384-bd9a-42f86385c750,5,16,24.375
f5aad2d4-a419-4384-bd9a-42f86385c750,5,17,21.770833333333332
f5aad2d4-a419-4384-bd9a-42f86385c750,5,18,20.3125
f5aad2d4-a419-4384-bd9a-42f86385c750,5,19,15.729166666666668
f5aad2d4-a419-4384-bd9a-42f86385c750,5,20,7.291666666666667
f5aad2d4-a419-4384-bd9a-42f86385c750,5,21,4.895833333333333
f5aad2d4-a419-4384-bd9a-42f86385c750,5,22,4.895833333333333
f5aad2d4-a419-4384-bd9a-42f86385c750,6,8,5.416666666666667
f5aad2d4-a419-4384-bd9a-42f86385c750,6,9,5.9375
f5aad2d4-a419-4384-bd9a-42f86385c750,6,10,7.916666666666667
f5aad2d4-a419-4384-bd9a-42f86385c750,6,11,10.3125
f5aad2d4-a419-4384-bd9a-42f86385c750,6,12,11.5625
f5aad2d4-a419-4384-bd9a-42f86385c750,6,13,11.458333333333332
f5aad2d4-a419-4384-bd9a-42f86385c750,6,14,11.5625
f5aad2d4-a419-4384-bd9a-42f86385c750,6,15,10.0
f5aad2d4-a419-4384-bd9a-42f86385c750,6,16,8.854166666666668
f5aad2d4-a419-4384-bd9a-42f86385c750,6,17,10.208333333333332
f5aad2d4-a419-4384-bd9a-42f86385c750,6,18,22.083333333333332
f5aad2d4-a419-4384-bd9a-42f86385c750,6,19,14.583333333333334
f5aad2d4-a419-4384-bd9a-42f86385c750,6,20,11.25
f5aad2d4-a419-4384-bd9a-42f86385c750,6,21,5.0
fa743143-281b-4b5b-b87b-d49fcb006772,0,9,12.613636363636363
fa743143-281b-4b5b-b87b-d49fcb006772,0,10,25.833333333333336
fa743143-281b-4b5b-b87b-d49fcb006772,0,11,24.6875
fa743143-281b-4b5b-b87b-d49fcb006772,0,12,20.833333333333332
fa743143-281b-4b5b-b87b-d49fcb006772,0,13,13.020833333333332
fa743143-281b-4b5b-b87b-d49fcb006772,0,14,12.222222222222223
fa743143-281b-4b5b-b87b-d49fcb006772,0,15,14.444444444444443
fa743143-281b-4b5b-b87b-d49fcb006772,0,16,5.0
fa743143-281b-4b5b-b87b-d49fcb006772,0,17,5.0
fa743143-281b-4b5b-b87b-d49fcb006772,0,18,13.333333333333334
fa743143-281b-4b5b-b87b-d49fcb006772,0,19,12.857142857142856
fa743143-281b-4b5b-b87b-d49fcb006772,0,20,5.0
fa743143-281b-4b5b-b87b-d49fcb006772,1,9,11.666666666666666
fa743143-281b-4b5b-b87b-d49fcb006772,1,10,33.958333333333336
fa743143-281b-4b5b-b87b-d49fcb006772,1,11,25.520833333333336
fa743143-281b-4b5b-b87b-d49fcb006772,1,12,13.75
fa743143-281b-4b5b-b87b-d49fcb006772,1,13,14.6875
fa743143-281b-4b5b-b87b-d49fcb006772,1,14,15.0
fa743143-281b-4b5b-b87b-d49fcb006772,1,15,12.847222222222223
fa743143-281b-4b5b-b87b-d49fcb006772,1,16,12.222222222222221
fa743143-281b-4b5b-b87b-d49fcb006772,1,17,11.53409090909091
fa743143-281b-4b5b-b87b-d49fcb006772,1,18,8.958333333333334
fa743143-281b-4b5b-b87b-d49fcb006772,1,19,10.972222222222223
fa743143-281b-4b5b-b87b-d49fcb006772,1,20,5.0
fa743143-281b-4b5b-b87b-d49fcb006772,2,9,8.4375
fa743143-281b-4b5b-b87b-d49fcb006772,2,10,10.0
fa743143-281b-4b5b-b87b-d49fcb006772,2,11,11.805555555555557
fa743143-281b-4b5b-b87b-d49fcb006772,2,12,13.958333333333334
fa743143-281b-4b5b-b87b-d49fcb006772,2,13,13.75
fa743143-281b-4b5b-b87b-d49fcb006772,2,14,12.857142857142858
fa743143-281b-4b5b-b87b-d49fcb006772,2,15,9.583333333333334
fa743143-281b-4b5b-b87b-d49fcb006772,2,16,12.5
fa743143-281b-4b5b-b87b-d49fcb006772,2,17,15.833333333333334
fa743143-281b-4b5b-b87b-d49fcb006772,2,18,20.97222222222222
fa743143-281b-4b5b-b87b-d49fcb006772,2,19,7.5
fa743143-281b-4b5b-b87b-d49fcb006772,2,20,7.083333333333333
fa743143-281b-4b5b-b87b-d49fcb006772,3,9,10.277777777777779
fa743143-281b-4b5b-b87b-d49fcb006772,3,10,16.458333333333332
fa743143-281b-4b5b-b87b-d49fcb006772,3,11,15.416666666666668
fa743143-281b-4b5b-b87b-d49fcb006772,3,12,12.291666666666666
fa743143-281b-4b5b-b87b-d49fcb006772,3,13,10.625
fa743143-281b-4b5b-b87b-d49fcb006772,3,14,12.5
fa743143-281b-4b5b-b87b-d49fcb006772,3,15,12.083333333333334
fa743143-281b-4b5b-b87b-d49fcb006772,3,16,10.0
fa743143-281b-4b5b-b87b-d49fcb006772,3,17,11.458333333333334
fa743143-281b-4b5b-b87b-d49fcb006772,3,18,16.25
fa743143-281b-4b5b-b87b-d49fcb006772,3,19,12.395833333333334
fa743143-281b-4b5b-b87b-d49fcb006772,3,20,5.5
fa743143-281b-4b5b-b87b-d49fcb006772,4,9,7.5
fa743143-281b-4b5b-b87b-d49fcb006772,4,10,12.291666666666666
fa743143-281b-4b5b-b87b-d49fcb006772,4,11,15.104166666666666
fa743143-281b-4b5b-b87b-d49fcb006772,4,12,18.125
fa743143-281b-4b5b-b87b-d49fcb006772,4,13,14.305555555555555
fa743143-281b-4b5b-b87b-d49fcb006772,4,14,11.597222222222221
fa743143-281b-4b5b-b87b-d49fcb006772,4,15,13.291666666666668
fa743143-281b-4b5b-b87b-d49fcb006772,4,16,19.791666666666664
fa743143-281b-4b5b-b87b-d49fcb006772,4,17,22.94642857142857
fa743143-281b-4b5b-b87b-d49fcb006772,4,18,32.25378787878788
fa743143-281b-4b5b-b87b-d49fcb006772,4,19,21.041666666666668
fa743143-281b-4b5b-b87b-d49fcb006772,4,20,15.833333333333334
fa743143-281b-4b5b-b87b-d49fcb006772,5,9,9.270833333333334
fa743143-281b-4b5b-b87b-d49fcb006772,5,10,11.458333333333334
fa743143-281b-4b5b-b87b-d49fcb006772,5,11,27.36111111111111
fa743143-281b-4b5b-b87b-d49fcb006772,5,12,29.791666666666668
fa743143-281b-4b5b-b87b-d49fcb006772,5,13,26.770833333333332
fa743143-281b-4b5b-b87b-d49fcb006772,5,14,14.479166666666666
fa743143-281b-4b5b-b87b-d49fcb006772,5,15,15.868055555555555
fa743143-281b-4b5b-b87b-d49fcb006772,5,16,21.34469696969697
fa743143-281b-4b5b-b87b-d49fcb006772,5,17,27.083333333333336
fa743143-281b-4b5b-b87b-d49fcb006772,5,18,33.541666666666664
fa743143-281b-4b5b-b87b-d49fcb006772,5,19,21.25
fa743143-281b-4b5b-b87b-d49fcb006772,5,20,31.666666666666668
fa743143-281b-4b5b-b87b-d49fcb006772,6,9,10.185185185185185
fa743143-281b-4b5b-b87b-d49fcb006772,6,10,13.958333333333334
fa743143-281b-4b5b-b87b-d49fcb006772,6,11,15.729166666666666
fa743143-281b-4b5b-b87b-d49fcb006772,6,12,15.833333333333334
fa743143-281b-4b5b-b87b-d49fcb006772,6,13,16.666666666666668
fa743143-281b-4b5b-b87b-d49fcb006772,6,14,18.22222222222222
fa743143-281b-4b5b-b87b-d49fcb006772,6,15,21.11111111111111
fa743143-281b-4b5b-b87b-d49fcb006772,6,16,19.027777777777775
fa743143-281b-4b5b-b87b-d49fcb006772,6,17,20.166666666666668
fa743143-281b-4b5b-b87b-d49fcb006772,6,18,15.416666666666668
fa743143-281b-4b5b-b87b-d49fcb006772,6,19,24.930555555555557
fa743143-281b-4b5b-b87b-d49fcb006772,6,20,15.625
fb076275-0570-4d62-b2a9-4d6515130fa3,0,9,5.681818181818182
fb076275-0570-4d62-b2a9-4d6515130fa3,0,10,21.666666666666668
fb076275-0570-4d62-b2a9-4d6515130fa3,0,11,32.708333333333336
fb076275-0570-4d62-b2a9-4d6515130fa3,0,12,33.020833333333336
fb076275-0570-4d62-b2a9-4d6515130fa3,0,13,14.375
fb076275-0570-4d62-b2a9-4d6515130fa3,0,14,10.833333333333334
fb076275-0570-4d62-b2a9-4d6515130fa3,0,15,13.75
fb076275-0570-4d62-b2a9-4d6515130fa3,0,16,8.958333333333334
fb076275-0570-4d62-b2a9-4d6515130fa3,0,17,6.25
fb076275-0570-4d62-b2a9-4d6515130fa3,0,18,5.3125
fb076275-0570-4d62-b2a9-4d6515130fa3,0,19,6.875
fb076275-0570-4d62-b2a9-4d6515130fa3,0,20,5.0
fb076275-0570-4d62-b2a9-4d6515130fa3,1,9,5.625
fb076275-0570-4d62-b2a9-4d6515130fa3,1,10,17.291666666666664
fb076275-0570-4d62-b2a9-4d6515130fa3,1,11,31.666666666666664
fb076275-0570-4d62-b2a9-4d6515130fa3,1,12,30.104166666666668
fb076275-0570-4d62-b2a9-4d6515130fa3,1,13,19.479166666666668
fb076275-0570-4d62-b2a9-4d6515130fa3,1,14,9.583333333333334
fb076275-0570-4d62-b2a9-4d6515130fa3,1,15,8.125
fb076275-0570-4d62-b2a9-4d6515130fa3,1,16,8.75
fb076275-0570-4d62-b2a9-4d6515130fa3,1,17,9.791666666666666
fb076275-0570-4d62-b2a9-4d6515130fa3,1,18,9.772727272727273
fb076275-0570-4d62-b2a9-4d6515130fa3,1,19,9.166666666666666
fb076275-0570-4d62-b2a9-4d6515130fa3,1,20,7.5
fb076275-0570-4d62-b2a9-4d6515130fa3,2,9,5.3125
fb076275-0570-4d62-b2a9-4d6515130fa3,2,10,11.041666666666668
fb076275-0570-4d62-b2a9-4d6515130fa3,2,11,15.9375
fb076275-0570-4d62-b2a9-4d6515130fa3,2,12,16.25
fb076275-0570-4d62-b2a9-4d6515130fa3,2,13,8.645833333333334
fb076275-0570-4d62-b2a9-4d6515130fa3,2,14,5.0
fb076275-0570-4d62-b2a9-4d6515130fa3,2,15,7.395833333333333
fb076275-0570-4d62-b2a9-4d6515130fa3,2,16,8.645833333333334
fb076275-0570-4d62-b2a9-4d6515130fa3,2,17,5.0
fb076275-0570-4d62-b2a9-4d6515130fa3,2,18,5.0
fb076275-0570-4d62-b2a9-4d6515130fa3,2,19,5.0
fb076275-0570-4d62-b2a9-4d6515130fa3,2,20,5.0
fb076275-0570-4d62-b2a9-4d6515130fa3,3,9,6.208333333333334
fb076275-0570-4d62-b2a9-4d6515130fa3,3,10,14.375
fb076275-0570-4d62-b2a9-4d6515130fa3,3,11,22.5
fb076275-0570-4d62-b2a9-4d6515130fa3,3,12,22.604166666666668
fb076275-0570-4d62-b2a9-4d6515130fa3,3,13,14.166666666666668
fb076275-0570-4d62-b2a9-4d6515130fa3,3,14,10.9375
fb076275-0570-4d62-b2a9-4d6515130fa3,3,15,11.666666666666668
fb076275-0570-4d62-b2a9-4d6515130fa3,3,16,5.9375
fb076275-0570-4d62-b2a9-4d6515130fa3,3,17,5.833333333333334
fb076275-0570-4d62-b2a9-4d6515130fa3,3,18,6.25
fb076275-0570-4d62-b2a9-4d6515130fa3,3,19,5.416666666666667
fb076275-0570-4d62-b2a9-4d6515130fa3,3,20,5.208333333333333
fb076275-0570-4d62-b2a9-4d6515130fa3,4,9,5.0
fb076275-0570-4d62-b2a9-4d6515130fa3,4,10,19.583333333333332
fb076275-0570-4d62-b2a9-4d6515130fa3,4,11,32.1875
fb076275-0570-4d62-b2a9-4d6515130fa3,4,12,35.416666666666664
fb076275-0570-4d62-b2a9-4d6515130fa3,4,13,25.395833333333332
fb076275-0570-4d62-b2a9-4d6515130fa3,4,14,10.9375
fb076275-0570-4d62-b2a9-4d6515130fa3,4,15,12.916666666666666
fb076275-0570-4d62-b2a9-4d6515130fa3,4,16,10.3125
fb076275-0570-4d62-b2a9-4d6515130fa3,4,17,8.958333333333334
fb076275-0570-4d62-b2a9-4d6515130fa3,4,18,10.9375
fb076275-0570-4d62-b2a9-4d6515130fa3,4,19,12.017045454545453
fb076275-0570-4d62-b2a9-4d6515130fa3,4,20,7.604166666666666
fb076275-0570-4d62-b2a9-4d6515130fa3,5,9,5.0
fb076275-0570-4d62-b2a9-4d6515130fa3,5,10,13.080357142857142
fb076275-0570-4d62-b2a9-4d6515130fa3,5,11,26.354166666666668
fb076275-0570-4d62-b2a9-4d6515130fa3,5,12,23.333333333333332
fb076275-0570-4d62-b2a9-4d6515130fa3,5,13,16.875
fb076275-0570-4d62-b2a9-4d6515130fa3,5,14,10.208333333333334
fb076275-0570-4d62-b2a9-4d6515130fa3,5,15,9.6875
fb076275-0570-4d62-b2a9-4d6515130fa3,5,16,9.375
fb076275-0570-4d62-b2a9-4d6515130fa3,5,17,9.270833333333332
fb076275-0570-4d62-b2a9-4d6515130fa3,5,18,9.166666666666668
fb076275-0570-4d62-b2a9-4d6515130fa3,5,19,5.9375
fb076275-0570-4d62-b2a9-4d6515130fa3,5,20,5.0
fb076275-0570-4d62-b2a9-4d6515130fa3,6,9,5.277777777777778
fb076275-0570-4d62-b2a9-4d6515130fa3,6,10,17.708333333333332
fb076275-0570-4d62-b2a9-4d6515130fa3,6,11,25.445075757575758
fb076275-0570-4d62-b2a9-4d6515130fa3,6,12,23.888888888888886
fb076275-0570-4d62-b2a9-4d6515130fa3,6,13,20.104166666666668
fb076275-0570-4d62-b2a9-4d6515130fa3,6,14,13.541666666666666
fb076275-0570-4d62-b2a9-4d6515130fa3,6,15,11.5625
fb076275-0570-4d62-b2a9-4d6515130fa3,6,16,10.104166666666668
fb076275-0570-4d62-b2a9-4d6515130fa3,6,17,7.5
fb076275-0570-4d62-b2a9-4d6515130fa3,6,18,7.5
fb076275-0570-4d62-b2a9-4d6515130fa3,6,19,6.25
fb076275-0570-4d62-b2a9-4d6515130fa3,6,20,5.0
ffcfeaa2-1416-4920-a1ed-543c1a1695c4,0,9,5.0
ffcfeaa2-1416-4920-a1ed-543c1a1695c4,0,10,5.0
ffcfeaa2-1416-4920-a1ed-543c1a1695c4,0,11,6.458333333333334
ffcfeaa2-1416-4920-a1ed-543c1a1695c4,0,12,9.583333333333334
ffcfeaa2-1416-4920-a1ed-543c1a1695c4,0,13,7.869318181818182
ffcfeaa2-1416-4920-a1ed-543c1a1695c4,0,14,9.041666666666668
ffcfeaa2-1416-4920-a1ed-543c1a1695c4,0,15,8.75
ffcfeaa2-1416-4920-a1ed-543c1a1695c4,0,16,7.430555555555555
ffcfeaa2-1416-4920-a1ed-543c1a1695c4,0,17,9.722222222222223
ffcfeaa2-1416-4920-a1ed-543c1a1695c4,0,18,9.25189393939394
ffcfeaa2-1416-4920-a1ed-543c1a1695c4,0,19,7.604166666666667
ffcfeaa2-1416-4920-a1ed-543c1a1695c4,0,20,6.458333333333334
ffcfeaa2-1416-4920-a1ed-543c1a1695c4,0,21,6.875
ffcfeaa2-1416-4920-a1ed-543c1a1695c4,0,22,6.458333333333334
ffcfeaa2-1416-4920-a1ed-543c1a1695c4,1,9,5.0
ffcfeaa2-1416-4920-a1ed-543c1a1695c4,1,10,5.0
ffcfeaa2-1416-4920-a1ed-543c1a1695c4,1,11,5.3125
ffcfeaa2-1416-4920-a1ed-543c1a1695c4,1,12,6.666666666666667
ffcfeaa2-1416-4920-a1ed-543c1a1695c4,1,13,6.145833333333333
ffcfeaa2-1416-4920-a1ed-543c1a1695c4,1,14,5.0
ffcfeaa2-1416-4920-a1ed-543c1a1695c4,1,15,5.0
ffcfeaa2-1416-4920-a1ed-543c1a1695c4,1,16,5.416666666666667
ffcfeaa2-1416-4920-a1ed-543c1a1695c4,1,17,9.375
ffcfeaa2-1416-4920-a1ed-543c1a1695c4,2,9,5.0
ffcfeaa2-1416-4920-a1ed-543c1a1695c4,2,10,5.0
ffcfeaa2-1416-4920-a1ed-543c1a1695c4,2,11,5.681818181818182
ffcfeaa2-1416-4920-a1ed-543c1a1695c4,2,12,7.708333333333333
ffcfeaa2-1416-4920-a1ed-543c1a1695c4,2,13,6.458333333333333
ffcfeaa2-1416-4920-a1ed-543c1a1695c4,2,14,6.979166666666667
ffcfeaa2-1416-4920-a1ed-543c1a1695c4,2,15,8.958333333333334
ffcfeaa2-1416-4920-a1ed-543c1a1695c4,2,16,11.25
ffcfeaa2-1416-4920-a1ed-543c1a1695c4,2,17,8.020833333333334
ffcfeaa2-1416-4920-a1ed-543c1a1695c4,2,18,8.4375
ffcfeaa2-1416-4920-a1ed-543c1a1695c4,2,19,11.666666666666668
ffcfeaa2-1416-4920-a1ed-543c1a1695c4,2,20,8.75
ffcfeaa2-1416-4920-a1ed-543c1a1695c4,2,21,7.159090909090909
ffcfeaa2-1416-4920-a1ed-543c1a1695c4,2,22,5.0
ffcfeaa2-1416-4920-a1ed-543c1a1695c4,3,9,5.104166666666667
ffcfeaa2-1416-4920-a1ed-543c1a1695c4,3,10,5.208333333333334
ffcfeaa2-1416-4920-a1ed-543c1a1695c4,3,11,6.5625
ffcfeaa2-1416-4920-a1ed-543c1a1695c4,3,12,6.316287878787879
ffcfeaa2-1416-4920-a1ed-543c1a1695c4,3,13,8.541666666666666
ffcfeaa2-1416-4920-a1ed-543c1a1695c4,3,14,8.020833333333334
ffcfeaa2-1416-4920-a1ed-543c1a1695c4,3,15,7.604166666666667
ffcfeaa2-1416-4920-a1ed-543c1a1695c4,3,16,8.458333333333334
ffcfeaa2-1416-4920-a1ed-543c1a1695c4,3,17,9.318181818181818
ffcfeaa2-1416-4920-a1ed-543c1a1695c4,3,18,12.5
ffcfeaa2-1416-4920-a1ed-543c1a1695c4,3,19,9.212962962962964
ffcfeaa2-1416-4920-a1ed-543c1a1695c4,3,20,11.055555555555555
ffcfeaa2-1416-4920-a1ed-543c1a1695c4,3,21,5.416666666666667
ffcfeaa2-1416-4920-a1ed-543c1a1695c4,3,22,5.0
ffcfeaa2-1416-4920-a1ed-543c1a1695c4,4,8,5.0
ffcfeaa2-1416-4920-a1ed-543c1a1695c4,4,9,5.138888888888889
ffcfeaa2-1416-4920-a1ed-543c1a1695c4,4,10,5.208333333333333
ffcfeaa2-1416-4920-a1ed-543c1a1695c4,4,11,6.388888888888888
ffcfeaa2-1416-4920-a1ed-543c1a1695c4,4,12,8.62689393939394
ffcfeaa2-1416-4920-a1ed-543c1a1695c4,4,13,7.708333333333334
ffcfeaa2-1416-4920-a1ed-543c1a1695c4,4,14,6.25
ffcfeaa2-1416-4920-a1ed-543c1a1695c4,4,15,7.708333333333334
ffcfeaa2-1416-4920-a1ed-543c1a1695c4,4,16,8.645833333333334
ffcfeaa2-1416-4920-a1ed-543c1a1695c4,4,17,12.291666666666668
ffcfeaa2-1416-4920-a1ed-543c1a1695c4,5,8,5.0
ffcfeaa2-1416-4920-a1ed-543c1a1695c4,5,9,5.0
ffcfeaa2-1416-4920-a1ed-543c1a1695c4,5,10,5.416666666666667
ffcfeaa2-1416-4920-a1ed-543c1a1695c4,5,11,8.768939393939394
ffcfeaa2-1416-4920-a1ed-543c1a1695c4,5,12,10.416666666666666
ffcfeaa2-1416-4920-a1ed-543c1a1695c4,5,13,12.395833333333334
ffcfeaa2-1416-4920-a1ed-543c1a1695c4,5,14,10.0
ffcfeaa2-1416-4920-a1ed-543c1a1695c4,5,15,10.9375
ffcfeaa2-1416-4920-a1ed-543c1a1695c4,5,16,10.803571428571429
ffcfeaa2-1416-4920-a1ed-543c1a1695c4,5,17,15.729166666666668
ffcfeaa2-1416-4920-a1ed-543c1a1695c4,5,18,18.16287878787879
ffcfeaa2-1416-4920-a1ed-543c1a1695c4,5,19,16.770833333333336
ffcfeaa2-1416-4920-a1ed-543c1a1695c4,5,20,14.109848484848484
ffcfeaa2-1416-4920-a1ed-543c1a1695c4,5,21,7.708333333333333
ffcfeaa2-1416-4920-a1ed-543c1a1695c4,5,22,6.770833333333334
ffcfeaa2-1416-4920-a1ed-543c1a1695c4,6,8,5.0
ffcfeaa2-1416-4920-a1ed-543c1a1695c4,6,9,5.0
ffcfeaa2-1416-4920-a1ed-543c1a1695c4,6,10,5.0
ffcfeaa2-1416-4920-a1ed-543c1a1695c4,6,11,5.416666666666667
ffcfeaa2-1416-4920-a1ed-543c1a1695c4,6,12,8.75
ffcfeaa2-1416-4920-a1ed-543c1a1695c4,6,13,7.708333333333333
ffcfeaa2-1416-4920-a1ed-543c1a1695c4,6,14,6.145833333333333
ffcfeaa2-1416-4920-a1ed-543c1a1695c4,6,15,10.104166666666668
ffcfeaa2-1416-4920-a1ed-543c1a1695c4,6,16,10.0
ffcfeaa2-1416-4920-a1ed-543c1a1695c4,6,17,14.211309523809524
ffcfeaa2-1416-4920-a1ed-543c1a1695c4,6,18,20.416666666666668
ffcfeaa2-1416-4920-a1ed-543c1a1695c4,6,19,17.916666666666668
ffcfeaa2-1416-4920-a1ed-543c1a1695c4,6,20,16.666666666666668
ffcfeaa2-1416-4920-a1ed-543c1a1695c4,6,21,10.454545454545455
