attraction_id,park_id,name,hour,offset,tier,n_dates
00666fe9-7774-4b53-9fb7-3d333f8aa503,47f90d2c-e191-4239-a466-5892ef59a88b,Impressions de France,9,0.11590512610754598,cell,63
00666fe9-7774-4b53-9fb7-3d333f8aa503,47f90d2c-e191-4239-a466-5892ef59a88b,Impressions de France,10,0.07007584269135281,attraction,0
00666fe9-7774-4b53-9fb7-3d333f8aa503,47f90d2c-e191-4239-a466-5892ef59a88b,Impressions de France,11,0.07007584269135281,attraction,0
00666fe9-7774-4b53-9fb7-3d333f8aa503,47f90d2c-e191-4239-a466-5892ef59a88b,Impressions de France,12,0.07007584269135281,attraction,0
00666fe9-7774-4b53-9fb7-3d333f8aa503,47f90d2c-e191-4239-a466-5892ef59a88b,Impressions de France,13,0.07007584269135281,attraction,0
00666fe9-7774-4b53-9fb7-3d333f8aa503,47f90d2c-e191-4239-a466-5892ef59a88b,Impressions de France,14,0.05484105828251229,attraction_hour,1
00666fe9-7774-4b53-9fb7-3d333f8aa503,47f90d2c-e191-4239-a466-5892ef59a88b,Impressions de France,15,0.05484105828251229,attraction_hour,1
00666fe9-7774-4b53-9fb7-3d333f8aa503,47f90d2c-e191-4239-a466-5892ef59a88b,Impressions de France,16,0.05484105828251229,attraction_hour,1
00666fe9-7774-4b53-9fb7-3d333f8aa503,47f90d2c-e191-4239-a466-5892ef59a88b,Impressions de France,17,0.05484105828251229,attraction_hour,1
00666fe9-7774-4b53-9fb7-3d333f8aa503,47f90d2c-e191-4239-a466-5892ef59a88b,Impressions de France,18,0.05484105828251229,attraction_hour,1
00666fe9-7774-4b53-9fb7-3d333f8aa503,47f90d2c-e191-4239-a466-5892ef59a88b,Impressions de France,19,0.052723552980390054,cell,81
00666fe9-7774-4b53-9fb7-3d333f8aa503,47f90d2c-e191-4239-a466-5892ef59a88b,Impressions de France,20,0.052723552980390054,cell,81
00feb57b-4fcc-48bc-9490-c9af71f30c1c,12dbb85b-265f-44e6-bccf-f1faa17211fc,Yoshi's Adventure™,9,-0.7195433153303973,cell,28
00feb57b-4fcc-48bc-9490-c9af71f30c1c,12dbb85b-265f-44e6-bccf-f1faa17211fc,Yoshi's Adventure™,10,-0.06406784656153103,cell,92
00feb57b-4fcc-48bc-9490-c9af71f30c1c,12dbb85b-265f-44e6-bccf-f1faa17211fc,Yoshi's Adventure™,11,0.5228247668880758,cell,90
00feb57b-4fcc-48bc-9490-c9af71f30c1c,12dbb85b-265f-44e6-bccf-f1faa17211fc,Yoshi's Adventure™,12,0.5011452872008104,cell,86
00feb57b-4fcc-48bc-9490-c9af71f30c1c,12dbb85b-265f-44e6-bccf-f1faa17211fc,Yoshi's Adventure™,13,0.28527843644877254,cell,83
00feb57b-4fcc-48bc-9490-c9af71f30c1c,12dbb85b-265f-44e6-bccf-f1faa17211fc,Yoshi's Adventure™,14,0.16713197770189053,cell,82
00feb57b-4fcc-48bc-9490-c9af71f30c1c,12dbb85b-265f-44e6-bccf-f1faa17211fc,Yoshi's Adventure™,15,0.03653848151954665,cell,78
00feb57b-4fcc-48bc-9490-c9af71f30c1c,12dbb85b-265f-44e6-bccf-f1faa17211fc,Yoshi's Adventure™,16,-0.038159995910804434,cell,71
00feb57b-4fcc-48bc-9490-c9af71f30c1c,12dbb85b-265f-44e6-bccf-f1faa17211fc,Yoshi's Adventure™,17,-0.21518949322598382,cell,78
00feb57b-4fcc-48bc-9490-c9af71f30c1c,12dbb85b-265f-44e6-bccf-f1faa17211fc,Yoshi's Adventure™,18,-0.3628290013818754,cell,79
00feb57b-4fcc-48bc-9490-c9af71f30c1c,12dbb85b-265f-44e6-bccf-f1faa17211fc,Yoshi's Adventure™,19,-0.6279375387593775,cell,80
00feb57b-4fcc-48bc-9490-c9af71f30c1c,12dbb85b-265f-44e6-bccf-f1faa17211fc,Yoshi's Adventure™,20,-0.7671438307884992,cell,63
00feb57b-4fcc-48bc-9490-c9af71f30c1c,12dbb85b-265f-44e6-bccf-f1faa17211fc,Yoshi's Adventure™,21,-1.2204286167431615,attraction_hour,1
07143999-bacd-475f-a00b-8cc476204aff,12dbb85b-265f-44e6-bccf-f1faa17211fc,Constellation Carousel,9,-1.4730004651884234,cell,26
07143999-bacd-475f-a00b-8cc476204aff,12dbb85b-265f-44e6-bccf-f1faa17211fc,Constellation Carousel,10,-1.4142100584807507,cell,88
07143999-bacd-475f-a00b-8cc476204aff,12dbb85b-265f-44e6-bccf-f1faa17211fc,Constellation Carousel,11,-0.94060470213252,cell,92
07143999-bacd-475f-a00b-8cc476204aff,12dbb85b-265f-44e6-bccf-f1faa17211fc,Constellation Carousel,12,-0.6383177118258853,cell,91
07143999-bacd-475f-a00b-8cc476204aff,12dbb85b-265f-44e6-bccf-f1faa17211fc,Constellation Carousel,13,-0.5559266135929064,cell,90
07143999-bacd-475f-a00b-8cc476204aff,12dbb85b-265f-44e6-bccf-f1faa17211fc,Constellation Carousel,14,-0.5958163473779017,cell,89
07143999-bacd-475f-a00b-8cc476204aff,12dbb85b-265f-44e6-bccf-f1faa17211fc,Constellation Carousel,15,-0.5383625270171022,cell,90
07143999-bacd-475f-a00b-8cc476204aff,12dbb85b-265f-44e6-bccf-f1faa17211fc,Constellation Carousel,16,-0.4736730328838711,cell,92
07143999-bacd-475f-a00b-8cc476204aff,12dbb85b-265f-44e6-bccf-f1faa17211fc,Constellation Carousel,17,-0.5307291068714265,cell,91
07143999-bacd-475f-a00b-8cc476204aff,12dbb85b-265f-44e6-bccf-f1faa17211fc,Constellation Carousel,18,-0.5642187420206499,cell,91
07143999-bacd-475f-a00b-8cc476204aff,12dbb85b-265f-44e6-bccf-f1faa17211fc,Constellation Carousel,19,-0.535569915031993,cell,91
07143999-bacd-475f-a00b-8cc476204aff,12dbb85b-265f-44e6-bccf-f1faa17211fc,Constellation Carousel,20,-0.3518755859303223,cell,66
07143999-bacd-475f-a00b-8cc476204aff,12dbb85b-265f-44e6-bccf-f1faa17211fc,Constellation Carousel,21,0.2362465411385286,attraction_hour,1
0aae716c-af13-4439-b638-d75fb1649df3,75ea578a-adc8-4116-a54d-dccb60765ef9,Mad Tea Party,8,-0.8956355303637425,cell,17
0aae716c-af13-4439-b638-d75fb1649df3,75ea578a-adc8-4116-a54d-dccb60765ef9,Mad Tea Party,9,-0.9026735201568646,cell,91
0aae716c-af13-4439-b638-d75fb1649df3,75ea578a-adc8-4116-a54d-dccb60765ef9,Mad Tea Party,10,-0.8471245108929412,cell,92
0aae716c-af13-4439-b638-d75fb1649df3,75ea578a-adc8-4116-a54d-dccb60765ef9,Mad Tea Party,11,-0.6599007717176605,cell,92
0aae716c-af13-4439-b638-d75fb1649df3,75ea578a-adc8-4116-a54d-dccb60765ef9,Mad Tea Party,12,-0.5156012283509152,cell,92
0aae716c-af13-4439-b638-d75fb1649df3,75ea578a-adc8-4116-a54d-dccb60765ef9,Mad Tea Party,13,-0.5176643856945834,cell,92
0aae716c-af13-4439-b638-d75fb1649df3,75ea578a-adc8-4116-a54d-dccb60765ef9,Mad Tea Party,14,-0.6450442541239828,cell,92
0aae716c-af13-4439-b638-d75fb1649df3,75ea578a-adc8-4116-a54d-dccb60765ef9,Mad Tea Party,15,-0.6507455604201693,cell,91
0aae716c-af13-4439-b638-d75fb1649df3,75ea578a-adc8-4116-a54d-dccb60765ef9,Mad Tea Party,16,-0.6332035105850373,cell,92
0aae716c-af13-4439-b638-d75fb1649df3,75ea578a-adc8-4116-a54d-dccb60765ef9,Mad Tea Party,17,-0.6427063637233238,cell,92
0aae716c-af13-4439-b638-d75fb1649df3,75ea578a-adc8-4116-a54d-dccb60765ef9,Mad Tea Party,18,-0.6473186142382801,cell,72
0aae716c-af13-4439-b638-d75fb1649df3,75ea578a-adc8-4116-a54d-dccb60765ef9,Mad Tea Party,19,-0.5760445156576819,cell,72
0aae716c-af13-4439-b638-d75fb1649df3,75ea578a-adc8-4116-a54d-dccb60765ef9,Mad Tea Party,20,-0.6048340667524933,cell,72
0aae716c-af13-4439-b638-d75fb1649df3,75ea578a-adc8-4116-a54d-dccb60765ef9,Mad Tea Party,21,-0.8708027588849625,cell,72
0aae716c-af13-4439-b638-d75fb1649df3,75ea578a-adc8-4116-a54d-dccb60765ef9,Mad Tea Party,22,-1.0179115114903907,cell,57
0aae716c-af13-4439-b638-d75fb1649df3,75ea578a-adc8-4116-a54d-dccb60765ef9,Mad Tea Party,23,-0.5116623867224144,attraction_hour,1
0c6a9af8-c006-4849-8475-1a6925e8f7d4,12dbb85b-265f-44e6-bccf-f1faa17211fc,Bowser Jr. Challenge,9,-1.516478631518312,cell,28
0c6a9af8-c006-4849-8475-1a6925e8f7d4,12dbb85b-265f-44e6-bccf-f1faa17211fc,Bowser Jr. Challenge,10,-1.5240386475922312,cell,92
0c6a9af8-c006-4849-8475-1a6925e8f7d4,12dbb85b-265f-44e6-bccf-f1faa17211fc,Bowser Jr. Challenge,11,-1.474035755345832,cell,91
0c6a9af8-c006-4849-8475-1a6925e8f7d4,12dbb85b-265f-44e6-bccf-f1faa17211fc,Bowser Jr. Challenge,12,-1.2906046252611878,cell,92
0c6a9af8-c006-4849-8475-1a6925e8f7d4,12dbb85b-265f-44e6-bccf-f1faa17211fc,Bowser Jr. Challenge,13,-1.142450849847533,cell,92
0c6a9af8-c006-4849-8475-1a6925e8f7d4,12dbb85b-265f-44e6-bccf-f1faa17211fc,Bowser Jr. Challenge,14,-1.0944950801386077,cell,92
0c6a9af8-c006-4849-8475-1a6925e8f7d4,12dbb85b-265f-44e6-bccf-f1faa17211fc,Bowser Jr. Challenge,15,-1.1285442458584567,cell,91
0c6a9af8-c006-4849-8475-1a6925e8f7d4,12dbb85b-265f-44e6-bccf-f1faa17211fc,Bowser Jr. Challenge,16,-1.161986938970969,cell,92
0c6a9af8-c006-4849-8475-1a6925e8f7d4,12dbb85b-265f-44e6-bccf-f1faa17211fc,Bowser Jr. Challenge,17,-1.1304736826059991,cell,92
0c6a9af8-c006-4849-8475-1a6925e8f7d4,12dbb85b-265f-44e6-bccf-f1faa17211fc,Bowser Jr. Challenge,18,-1.0602011114248382,cell,92
0c6a9af8-c006-4849-8475-1a6925e8f7d4,12dbb85b-265f-44e6-bccf-f1faa17211fc,Bowser Jr. Challenge,19,-1.1592493081701039,cell,92
0c6a9af8-c006-4849-8475-1a6925e8f7d4,12dbb85b-265f-44e6-bccf-f1faa17211fc,Bowser Jr. Challenge,20,-1.1687065124225062,cell,67
0c6a9af8-c006-4849-8475-1a6925e8f7d4,12dbb85b-265f-44e6-bccf-f1faa17211fc,Bowser Jr. Challenge,21,-1.2204286167431615,attraction_hour,1
0d94ad60-72f0-4551-83a6-ebaecdd89737,75ea578a-adc8-4116-a54d-dccb60765ef9,The Many Adventures of Winnie the Pooh,8,-0.14705919632174122,cell,17
0d94ad60-72f0-4551-83a6-ebaecdd89737,75ea578a-adc8-4116-a54d-dccb60765ef9,The Many Adventures of Winnie the Pooh,9,0.36131057288350726,cell,90
0d94ad60-72f0-4551-83a6-ebaecdd89737,75ea578a-adc8-4116-a54d-dccb60765ef9,The Many Adventures of Winnie the Pooh,10,0.4731124203337138,cell,87
0d94ad60-72f0-4551-83a6-ebaecdd89737,75ea578a-adc8-4116-a54d-dccb60765ef9,The Many Adventures of Winnie the Pooh,11,0.6157925461941469,cell,81
0d94ad60-72f0-4551-83a6-ebaecdd89737,75ea578a-adc8-4116-a54d-dccb60765ef9,The Many Adventures of Winnie the Pooh,12,0.6613267123804805,cell,84
0d94ad60-72f0-4551-83a6-ebaecdd89737,75ea578a-adc8-4116-a54d-dccb60765ef9,The Many Adventures of Winnie the Pooh,13,0.667984359548397,cell,86
0d94ad60-72f0-4551-83a6-ebaecdd89737,75ea578a-adc8-4116-a54d-dccb60765ef9,The Many Adventures of Winnie the Pooh,14,0.6109780415576007,cell,87
0d94ad60-72f0-4551-83a6-ebaecdd89737,75ea578a-adc8-4116-a54d-dccb60765ef9,The Many Adventures of Winnie the Pooh,15,0.6832019885693703,cell,88
0d94ad60-72f0-4551-83a6-ebaecdd89737,75ea578a-adc8-4116-a54d-dccb60765ef9,The Many Adventures of Winnie the Pooh,16,0.7184039695906295,cell,90
0d94ad60-72f0-4551-83a6-ebaecdd89737,75ea578a-adc8-4116-a54d-dccb60765ef9,The Many Adventures of Winnie the Pooh,17,0.6965977111102487,cell,86
0d94ad60-72f0-4551-83a6-ebaecdd89737,75ea578a-adc8-4116-a54d-dccb60765ef9,The Many Adventures of Winnie the Pooh,18,0.6890132992830724,cell,66
0d94ad60-72f0-4551-83a6-ebaecdd89737,75ea578a-adc8-4116-a54d-dccb60765ef9,The Many Adventures of Winnie the Pooh,19,0.7854468594666062,cell,66
0d94ad60-72f0-4551-83a6-ebaecdd89737,75ea578a-adc8-4116-a54d-dccb60765ef9,The Many Adventures of Winnie the Pooh,20,0.5997385971874069,cell,68
0d94ad60-72f0-4551-83a6-ebaecdd89737,75ea578a-adc8-4116-a54d-dccb60765ef9,The Many Adventures of Winnie the Pooh,21,0.18813113994930616,cell,67
0d94ad60-72f0-4551-83a6-ebaecdd89737,75ea578a-adc8-4116-a54d-dccb60765ef9,The Many Adventures of Winnie the Pooh,22,-0.2005785673078845,cell,56
0d94ad60-72f0-4551-83a6-ebaecdd89737,75ea578a-adc8-4116-a54d-dccb60765ef9,The Many Adventures of Winnie the Pooh,23,-0.33981212979575526,attraction_hour,1
0f57cecf-5502-4503-8bc3-ba84d3708ace,75ea578a-adc8-4116-a54d-dccb60765ef9,Country Bear Musical Jamboree,8,-0.4127633982268875,attraction,0
0f57cecf-5502-4503-8bc3-ba84d3708ace,75ea578a-adc8-4116-a54d-dccb60765ef9,Country Bear Musical Jamboree,9,-0.3893189254245126,cell,65
0f57cecf-5502-4503-8bc3-ba84d3708ace,75ea578a-adc8-4116-a54d-dccb60765ef9,Country Bear Musical Jamboree,10,-0.3947102592913708,cell,83
0f57cecf-5502-4503-8bc3-ba84d3708ace,75ea578a-adc8-4116-a54d-dccb60765ef9,Country Bear Musical Jamboree,11,-0.394484252640084,cell,89
0f57cecf-5502-4503-8bc3-ba84d3708ace,75ea578a-adc8-4116-a54d-dccb60765ef9,Country Bear Musical Jamboree,12,-0.39824190432356293,cell,91
0f57cecf-5502-4503-8bc3-ba84d3708ace,75ea578a-adc8-4116-a54d-dccb60765ef9,Country Bear Musical Jamboree,13,-0.39540861740815525,cell,91
0f57cecf-5502-4503-8bc3-ba84d3708ace,75ea578a-adc8-4116-a54d-dccb60765ef9,Country Bear Musical Jamboree,14,-0.3932788718798326,cell,90
0f57cecf-5502-4503-8bc3-ba84d3708ace,75ea578a-adc8-4116-a54d-dccb60765ef9,Country Bear Musical Jamboree,15,-0.3958872114984187,cell,90
0f57cecf-5502-4503-8bc3-ba84d3708ace,75ea578a-adc8-4116-a54d-dccb60765ef9,Country Bear Musical Jamboree,16,-0.39420468914969253,cell,91
0f57cecf-5502-4503-8bc3-ba84d3708ace,75ea578a-adc8-4116-a54d-dccb60765ef9,Country Bear Musical Jamboree,17,-0.3968274559409283,cell,92
0f57cecf-5502-4503-8bc3-ba84d3708ace,75ea578a-adc8-4116-a54d-dccb60765ef9,Country Bear Musical Jamboree,18,-0.44769337379000906,cell,69
0f57cecf-5502-4503-8bc3-ba84d3708ace,75ea578a-adc8-4116-a54d-dccb60765ef9,Country Bear Musical Jamboree,19,-0.44857790766283107,cell,70
0f57cecf-5502-4503-8bc3-ba84d3708ace,75ea578a-adc8-4116-a54d-dccb60765ef9,Country Bear Musical Jamboree,20,-0.4506669541158918,cell,71
0f57cecf-5502-4503-8bc3-ba84d3708ace,75ea578a-adc8-4116-a54d-dccb60765ef9,Country Bear Musical Jamboree,21,-0.4507655638012501,cell,71
0f57cecf-5502-4503-8bc3-ba84d3708ace,75ea578a-adc8-4116-a54d-dccb60765ef9,Country Bear Musical Jamboree,22,-0.47596834709997177,cell,57
0f57cecf-5502-4503-8bc3-ba84d3708ace,75ea578a-adc8-4116-a54d-dccb60765ef9,Country Bear Musical Jamboree,23,-0.4808907280556607,attraction_hour,1
12a4b7d4-3a27-48dd-b355-99fe9f8aab37,eb3f4560-2383-4a36-9152-6b3e5ed6bc57,Stranger Things 5,8,-0.6919030488669629,attraction_hour,1
12a4b7d4-3a27-48dd-b355-99fe9f8aab37,eb3f4560-2383-4a36-9152-6b3e5ed6bc57,Stranger Things 5,9,-0.7563496047888449,attraction_hour,2
12a4b7d4-3a27-48dd-b355-99fe9f8aab37,eb3f4560-2383-4a36-9152-6b3e5ed6bc57,Stranger Things 5,10,-0.7563496047888449,attraction_hour,2
12a4b7d4-3a27-48dd-b355-99fe9f8aab37,eb3f4560-2383-4a36-9152-6b3e5ed6bc57,Stranger Things 5,11,-0.7563496047888449,attraction_hour,2
12a4b7d4-3a27-48dd-b355-99fe9f8aab37,eb3f4560-2383-4a36-9152-6b3e5ed6bc57,Stranger Things 5,12,-0.7563496047888449,attraction_hour,2
12a4b7d4-3a27-48dd-b355-99fe9f8aab37,eb3f4560-2383-4a36-9152-6b3e5ed6bc57,Stranger Things 5,13,-0.7563496047888449,attraction_hour,2
12a4b7d4-3a27-48dd-b355-99fe9f8aab37,eb3f4560-2383-4a36-9152-6b3e5ed6bc57,Stranger Things 5,14,0.5439845903596288,cell,23
12a4b7d4-3a27-48dd-b355-99fe9f8aab37,eb3f4560-2383-4a36-9152-6b3e5ed6bc57,Stranger Things 5,15,0.1897897634721942,cell,23
12a4b7d4-3a27-48dd-b355-99fe9f8aab37,eb3f4560-2383-4a36-9152-6b3e5ed6bc57,Stranger Things 5,16,-0.10265445767663307,cell,23
12a4b7d4-3a27-48dd-b355-99fe9f8aab37,eb3f4560-2383-4a36-9152-6b3e5ed6bc57,Stranger Things 5,17,-0.7563496047888449,attraction_hour,2
12a4b7d4-3a27-48dd-b355-99fe9f8aab37,eb3f4560-2383-4a36-9152-6b3e5ed6bc57,Stranger Things 5,18,-0.820796160710727,attraction_hour,1
12a4b7d4-3a27-48dd-b355-99fe9f8aab37,eb3f4560-2383-4a36-9152-6b3e5ed6bc57,Stranger Things 5,19,0.04731160415091012,attraction,0
12a4b7d4-3a27-48dd-b355-99fe9f8aab37,eb3f4560-2383-4a36-9152-6b3e5ed6bc57,Stranger Things 5,20,0.04731160415091012,attraction,0
12a4b7d4-3a27-48dd-b355-99fe9f8aab37,eb3f4560-2383-4a36-9152-6b3e5ed6bc57,Stranger Things 5,21,0.04731160415091012,attraction,0
144450b9-4574-46be-abdf-4b1ca8974d9d,267615cc-8943-4c2a-ae2c-5da728ca591f,Hogwarts Express™ - Hogsmeade™ Station,9,-0.09265504189683359,cell,22
144450b9-4574-46be-abdf-4b1ca8974d9d,267615cc-8943-4c2a-ae2c-5da728ca591f,Hogwarts Express™ - Hogsmeade™ Station,10,-0.15774450255999728,cell,86
144450b9-4574-46be-abdf-4b1ca8974d9d,267615cc-8943-4c2a-ae2c-5da728ca591f,Hogwarts Express™ - Hogsmeade™ Station,11,-0.18577226885975162,cell,90
144450b9-4574-46be-abdf-4b1ca8974d9d,267615cc-8943-4c2a-ae2c-5da728ca591f,Hogwarts Express™ - Hogsmeade™ Station,12,-0.14134556591737268,cell,91
144450b9-4574-46be-abdf-4b1ca8974d9d,267615cc-8943-4c2a-ae2c-5da728ca591f,Hogwarts Express™ - Hogsmeade™ Station,13,0.09746366952277825,cell,90
144450b9-4574-46be-abdf-4b1ca8974d9d,267615cc-8943-4c2a-ae2c-5da728ca591f,Hogwarts Express™ - Hogsmeade™ Station,14,0.41302093094663755,cell,90
144450b9-4574-46be-abdf-4b1ca8974d9d,267615cc-8943-4c2a-ae2c-5da728ca591f,Hogwarts Express™ - Hogsmeade™ Station,15,0.4855359826638798,cell,90
144450b9-4574-46be-abdf-4b1ca8974d9d,267615cc-8943-4c2a-ae2c-5da728ca591f,Hogwarts Express™ - Hogsmeade™ Station,16,0.3001084964251092,cell,92
144450b9-4574-46be-abdf-4b1ca8974d9d,267615cc-8943-4c2a-ae2c-5da728ca591f,Hogwarts Express™ - Hogsmeade™ Station,17,0.1744851998896985,cell,70
144450b9-4574-46be-abdf-4b1ca8974d9d,267615cc-8943-4c2a-ae2c-5da728ca591f,Hogwarts Express™ - Hogsmeade™ Station,18,-0.01824926707179213,cell,67
144450b9-4574-46be-abdf-4b1ca8974d9d,267615cc-8943-4c2a-ae2c-5da728ca591f,Hogwarts Express™ - Hogsmeade™ Station,19,-0.15366458782721887,cell,57
144450b9-4574-46be-abdf-4b1ca8974d9d,267615cc-8943-4c2a-ae2c-5da728ca591f,Hogwarts Express™ - Hogsmeade™ Station,20,-0.2282843920206226,cell,56
144450b9-4574-46be-abdf-4b1ca8974d9d,267615cc-8943-4c2a-ae2c-5da728ca591f,Hogwarts Express™ - Hogsmeade™ Station,21,0.06827292003831349,attraction,0
1a2e70d9-50d5-4140-b69e-799e950f7d18,288747d1-8b4f-4a64-867e-ea7c9b27bad8,Star Wars: Rise of the Resistance,8,0.17548160453444095,attraction_hour,2
1a2e70d9-50d5-4140-b69e-799e950f7d18,288747d1-8b4f-4a64-867e-ea7c9b27bad8,Star Wars: Rise of the Resistance,9,0.49229465872295614,cell,76
1a2e70d9-50d5-4140-b69e-799e950f7d18,288747d1-8b4f-4a64-867e-ea7c9b27bad8,Star Wars: Rise of the Resistance,10,0.5531828590275972,cell,82
1a2e70d9-50d5-4140-b69e-799e950f7d18,288747d1-8b4f-4a64-867e-ea7c9b27bad8,Star Wars: Rise of the Resistance,11,0.6002649316523901,cell,84
1a2e70d9-50d5-4140-b69e-799e950f7d18,288747d1-8b4f-4a64-867e-ea7c9b27bad8,Star Wars: Rise of the Resistance,12,0.6133565457509683,cell,84
1a2e70d9-50d5-4140-b69e-799e950f7d18,288747d1-8b4f-4a64-867e-ea7c9b27bad8,Star Wars: Rise of the Resistance,13,0.5685821174069393,cell,86
1a2e70d9-50d5-4140-b69e-799e950f7d18,288747d1-8b4f-4a64-867e-ea7c9b27bad8,Star Wars: Rise of the Resistance,14,0.5448198045114647,cell,84
1a2e70d9-50d5-4140-b69e-799e950f7d18,288747d1-8b4f-4a64-867e-ea7c9b27bad8,Star Wars: Rise of the Resistance,15,0.513893604210027,cell,81
1a2e70d9-50d5-4140-b69e-799e950f7d18,288747d1-8b4f-4a64-867e-ea7c9b27bad8,Star Wars: Rise of the Resistance,16,0.4241552636996229,cell,87
1a2e70d9-50d5-4140-b69e-799e950f7d18,288747d1-8b4f-4a64-867e-ea7c9b27bad8,Star Wars: Rise of the Resistance,17,0.3724503321783069,cell,80
1a2e70d9-50d5-4140-b69e-799e950f7d18,288747d1-8b4f-4a64-867e-ea7c9b27bad8,Star Wars: Rise of the Resistance,18,0.4294765173650429,cell,80
1a2e70d9-50d5-4140-b69e-799e950f7d18,288747d1-8b4f-4a64-867e-ea7c9b27bad8,Star Wars: Rise of the Resistance,19,0.3503194279876108,cell,82
1a2e70d9-50d5-4140-b69e-799e950f7d18,288747d1-8b4f-4a64-867e-ea7c9b27bad8,Star Wars: Rise of the Resistance,20,0.12715303777560685,cell,80
1a2e70d9-50d5-4140-b69e-799e950f7d18,288747d1-8b4f-4a64-867e-ea7c9b27bad8,Star Wars: Rise of the Resistance,21,-0.1524903811482336,cell,37
1a8ea967-229a-42a0-8290-59b036c84e14,1c84a229-8862-4648-9c71-378ddd2c7693,Maharajah Jungle Trek,8,-1.0123571143935661,attraction,0
1a8ea967-229a-42a0-8290-59b036c84e14,1c84a229-8862-4648-9c71-378ddd2c7693,Maharajah Jungle Trek,9,-1.0055669910993161,cell,76
1a8ea967-229a-42a0-8290-59b036c84e14,1c84a229-8862-4648-9c71-378ddd2c7693,Maharajah Jungle Trek,10,-1.0031136828593956,cell,77
1a8ea967-229a-42a0-8290-59b036c84e14,1c84a229-8862-4648-9c71-378ddd2c7693,Maharajah Jungle Trek,11,-1.0026317275986927,cell,77
1a8ea967-229a-42a0-8290-59b036c84e14,1c84a229-8862-4648-9c71-378ddd2c7693,Maharajah Jungle Trek,12,-1.0175112279313403,cell,77
1a8ea967-229a-42a0-8290-59b036c84e14,1c84a229-8862-4648-9c71-378ddd2c7693,Maharajah Jungle Trek,13,-1.0074679236112931,cell,73
1a8ea967-229a-42a0-8290-59b036c84e14,1c84a229-8862-4648-9c71-378ddd2c7693,Maharajah Jungle Trek,14,-1.002631844164666,cell,70
1a8ea967-229a-42a0-8290-59b036c84e14,1c84a229-8862-4648-9c71-378ddd2c7693,Maharajah Jungle Trek,15,-1.0134007225253858,cell,74
1a8ea967-229a-42a0-8290-59b036c84e14,1c84a229-8862-4648-9c71-378ddd2c7693,Maharajah Jungle Trek,16,-1.0105646363989498,cell,70
1a8ea967-229a-42a0-8290-59b036c84e14,1c84a229-8862-4648-9c71-378ddd2c7693,Maharajah Jungle Trek,17,-1.0084326958808223,cell,76
1a8ea967-229a-42a0-8290-59b036c84e14,1c84a229-8862-4648-9c71-378ddd2c7693,Maharajah Jungle Trek,18,-1.0782229754437154,cell,45
1a8ea967-229a-42a0-8290-59b036c84e14,1c84a229-8862-4648-9c71-378ddd2c7693,Maharajah Jungle Trek,19,-1.0123571143935661,attraction,0
1b15c77b-0311-4171-8e59-7f38e6d60754,1c84a229-8862-4648-9c71-378ddd2c7693,Zootopia: Better Zoogether!,8,-0.3920782814626082,cell,90
1b15c77b-0311-4171-8e59-7f38e6d60754,1c84a229-8862-4648-9c71-378ddd2c7693,Zootopia: Better Zoogether!,9,-0.3817778208611313,cell,91
1b15c77b-0311-4171-8e59-7f38e6d60754,1c84a229-8862-4648-9c71-378ddd2c7693,Zootopia: Better Zoogether!,10,-0.3064529531486699,cell,91
1b15c77b-0311-4171-8e59-7f38e6d60754,1c84a229-8862-4648-9c71-378ddd2c7693,Zootopia: Better Zoogether!,11,-0.19779077912291101,cell,92
1b15c77b-0311-4171-8e59-7f38e6d60754,1c84a229-8862-4648-9c71-378ddd2c7693,Zootopia: Better Zoogether!,12,-0.17637406759565027,cell,91
1b15c77b-0311-4171-8e59-7f38e6d60754,1c84a229-8862-4648-9c71-378ddd2c7693,Zootopia: Better Zoogether!,13,-0.2581410281166545,cell,91
1b15c77b-0311-4171-8e59-7f38e6d60754,1c84a229-8862-4648-9c71-378ddd2c7693,Zootopia: Better Zoogether!,14,-0.32754516062386113,cell,91
1b15c77b-0311-4171-8e59-7f38e6d60754,1c84a229-8862-4648-9c71-378ddd2c7693,Zootopia: Better Zoogether!,15,-0.3839509602047892,cell,92
1b15c77b-0311-4171-8e59-7f38e6d60754,1c84a229-8862-4648-9c71-378ddd2c7693,Zootopia: Better Zoogether!,16,-0.40297891084459464,cell,91
1b15c77b-0311-4171-8e59-7f38e6d60754,1c84a229-8862-4648-9c71-378ddd2c7693,Zootopia: Better Zoogether!,17,-0.43127514648358384,cell,92
1b15c77b-0311-4171-8e59-7f38e6d60754,1c84a229-8862-4648-9c71-378ddd2c7693,Zootopia: Better Zoogether!,18,-0.5496287353743332,cell,56
1b15c77b-0311-4171-8e59-7f38e6d60754,1c84a229-8862-4648-9c71-378ddd2c7693,Zootopia: Better Zoogether!,19,-0.7113437436852276,attraction_hour,3
1e16afdd-15e3-4e4a-b3af-8aeebd7534f8,eb3f4560-2383-4a36-9152-6b3e5ed6bc57,E.T. Adventure,8,0.32712855418708914,attraction,0
1e16afdd-15e3-4e4a-b3af-8aeebd7534f8,eb3f4560-2383-4a36-9152-6b3e5ed6bc57,E.T. Adventure,9,-0.1344892793350192,attraction_hour,4
1e16afdd-15e3-4e4a-b3af-8aeebd7534f8,eb3f4560-2383-4a36-9152-6b3e5ed6bc57,E.T. Adventure,10,0.06510885643711417,cell,25
1e16afdd-15e3-4e4a-b3af-8aeebd7534f8,eb3f4560-2383-4a36-9152-6b3e5ed6bc57,E.T. Adventure,11,0.10882145880501062,cell,92
1e16afdd-15e3-4e4a-b3af-8aeebd7534f8,eb3f4560-2383-4a36-9152-6b3e5ed6bc57,E.T. Adventure,12,0.4876224363525381,cell,90
1e16afdd-15e3-4e4a-b3af-8aeebd7534f8,eb3f4560-2383-4a36-9152-6b3e5ed6bc57,E.T. Adventure,13,0.39770974727556324,cell,90
1e16afdd-15e3-4e4a-b3af-8aeebd7534f8,eb3f4560-2383-4a36-9152-6b3e5ed6bc57,E.T. Adventure,14,0.38179595433927116,cell,89
1e16afdd-15e3-4e4a-b3af-8aeebd7534f8,eb3f4560-2383-4a36-9152-6b3e5ed6bc57,E.T. Adventure,15,0.42116011310802987,cell,89
1e16afdd-15e3-4e4a-b3af-8aeebd7534f8,eb3f4560-2383-4a36-9152-6b3e5ed6bc57,E.T. Adventure,16,0.4101581336273923,cell,91
1e16afdd-15e3-4e4a-b3af-8aeebd7534f8,eb3f4560-2383-4a36-9152-6b3e5ed6bc57,E.T. Adventure,17,0.31843337321620585,cell,68
1e16afdd-15e3-4e4a-b3af-8aeebd7534f8,eb3f4560-2383-4a36-9152-6b3e5ed6bc57,E.T. Adventure,18,0.23832279272435947,cell,64
1e16afdd-15e3-4e4a-b3af-8aeebd7534f8,eb3f4560-2383-4a36-9152-6b3e5ed6bc57,E.T. Adventure,19,0.19385941842778634,cell,57
1e16afdd-15e3-4e4a-b3af-8aeebd7534f8,eb3f4560-2383-4a36-9152-6b3e5ed6bc57,E.T. Adventure,20,0.3365700986855493,cell,55
1e16afdd-15e3-4e4a-b3af-8aeebd7534f8,eb3f4560-2383-4a36-9152-6b3e5ed6bc57,E.T. Adventure,21,0.5735860782472537,attraction_hour,1
1e735ffb-4868-47f1-b2cd-2ac1156cd5f0,47f90d2c-e191-4239-a466-5892ef59a88b,Remy's Ratatouille Adventure,9,0.5464281663871586,cell,85
1e735ffb-4868-47f1-b2cd-2ac1156cd5f0,47f90d2c-e191-4239-a466-5892ef59a88b,Remy's Ratatouille Adventure,10,0.6330832160064034,cell,86
1e735ffb-4868-47f1-b2cd-2ac1156cd5f0,47f90d2c-e191-4239-a466-5892ef59a88b,Remy's Ratatouille Adventure,11,0.752733821645155,cell,88
1e735ffb-4868-47f1-b2cd-2ac1156cd5f0,47f90d2c-e191-4239-a466-5892ef59a88b,Remy's Ratatouille Adventure,12,0.7794587701568172,cell,86
1e735ffb-4868-47f1-b2cd-2ac1156cd5f0,47f90d2c-e191-4239-a466-5892ef59a88b,Remy's Ratatouille Adventure,13,0.8762920427794402,cell,89
1e735ffb-4868-47f1-b2cd-2ac1156cd5f0,47f90d2c-e191-4239-a466-5892ef59a88b,Remy's Ratatouille Adventure,14,0.9525884490765895,cell,84
1e735ffb-4868-47f1-b2cd-2ac1156cd5f0,47f90d2c-e191-4239-a466-5892ef59a88b,Remy's Ratatouille Adventure,15,1.0219282678492645,cell,89
1e735ffb-4868-47f1-b2cd-2ac1156cd5f0,47f90d2c-e191-4239-a466-5892ef59a88b,Remy's Ratatouille Adventure,16,1.0249135732460848,cell,85
1e735ffb-4868-47f1-b2cd-2ac1156cd5f0,47f90d2c-e191-4239-a466-5892ef59a88b,Remy's Ratatouille Adventure,17,0.972821957410859,cell,87
1e735ffb-4868-47f1-b2cd-2ac1156cd5f0,47f90d2c-e191-4239-a466-5892ef59a88b,Remy's Ratatouille Adventure,18,0.932342092107445,cell,85
1e735ffb-4868-47f1-b2cd-2ac1156cd5f0,47f90d2c-e191-4239-a466-5892ef59a88b,Remy's Ratatouille Adventure,19,0.9139663309672375,cell,89
1e735ffb-4868-47f1-b2cd-2ac1156cd5f0,47f90d2c-e191-4239-a466-5892ef59a88b,Remy's Ratatouille Adventure,20,0.7819613627844539,cell,85
1fda5e1f-8712-4165-a81d-ad74eef3e8ee,12dbb85b-265f-44e6-bccf-f1faa17211fc,Monsters Unchained: The Frankenstein Experiment,9,-0.8037191017887311,cell,21
1fda5e1f-8712-4165-a81d-ad74eef3e8ee,12dbb85b-265f-44e6-bccf-f1faa17211fc,Monsters Unchained: The Frankenstein Experiment,10,-0.8309730776749185,cell,82
1fda5e1f-8712-4165-a81d-ad74eef3e8ee,12dbb85b-265f-44e6-bccf-f1faa17211fc,Monsters Unchained: The Frankenstein Experiment,11,-0.5327447000457478,cell,85
1fda5e1f-8712-4165-a81d-ad74eef3e8ee,12dbb85b-265f-44e6-bccf-f1faa17211fc,Monsters Unchained: The Frankenstein Experiment,12,-0.4011418282458571,cell,85
1fda5e1f-8712-4165-a81d-ad74eef3e8ee,12dbb85b-265f-44e6-bccf-f1faa17211fc,Monsters Unchained: The Frankenstein Experiment,13,-0.4491316707636816,cell,85
1fda5e1f-8712-4165-a81d-ad74eef3e8ee,12dbb85b-265f-44e6-bccf-f1faa17211fc,Monsters Unchained: The Frankenstein Experiment,14,-0.47238793776058924,cell,84
1fda5e1f-8712-4165-a81d-ad74eef3e8ee,12dbb85b-265f-44e6-bccf-f1faa17211fc,Monsters Unchained: The Frankenstein Experiment,15,-0.5447794167077754,cell,84
1fda5e1f-8712-4165-a81d-ad74eef3e8ee,12dbb85b-265f-44e6-bccf-f1faa17211fc,Monsters Unchained: The Frankenstein Experiment,16,-0.6187431225824406,cell,86
1fda5e1f-8712-4165-a81d-ad74eef3e8ee,12dbb85b-265f-44e6-bccf-f1faa17211fc,Monsters Unchained: The Frankenstein Experiment,17,-0.704460747516502,cell,87
1fda5e1f-8712-4165-a81d-ad74eef3e8ee,12dbb85b-265f-44e6-bccf-f1faa17211fc,Monsters Unchained: The Frankenstein Experiment,18,-0.7452295095377726,cell,85
1fda5e1f-8712-4165-a81d-ad74eef3e8ee,12dbb85b-265f-44e6-bccf-f1faa17211fc,Monsters Unchained: The Frankenstein Experiment,19,-0.878332814113945,cell,87
1fda5e1f-8712-4165-a81d-ad74eef3e8ee,12dbb85b-265f-44e6-bccf-f1faa17211fc,Monsters Unchained: The Frankenstein Experiment,20,-0.9019893028496796,cell,64
1fda5e1f-8712-4165-a81d-ad74eef3e8ee,12dbb85b-265f-44e6-bccf-f1faa17211fc,Monsters Unchained: The Frankenstein Experiment,21,-0.6142928131728458,attraction_hour,1
20b5daa8-e1ea-436f-830c-2d7d18d929b5,288747d1-8b4f-4a64-867e-ea7c9b27bad8,Toy Story Mania!,8,-0.88627647508253,attraction_hour,2
20b5daa8-e1ea-436f-830c-2d7d18d929b5,288747d1-8b4f-4a64-867e-ea7c9b27bad8,Toy Story Mania!,9,0.008548696357320395,cell,92
20b5daa8-e1ea-436f-830c-2d7d18d929b5,288747d1-8b4f-4a64-867e-ea7c9b27bad8,Toy Story Mania!,10,0.32639698209204465,cell,89
20b5daa8-e1ea-436f-830c-2d7d18d929b5,288747d1-8b4f-4a64-867e-ea7c9b27bad8,Toy Story Mania!,11,0.4336022154336255,cell,89
20b5daa8-e1ea-436f-830c-2d7d18d929b5,288747d1-8b4f-4a64-867e-ea7c9b27bad8,Toy Story Mania!,12,0.44443924857291445,cell,89
20b5daa8-e1ea-436f-830c-2d7d18d929b5,288747d1-8b4f-4a64-867e-ea7c9b27bad8,Toy Story Mania!,13,0.3826354494741595,cell,90
20b5daa8-e1ea-436f-830c-2d7d18d929b5,288747d1-8b4f-4a64-867e-ea7c9b27bad8,Toy Story Mania!,14,0.4077924088855203,cell,88
20b5daa8-e1ea-436f-830c-2d7d18d929b5,288747d1-8b4f-4a64-867e-ea7c9b27bad8,Toy Story Mania!,15,0.30386683268025755,cell,92
20b5daa8-e1ea-436f-830c-2d7d18d929b5,288747d1-8b4f-4a64-867e-ea7c9b27bad8,Toy Story Mania!,16,0.26484781135128593,cell,91
20b5daa8-e1ea-436f-830c-2d7d18d929b5,288747d1-8b4f-4a64-867e-ea7c9b27bad8,Toy Story Mania!,17,0.2609770092954516,cell,90
20b5daa8-e1ea-436f-830c-2d7d18d929b5,288747d1-8b4f-4a64-867e-ea7c9b27bad8,Toy Story Mania!,18,0.3231355096181133,cell,89
20b5daa8-e1ea-436f-830c-2d7d18d929b5,288747d1-8b4f-4a64-867e-ea7c9b27bad8,Toy Story Mania!,19,0.2923756995971777,cell,88
20b5daa8-e1ea-436f-830c-2d7d18d929b5,288747d1-8b4f-4a64-867e-ea7c9b27bad8,Toy Story Mania!,20,0.04955906956606302,cell,90
20b5daa8-e1ea-436f-830c-2d7d18d929b5,288747d1-8b4f-4a64-867e-ea7c9b27bad8,Toy Story Mania!,21,-0.1559031066565316,cell,39
2122adff-52a3-49ca-9d20-5a6faafc8c77,eb3f4560-2383-4a36-9152-6b3e5ed6bc57,Hogwarts™ Express - Last Train,8,-1.349011950183921,attraction,0
2122adff-52a3-49ca-9d20-5a6faafc8c77,eb3f4560-2383-4a36-9152-6b3e5ed6bc57,Hogwarts™ Express - Last Train,9,-1.349011950183921,attraction,0
2122adff-52a3-49ca-9d20-5a6faafc8c77,eb3f4560-2383-4a36-9152-6b3e5ed6bc57,Hogwarts™ Express - Last Train,10,-1.349011950183921,attraction,0
2122adff-52a3-49ca-9d20-5a6faafc8c77,eb3f4560-2383-4a36-9152-6b3e5ed6bc57,Hogwarts™ Express - Last Train,11,-1.349011950183921,attraction,0
2122adff-52a3-49ca-9d20-5a6faafc8c77,eb3f4560-2383-4a36-9152-6b3e5ed6bc57,Hogwarts™ Express - Last Train,12,-1.349011950183921,attraction,0
2122adff-52a3-49ca-9d20-5a6faafc8c77,eb3f4560-2383-4a36-9152-6b3e5ed6bc57,Hogwarts™ Express - Last Train,13,-1.349011950183921,attraction,0
2122adff-52a3-49ca-9d20-5a6faafc8c77,eb3f4560-2383-4a36-9152-6b3e5ed6bc57,Hogwarts™ Express - Last Train,14,-1.506839667139431,attraction_hour,1
2122adff-52a3-49ca-9d20-5a6faafc8c77,eb3f4560-2383-4a36-9152-6b3e5ed6bc57,Hogwarts™ Express - Last Train,15,-1.2700980917061664,attraction_hour,2
2122adff-52a3-49ca-9d20-5a6faafc8c77,eb3f4560-2383-4a36-9152-6b3e5ed6bc57,Hogwarts™ Express - Last Train,16,-1.349011950183921,attraction,0
2122adff-52a3-49ca-9d20-5a6faafc8c77,eb3f4560-2383-4a36-9152-6b3e5ed6bc57,Hogwarts™ Express - Last Train,17,-1.349011950183921,attraction,0
2122adff-52a3-49ca-9d20-5a6faafc8c77,eb3f4560-2383-4a36-9152-6b3e5ed6bc57,Hogwarts™ Express - Last Train,18,-1.349011950183921,attraction,0
2122adff-52a3-49ca-9d20-5a6faafc8c77,eb3f4560-2383-4a36-9152-6b3e5ed6bc57,Hogwarts™ Express - Last Train,19,-1.349011950183921,attraction,0
2122adff-52a3-49ca-9d20-5a6faafc8c77,eb3f4560-2383-4a36-9152-6b3e5ed6bc57,Hogwarts™ Express - Last Train,20,-1.349011950183921,attraction,0
2122adff-52a3-49ca-9d20-5a6faafc8c77,eb3f4560-2383-4a36-9152-6b3e5ed6bc57,Hogwarts™ Express - Last Train,21,-1.349011950183921,attraction,0
22f48b73-01df-460e-8969-9eb2b4ae836c,47f90d2c-e191-4239-a466-5892ef59a88b,Gran Fiesta Tour Starring The Three Caballeros,9,-1.180118563888133,cell,90
22f48b73-01df-460e-8969-9eb2b4ae836c,47f90d2c-e191-4239-a466-5892ef59a88b,Gran Fiesta Tour Starring The Three Caballeros,10,-1.181059429622584,cell,92
22f48b73-01df-460e-8969-9eb2b4ae836c,47f90d2c-e191-4239-a466-5892ef59a88b,Gran Fiesta Tour Starring The Three Caballeros,11,-1.1129625168366175,cell,92
22f48b73-01df-460e-8969-9eb2b4ae836c,47f90d2c-e191-4239-a466-5892ef59a88b,Gran Fiesta Tour Starring The Three Caballeros,12,-0.9674188806201852,cell,92
22f48b73-01df-460e-8969-9eb2b4ae836c,47f90d2c-e191-4239-a466-5892ef59a88b,Gran Fiesta Tour Starring The Three Caballeros,13,-0.8884372223221642,cell,91
22f48b73-01df-460e-8969-9eb2b4ae836c,47f90d2c-e191-4239-a466-5892ef59a88b,Gran Fiesta Tour Starring The Three Caballeros,14,-0.7521192389906406,cell,92
22f48b73-01df-460e-8969-9eb2b4ae836c,47f90d2c-e191-4239-a466-5892ef59a88b,Gran Fiesta Tour Starring The Three Caballeros,15,-0.7684280053716015,cell,90
22f48b73-01df-460e-8969-9eb2b4ae836c,47f90d2c-e191-4239-a466-5892ef59a88b,Gran Fiesta Tour Starring The Three Caballeros,16,-0.9080931317532731,cell,88
22f48b73-01df-460e-8969-9eb2b4ae836c,47f90d2c-e191-4239-a466-5892ef59a88b,Gran Fiesta Tour Starring The Three Caballeros,17,-1.01167107617818,cell,89
22f48b73-01df-460e-8969-9eb2b4ae836c,47f90d2c-e191-4239-a466-5892ef59a88b,Gran Fiesta Tour Starring The Three Caballeros,18,-1.0125074375320817,cell,90
22f48b73-01df-460e-8969-9eb2b4ae836c,47f90d2c-e191-4239-a466-5892ef59a88b,Gran Fiesta Tour Starring The Three Caballeros,19,-0.9760796933812493,cell,89
22f48b73-01df-460e-8969-9eb2b4ae836c,47f90d2c-e191-4239-a466-5892ef59a88b,Gran Fiesta Tour Starring The Three Caballeros,20,-1.1639184056913154,cell,90
2365495a-790b-4a41-831e-65592c8a4359,267615cc-8943-4c2a-ae2c-5da728ca591f,The Cat in The Hat™,9,-0.8644743310325513,cell,88
2365495a-790b-4a41-831e-65592c8a4359,267615cc-8943-4c2a-ae2c-5da728ca591f,The Cat in The Hat™,10,-0.7502738684642735,cell,91
2365495a-790b-4a41-831e-65592c8a4359,267615cc-8943-4c2a-ae2c-5da728ca591f,The Cat in The Hat™,11,-0.5851698605700293,cell,90
2365495a-790b-4a41-831e-65592c8a4359,267615cc-8943-4c2a-ae2c-5da728ca591f,The Cat in The Hat™,12,-0.6438733289115445,cell,88
2365495a-790b-4a41-831e-65592c8a4359,267615cc-8943-4c2a-ae2c-5da728ca591f,The Cat in The Hat™,13,-0.6208687279990421,cell,89
2365495a-790b-4a41-831e-65592c8a4359,267615cc-8943-4c2a-ae2c-5da728ca591f,The Cat in The Hat™,14,-0.6070475033221054,cell,89
2365495a-790b-4a41-831e-65592c8a4359,267615cc-8943-4c2a-ae2c-5da728ca591f,The Cat in The Hat™,15,-0.6152154177757869,cell,90
2365495a-790b-4a41-831e-65592c8a4359,267615cc-8943-4c2a-ae2c-5da728ca591f,The Cat in The Hat™,16,-0.5146442586741649,cell,88
2365495a-790b-4a41-831e-65592c8a4359,267615cc-8943-4c2a-ae2c-5da728ca591f,The Cat in The Hat™,17,-0.42866316908126484,cell,92
2365495a-790b-4a41-831e-65592c8a4359,267615cc-8943-4c2a-ae2c-5da728ca591f,The Cat in The Hat™,18,-0.5394924931020258,cell,89
2365495a-790b-4a41-831e-65592c8a4359,267615cc-8943-4c2a-ae2c-5da728ca591f,The Cat in The Hat™,19,-0.6774736944447549,cell,89
2365495a-790b-4a41-831e-65592c8a4359,267615cc-8943-4c2a-ae2c-5da728ca591f,The Cat in The Hat™,20,-0.7845360711482459,cell,72
2365495a-790b-4a41-831e-65592c8a4359,267615cc-8943-4c2a-ae2c-5da728ca591f,The Cat in The Hat™,21,-0.6333711718749429,cell,7
23b613e0-ae83-455b-9163-231bdbd5c427,267615cc-8943-4c2a-ae2c-5da728ca591f,Flight of the Hippogriff™,9,0.18125219752669106,cell,90
23b613e0-ae83-455b-9163-231bdbd5c427,267615cc-8943-4c2a-ae2c-5da728ca591f,Flight of the Hippogriff™,10,0.41250022536728387,cell,87
23b613e0-ae83-455b-9163-231bdbd5c427,267615cc-8943-4c2a-ae2c-5da728ca591f,Flight of the Hippogriff™,11,0.5335475028528087,cell,89
23b613e0-ae83-455b-9163-231bdbd5c427,267615cc-8943-4c2a-ae2c-5da728ca591f,Flight of the Hippogriff™,12,0.4731012931634472,cell,87
23b613e0-ae83-455b-9163-231bdbd5c427,267615cc-8943-4c2a-ae2c-5da728ca591f,Flight of the Hippogriff™,13,0.39064297963870864,cell,82
23b613e0-ae83-455b-9163-231bdbd5c427,267615cc-8943-4c2a-ae2c-5da728ca591f,Flight of the Hippogriff™,14,0.46116966577201224,cell,76
23b613e0-ae83-455b-9163-231bdbd5c427,267615cc-8943-4c2a-ae2c-5da728ca591f,Flight of the Hippogriff™,15,0.4061432663128528,cell,75
23b613e0-ae83-455b-9163-231bdbd5c427,267615cc-8943-4c2a-ae2c-5da728ca591f,Flight of the Hippogriff™,16,0.4604371405233071,cell,66
23b613e0-ae83-455b-9163-231bdbd5c427,267615cc-8943-4c2a-ae2c-5da728ca591f,Flight of the Hippogriff™,17,0.4454932481355258,cell,69
23b613e0-ae83-455b-9163-231bdbd5c427,267615cc-8943-4c2a-ae2c-5da728ca591f,Flight of the Hippogriff™,18,0.32379578603630943,cell,75
23b613e0-ae83-455b-9163-231bdbd5c427,267615cc-8943-4c2a-ae2c-5da728ca591f,Flight of the Hippogriff™,19,0.21810332803925023,cell,73
23b613e0-ae83-455b-9163-231bdbd5c427,267615cc-8943-4c2a-ae2c-5da728ca591f,Flight of the Hippogriff™,20,-0.029657414377242737,cell,64
23b613e0-ae83-455b-9163-231bdbd5c427,267615cc-8943-4c2a-ae2c-5da728ca591f,Flight of the Hippogriff™,21,0.14561482744700038,cell,6
24712410-a3a8-4ee0-b2f7-df889424ae76,eb3f4560-2383-4a36-9152-6b3e5ed6bc57,Sinners,8,-0.6919030488669629,attraction_hour,1
24712410-a3a8-4ee0-b2f7-df889424ae76,eb3f4560-2383-4a36-9152-6b3e5ed6bc57,Sinners,9,-0.12996812054116091,attraction_hour,2
24712410-a3a8-4ee0-b2f7-df889424ae76,eb3f4560-2383-4a36-9152-6b3e5ed6bc57,Sinners,10,-0.12996812054116091,attraction_hour,2
24712410-a3a8-4ee0-b2f7-df889424ae76,eb3f4560-2383-4a36-9152-6b3e5ed6bc57,Sinners,11,-0.12996812054116091,attraction_hour,2
24712410-a3a8-4ee0-b2f7-df889424ae76,eb3f4560-2383-4a36-9152-6b3e5ed6bc57,Sinners,12,-0.12996812054116091,attraction_hour,2
24712410-a3a8-4ee0-b2f7-df889424ae76,eb3f4560-2383-4a36-9152-6b3e5ed6bc57,Sinners,13,-0.12996812054116091,attraction_hour,2
24712410-a3a8-4ee0-b2f7-df889424ae76,eb3f4560-2383-4a36-9152-6b3e5ed6bc57,Sinners,14,-0.12996812054116091,attraction_hour,2
24712410-a3a8-4ee0-b2f7-df889424ae76,eb3f4560-2383-4a36-9152-6b3e5ed6bc57,Sinners,15,-0.12996812054116091,attraction_hour,2
24712410-a3a8-4ee0-b2f7-df889424ae76,eb3f4560-2383-4a36-9152-6b3e5ed6bc57,Sinners,16,-0.12996812054116091,attraction_hour,2
24712410-a3a8-4ee0-b2f7-df889424ae76,eb3f4560-2383-4a36-9152-6b3e5ed6bc57,Sinners,17,-0.12996812054116091,attraction_hour,2
24712410-a3a8-4ee0-b2f7-df889424ae76,eb3f4560-2383-4a36-9152-6b3e5ed6bc57,Sinners,18,0.431966807784641,attraction_hour,1
24712410-a3a8-4ee0-b2f7-df889424ae76,eb3f4560-2383-4a36-9152-6b3e5ed6bc57,Sinners,19,-0.12996812054116091,attraction,0
24712410-a3a8-4ee0-b2f7-df889424ae76,eb3f4560-2383-4a36-9152-6b3e5ed6bc57,Sinners,20,-0.12996812054116091,attraction,0
24712410-a3a8-4ee0-b2f7-df889424ae76,eb3f4560-2383-4a36-9152-6b3e5ed6bc57,Sinners,21,-0.12996812054116091,attraction,0
24cf863c-b6ba-4826-a056-0b698989cbf7,1c84a229-8862-4648-9c71-378ddd2c7693,Avatar Flight of Passage,8,1.2245882137638606,cell,92
24cf863c-b6ba-4826-a056-0b698989cbf7,1c84a229-8862-4648-9c71-378ddd2c7693,Avatar Flight of Passage,9,1.128990277030703,cell,92
24cf863c-b6ba-4826-a056-0b698989cbf7,1c84a229-8862-4648-9c71-378ddd2c7693,Avatar Flight of Passage,10,1.2704485899080424,cell,92
24cf863c-b6ba-4826-a056-0b698989cbf7,1c84a229-8862-4648-9c71-378ddd2c7693,Avatar Flight of Passage,11,1.3090430180866737,cell,89
24cf863c-b6ba-4826-a056-0b698989cbf7,1c84a229-8862-4648-9c71-378ddd2c7693,Avatar Flight of Passage,12,1.2123202911213413,cell,90
24cf863c-b6ba-4826-a056-0b698989cbf7,1c84a229-8862-4648-9c71-378ddd2c7693,Avatar Flight of Passage,13,1.1350643367371962,cell,92
24cf863c-b6ba-4826-a056-0b698989cbf7,1c84a229-8862-4648-9c71-378ddd2c7693,Avatar Flight of Passage,14,1.0521516985435095,cell,91
24cf863c-b6ba-4826-a056-0b698989cbf7,1c84a229-8862-4648-9c71-378ddd2c7693,Avatar Flight of Passage,15,0.9635006484539818,cell,92
24cf863c-b6ba-4826-a056-0b698989cbf7,1c84a229-8862-4648-9c71-378ddd2c7693,Avatar Flight of Passage,16,0.8597634291852986,cell,92
24cf863c-b6ba-4826-a056-0b698989cbf7,1c84a229-8862-4648-9c71-378ddd2c7693,Avatar Flight of Passage,17,0.7434617584018719,cell,92
24cf863c-b6ba-4826-a056-0b698989cbf7,1c84a229-8862-4648-9c71-378ddd2c7693,Avatar Flight of Passage,18,0.6634758516775692,cell,56
24cf863c-b6ba-4826-a056-0b698989cbf7,1c84a229-8862-4648-9c71-378ddd2c7693,Avatar Flight of Passage,19,0.7549579279894139,attraction_hour,3
2551a77d-023f-4ab1-9a19-8afec0190f39,75ea578a-adc8-4116-a54d-dccb60765ef9,Haunted Mansion,8,-0.11619520693530005,cell,18
2551a77d-023f-4ab1-9a19-8afec0190f39,75ea578a-adc8-4116-a54d-dccb60765ef9,Haunted Mansion,9,-0.15959718279964966,cell,81
2551a77d-023f-4ab1-9a19-8afec0190f39,75ea578a-adc8-4116-a54d-dccb60765ef9,Haunted Mansion,10,0.10329261320731578,cell,85
2551a77d-023f-4ab1-9a19-8afec0190f39,75ea578a-adc8-4116-a54d-dccb60765ef9,Haunted Mansion,11,0.3605428884411275,cell,87
2551a77d-023f-4ab1-9a19-8afec0190f39,75ea578a-adc8-4116-a54d-dccb60765ef9,Haunted Mansion,12,0.448726126415312,cell,87
2551a77d-023f-4ab1-9a19-8afec0190f39,75ea578a-adc8-4116-a54d-dccb60765ef9,Haunted Mansion,13,0.4421209694247832,cell,87
2551a77d-023f-4ab1-9a19-8afec0190f39,75ea578a-adc8-4116-a54d-dccb60765ef9,Haunted Mansion,14,0.39446110112382365,cell,88
2551a77d-023f-4ab1-9a19-8afec0190f39,75ea578a-adc8-4116-a54d-dccb60765ef9,Haunted Mansion,15,0.3819649164916946,cell,90
2551a77d-023f-4ab1-9a19-8afec0190f39,75ea578a-adc8-4116-a54d-dccb60765ef9,Haunted Mansion,16,0.4391161094556382,cell,90
2551a77d-023f-4ab1-9a19-8afec0190f39,75ea578a-adc8-4116-a54d-dccb60765ef9,Haunted Mansion,17,0.4321945886913963,cell,90
2551a77d-023f-4ab1-9a19-8afec0190f39,75ea578a-adc8-4116-a54d-dccb60765ef9,Haunted Mansion,18,0.40756324022232204,cell,71
2551a77d-023f-4ab1-9a19-8afec0190f39,75ea578a-adc8-4116-a54d-dccb60765ef9,Haunted Mansion,19,0.42863096380522825,cell,71
2551a77d-023f-4ab1-9a19-8afec0190f39,75ea578a-adc8-4116-a54d-dccb60765ef9,Haunted Mansion,20,0.29135020866471567,cell,72
2551a77d-023f-4ab1-9a19-8afec0190f39,75ea578a-adc8-4116-a54d-dccb60765ef9,Haunted Mansion,21,0.012447289439621855,cell,72
2551a77d-023f-4ab1-9a19-8afec0190f39,75ea578a-adc8-4116-a54d-dccb60765ef9,Haunted Mansion,22,-0.16083177705098006,cell,57
2551a77d-023f-4ab1-9a19-8afec0190f39,75ea578a-adc8-4116-a54d-dccb60765ef9,Haunted Mansion,23,0.030843573646547995,attraction_hour,1
25d47d04-a917-405a-9904-9be2b499b2dd,eb3f4560-2383-4a36-9152-6b3e5ed6bc57,Illumination's Villain-Con Minion Blast,8,-1.143022123931818,attraction_hour,4
25d47d04-a917-405a-9904-9be2b499b2dd,eb3f4560-2383-4a36-9152-6b3e5ed6bc57,Illumination's Villain-Con Minion Blast,9,-1.0417608660484188,cell,25
25d47d04-a917-405a-9904-9be2b499b2dd,eb3f4560-2383-4a36-9152-6b3e5ed6bc57,Illumination's Villain-Con Minion Blast,10,-0.9969471312422361,cell,90
25d47d04-a917-405a-9904-9be2b499b2dd,eb3f4560-2383-4a36-9152-6b3e5ed6bc57,Illumination's Villain-Con Minion Blast,11,-0.6068991432204602,cell,89
25d47d04-a917-405a-9904-9be2b499b2dd,eb3f4560-2383-4a36-9152-6b3e5ed6bc57,Illumination's Villain-Con Minion Blast,12,-0.8087323124430162,cell,90
25d47d04-a917-405a-9904-9be2b499b2dd,eb3f4560-2383-4a36-9152-6b3e5ed6bc57,Illumination's Villain-Con Minion Blast,13,-1.0346387816519287,cell,92
25d47d04-a917-405a-9904-9be2b499b2dd,eb3f4560-2383-4a36-9152-6b3e5ed6bc57,Illumination's Villain-Con Minion Blast,14,-1.089056807346586,cell,91
25d47d04-a917-405a-9904-9be2b499b2dd,eb3f4560-2383-4a36-9152-6b3e5ed6bc57,Illumination's Villain-Con Minion Blast,15,-1.1364253756853024,cell,91
25d47d04-a917-405a-9904-9be2b499b2dd,eb3f4560-2383-4a36-9152-6b3e5ed6bc57,Illumination's Villain-Con Minion Blast,16,-1.1855980172565008,cell,92
25d47d04-a917-405a-9904-9be2b499b2dd,eb3f4560-2383-4a36-9152-6b3e5ed6bc57,Illumination's Villain-Con Minion Blast,17,-1.23169238034782,cell,70
25d47d04-a917-405a-9904-9be2b499b2dd,eb3f4560-2383-4a36-9152-6b3e5ed6bc57,Illumination's Villain-Con Minion Blast,18,-1.2466685496616114,cell,67
25d47d04-a917-405a-9904-9be2b499b2dd,eb3f4560-2383-4a36-9152-6b3e5ed6bc57,Illumination's Villain-Con Minion Blast,19,-1.2576642343129139,cell,57
25d47d04-a917-405a-9904-9be2b499b2dd,eb3f4560-2383-4a36-9152-6b3e5ed6bc57,Illumination's Villain-Con Minion Blast,20,-1.2576642343129139,cell,57
25d47d04-a917-405a-9904-9be2b499b2dd,eb3f4560-2383-4a36-9152-6b3e5ed6bc57,Illumination's Villain-Con Minion Blast,21,-0.8927509905461735,attraction_hour,1
273ddb8d-e7b5-4e34-8657-1113f49262a5,75ea578a-adc8-4116-a54d-dccb60765ef9,Prince Charming Regal Carrousel,8,-0.9365819785041981,cell,18
273ddb8d-e7b5-4e34-8657-1113f49262a5,75ea578a-adc8-4116-a54d-dccb60765ef9,Prince Charming Regal Carrousel,9,-0.9759613933081939,cell,92
273ddb8d-e7b5-4e34-8657-1113f49262a5,75ea578a-adc8-4116-a54d-dccb60765ef9,Prince Charming Regal Carrousel,10,-0.9217107345892643,cell,92
273ddb8d-e7b5-4e34-8657-1113f49262a5,75ea578a-adc8-4116-a54d-dccb60765ef9,Prince Charming Regal Carrousel,11,-0.9010693460795763,cell,92
273ddb8d-e7b5-4e34-8657-1113f49262a5,75ea578a-adc8-4116-a54d-dccb60765ef9,Prince Charming Regal Carrousel,12,-0.8656736994130271,cell,92
273ddb8d-e7b5-4e34-8657-1113f49262a5,75ea578a-adc8-4116-a54d-dccb60765ef9,Prince Charming Regal Carrousel,13,-0.8133679575849073,cell,91
273ddb8d-e7b5-4e34-8657-1113f49262a5,75ea578a-adc8-4116-a54d-dccb60765ef9,Prince Charming Regal Carrousel,14,-0.7903350925616245,cell,92
273ddb8d-e7b5-4e34-8657-1113f49262a5,75ea578a-adc8-4116-a54d-dccb60765ef9,Prince Charming Regal Carrousel,15,-0.8000770944188212,cell,92
273ddb8d-e7b5-4e34-8657-1113f49262a5,75ea578a-adc8-4116-a54d-dccb60765ef9,Prince Charming Regal Carrousel,16,-0.8054062005270446,cell,92
273ddb8d-e7b5-4e34-8657-1113f49262a5,75ea578a-adc8-4116-a54d-dccb60765ef9,Prince Charming Regal Carrousel,17,-0.8221421258851447,cell,92
273ddb8d-e7b5-4e34-8657-1113f49262a5,75ea578a-adc8-4116-a54d-dccb60765ef9,Prince Charming Regal Carrousel,18,-0.7739894910382481,cell,72
273ddb8d-e7b5-4e34-8657-1113f49262a5,75ea578a-adc8-4116-a54d-dccb60765ef9,Prince Charming Regal Carrousel,19,-0.676562005125623,cell,72
273ddb8d-e7b5-4e34-8657-1113f49262a5,75ea578a-adc8-4116-a54d-dccb60765ef9,Prince Charming Regal Carrousel,20,-0.611707643992273,cell,72
273ddb8d-e7b5-4e34-8657-1113f49262a5,75ea578a-adc8-4116-a54d-dccb60765ef9,Prince Charming Regal Carrousel,21,-0.6675085977672903,cell,63
273ddb8d-e7b5-4e34-8657-1113f49262a5,75ea578a-adc8-4116-a54d-dccb60765ef9,Prince Charming Regal Carrousel,22,-0.7974816530932393,cell,51
273ddb8d-e7b5-4e34-8657-1113f49262a5,75ea578a-adc8-4116-a54d-dccb60765ef9,Prince Charming Regal Carrousel,23,-1.2048095672823598,attraction_hour,1
281bc9e6-b208-4a70-85d2-0fb749c7658b,12dbb85b-265f-44e6-bccf-f1faa17211fc,Fyre Drill,9,-1.320323554196053,cell,19
281bc9e6-b208-4a70-85d2-0fb749c7658b,12dbb85b-265f-44e6-bccf-f1faa17211fc,Fyre Drill,10,-0.8707567396363584,cell,87
281bc9e6-b208-4a70-85d2-0fb749c7658b,12dbb85b-265f-44e6-bccf-f1faa17211fc,Fyre Drill,11,0.03218400109598569,cell,87
281bc9e6-b208-4a70-85d2-0fb749c7658b,12dbb85b-265f-44e6-bccf-f1faa17211fc,Fyre Drill,12,0.32639887780094756,cell,82
281bc9e6-b208-4a70-85d2-0fb749c7658b,12dbb85b-265f-44e6-bccf-f1faa17211fc,Fyre Drill,13,0.25526699356368165,cell,80
281bc9e6-b208-4a70-85d2-0fb749c7658b,12dbb85b-265f-44e6-bccf-f1faa17211fc,Fyre Drill,14,0.13952151410872107,cell,77
281bc9e6-b208-4a70-85d2-0fb749c7658b,12dbb85b-265f-44e6-bccf-f1faa17211fc,Fyre Drill,15,0.09347338968942444,cell,74
281bc9e6-b208-4a70-85d2-0fb749c7658b,12dbb85b-265f-44e6-bccf-f1faa17211fc,Fyre Drill,16,-0.15218289507792665,cell,65
281bc9e6-b208-4a70-85d2-0fb749c7658b,12dbb85b-265f-44e6-bccf-f1faa17211fc,Fyre Drill,17,-0.4214312187177976,cell,69
281bc9e6-b208-4a70-85d2-0fb749c7658b,12dbb85b-265f-44e6-bccf-f1faa17211fc,Fyre Drill,18,-0.6506364899740037,cell,74
281bc9e6-b208-4a70-85d2-0fb749c7658b,12dbb85b-265f-44e6-bccf-f1faa17211fc,Fyre Drill,19,-1.0060060461967315,cell,74
281bc9e6-b208-4a70-85d2-0fb749c7658b,12dbb85b-265f-44e6-bccf-f1faa17211fc,Fyre Drill,20,-1.4034337467340536,cell,59
281bc9e6-b208-4a70-85d2-0fb749c7658b,12dbb85b-265f-44e6-bccf-f1faa17211fc,Fyre Drill,21,-1.2204286167431615,attraction_hour,1
2ebfb38c-5cb5-4de1-86c0-f7af14188022,75ea578a-adc8-4116-a54d-dccb60765ef9,The Hall of Presidents,8,-0.032600068836856524,attraction,0
2ebfb38c-5cb5-4de1-86c0-f7af14188022,75ea578a-adc8-4116-a54d-dccb60765ef9,The Hall of Presidents,9,0.07184966016050161,cell,10
2ebfb38c-5cb5-4de1-86c0-f7af14188022,75ea578a-adc8-4116-a54d-dccb60765ef9,The Hall of Presidents,10,-0.06655280097242952,cell,64
2ebfb38c-5cb5-4de1-86c0-f7af14188022,75ea578a-adc8-4116-a54d-dccb60765ef9,The Hall of Presidents,11,-0.030273764217405755,cell,77
2ebfb38c-5cb5-4de1-86c0-f7af14188022,75ea578a-adc8-4116-a54d-dccb60765ef9,The Hall of Presidents,12,-0.011995859903209243,cell,79
2ebfb38c-5cb5-4de1-86c0-f7af14188022,75ea578a-adc8-4116-a54d-dccb60765ef9,The Hall of Presidents,13,-0.00666107338713306,cell,81
2ebfb38c-5cb5-4de1-86c0-f7af14188022,75ea578a-adc8-4116-a54d-dccb60765ef9,The Hall of Presidents,14,-0.007255740066447751,cell,82
2ebfb38c-5cb5-4de1-86c0-f7af14188022,75ea578a-adc8-4116-a54d-dccb60765ef9,The Hall of Presidents,15,-0.007117988245046989,cell,84
2ebfb38c-5cb5-4de1-86c0-f7af14188022,75ea578a-adc8-4116-a54d-dccb60765ef9,The Hall of Presidents,16,-0.012802824601502838,cell,77
2ebfb38c-5cb5-4de1-86c0-f7af14188022,75ea578a-adc8-4116-a54d-dccb60765ef9,The Hall of Presidents,17,-0.021707238308718062,cell,79
2ebfb38c-5cb5-4de1-86c0-f7af14188022,75ea578a-adc8-4116-a54d-dccb60765ef9,The Hall of Presidents,18,-0.07762153971560795,cell,64
2ebfb38c-5cb5-4de1-86c0-f7af14188022,75ea578a-adc8-4116-a54d-dccb60765ef9,The Hall of Presidents,19,-0.07727798346798662,cell,66
2ebfb38c-5cb5-4de1-86c0-f7af14188022,75ea578a-adc8-4116-a54d-dccb60765ef9,The Hall of Presidents,20,-0.09716424431142956,cell,54
2ebfb38c-5cb5-4de1-86c0-f7af14188022,75ea578a-adc8-4116-a54d-dccb60765ef9,The Hall of Presidents,21,-0.06762642012856146,attraction_hour,2
2ebfb38c-5cb5-4de1-86c0-f7af14188022,75ea578a-adc8-4116-a54d-dccb60765ef9,The Hall of Presidents,22,-0.029055561642872707,attraction_hour,1
2ebfb38c-5cb5-4de1-86c0-f7af14188022,75ea578a-adc8-4116-a54d-dccb60765ef9,The Hall of Presidents,23,-0.032600068836856524,attraction,0
2f95b213-daaa-4370-8349-c2cd57be470e,267615cc-8943-4c2a-ae2c-5da728ca591f,Doctor Doom's Fearfall®,9,-0.5654773739253399,cell,92
2f95b213-daaa-4370-8349-c2cd57be470e,267615cc-8943-4c2a-ae2c-5da728ca591f,Doctor Doom's Fearfall®,10,-0.15596655807760382,cell,92
2f95b213-daaa-4370-8349-c2cd57be470e,267615cc-8943-4c2a-ae2c-5da728ca591f,Doctor Doom's Fearfall®,11,0.10830990061360542,cell,92
2f95b213-daaa-4370-8349-c2cd57be470e,267615cc-8943-4c2a-ae2c-5da728ca591f,Doctor Doom's Fearfall®,12,0.030802684361849988,cell,89
2f95b213-daaa-4370-8349-c2cd57be470e,267615cc-8943-4c2a-ae2c-5da728ca591f,Doctor Doom's Fearfall®,13,-0.17569224534017025,cell,82
2f95b213-daaa-4370-8349-c2cd57be470e,267615cc-8943-4c2a-ae2c-5da728ca591f,Doctor Doom's Fearfall®,14,-0.34088871959145495,cell,78
2f95b213-daaa-4370-8349-c2cd57be470e,267615cc-8943-4c2a-ae2c-5da728ca591f,Doctor Doom's Fearfall®,15,-0.37536972002450075,cell,77
2f95b213-daaa-4370-8349-c2cd57be470e,267615cc-8943-4c2a-ae2c-5da728ca591f,Doctor Doom's Fearfall®,16,-0.4310228269137545,cell,68
2f95b213-daaa-4370-8349-c2cd57be470e,267615cc-8943-4c2a-ae2c-5da728ca591f,Doctor Doom's Fearfall®,17,-0.4219505882695097,cell,66
2f95b213-daaa-4370-8349-c2cd57be470e,267615cc-8943-4c2a-ae2c-5da728ca591f,Doctor Doom's Fearfall®,18,-0.46827822516587275,cell,75
2f95b213-daaa-4370-8349-c2cd57be470e,267615cc-8943-4c2a-ae2c-5da728ca591f,Doctor Doom's Fearfall®,19,-0.4457608330371588,cell,77
2f95b213-daaa-4370-8349-c2cd57be470e,267615cc-8943-4c2a-ae2c-5da728ca591f,Doctor Doom's Fearfall®,20,-0.41297101838530653,cell,69
2f95b213-daaa-4370-8349-c2cd57be470e,267615cc-8943-4c2a-ae2c-5da728ca591f,Doctor Doom's Fearfall®,21,-0.06905912569626367,cell,6
30fe3c64-af71-4c66-a54b-aa61fd7af177,75ea578a-adc8-4116-a54d-dccb60765ef9,Swiss Family Treehouse,8,-0.9487788564482702,cell,14
30fe3c64-af71-4c66-a54b-aa61fd7af177,75ea578a-adc8-4116-a54d-dccb60765ef9,Swiss Family Treehouse,9,-0.9802675810753246,cell,76
30fe3c64-af71-4c66-a54b-aa61fd7af177,75ea578a-adc8-4116-a54d-dccb60765ef9,Swiss Family Treehouse,10,-0.9815292502849635,cell,80
30fe3c64-af71-4c66-a54b-aa61fd7af177,75ea578a-adc8-4116-a54d-dccb60765ef9,Swiss Family Treehouse,11,-0.9815488426939293,cell,81
30fe3c64-af71-4c66-a54b-aa61fd7af177,75ea578a-adc8-4116-a54d-dccb60765ef9,Swiss Family Treehouse,12,-0.9863431514651443,cell,81
30fe3c64-af71-4c66-a54b-aa61fd7af177,75ea578a-adc8-4116-a54d-dccb60765ef9,Swiss Family Treehouse,13,-0.9852410973393363,cell,77
30fe3c64-af71-4c66-a54b-aa61fd7af177,75ea578a-adc8-4116-a54d-dccb60765ef9,Swiss Family Treehouse,14,-0.9974897891555233,cell,75
30fe3c64-af71-4c66-a54b-aa61fd7af177,75ea578a-adc8-4116-a54d-dccb60765ef9,Swiss Family Treehouse,15,-0.9904215968927365,cell,77
30fe3c64-af71-4c66-a54b-aa61fd7af177,75ea578a-adc8-4116-a54d-dccb60765ef9,Swiss Family Treehouse,16,-1.0094534702577866,cell,72
30fe3c64-af71-4c66-a54b-aa61fd7af177,75ea578a-adc8-4116-a54d-dccb60765ef9,Swiss Family Treehouse,17,-1.0113594508057855,cell,76
30fe3c64-af71-4c66-a54b-aa61fd7af177,75ea578a-adc8-4116-a54d-dccb60765ef9,Swiss Family Treehouse,18,-1.0507750238544409,cell,61
30fe3c64-af71-4c66-a54b-aa61fd7af177,75ea578a-adc8-4116-a54d-dccb60765ef9,Swiss Family Treehouse,19,-1.072388565422383,cell,60
30fe3c64-af71-4c66-a54b-aa61fd7af177,75ea578a-adc8-4116-a54d-dccb60765ef9,Swiss Family Treehouse,20,-1.0667905797191874,cell,64
30fe3c64-af71-4c66-a54b-aa61fd7af177,75ea578a-adc8-4116-a54d-dccb60765ef9,Swiss Family Treehouse,21,-1.0563571948407566,cell,66
30fe3c64-af71-4c66-a54b-aa61fd7af177,75ea578a-adc8-4116-a54d-dccb60765ef9,Swiss Family Treehouse,22,-1.0913314587332634,cell,52
30fe3c64-af71-4c66-a54b-aa61fd7af177,75ea578a-adc8-4116-a54d-dccb60765ef9,Swiss Family Treehouse,23,-1.0870265316259764,attraction_hour,1
32e01181-9a5f-4936-8a77-0dace1de836c,1c84a229-8862-4648-9c71-378ddd2c7693,Kilimanjaro Safaris,8,0.31129980649053746,cell,91
32e01181-9a5f-4936-8a77-0dace1de836c,1c84a229-8862-4648-9c71-378ddd2c7693,Kilimanjaro Safaris,9,0.8507248812992635,cell,92
32e01181-9a5f-4936-8a77-0dace1de836c,1c84a229-8862-4648-9c71-378ddd2c7693,Kilimanjaro Safaris,10,1.0389041364322054,cell,92
32e01181-9a5f-4936-8a77-0dace1de836c,1c84a229-8862-4648-9c71-378ddd2c7693,Kilimanjaro Safaris,11,0.9523408271782445,cell,92
32e01181-9a5f-4936-8a77-0dace1de836c,1c84a229-8862-4648-9c71-378ddd2c7693,Kilimanjaro Safaris,12,0.5964542543015763,cell,92
32e01181-9a5f-4936-8a77-0dace1de836c,1c84a229-8862-4648-9c71-378ddd2c7693,Kilimanjaro Safaris,13,0.15255548265876856,cell,91
32e01181-9a5f-4936-8a77-0dace1de836c,1c84a229-8862-4648-9c71-378ddd2c7693,Kilimanjaro Safaris,14,-0.2274685906123698,cell,92
32e01181-9a5f-4936-8a77-0dace1de836c,1c84a229-8862-4648-9c71-378ddd2c7693,Kilimanjaro Safaris,15,-0.4578864310506501,cell,92
32e01181-9a5f-4936-8a77-0dace1de836c,1c84a229-8862-4648-9c71-378ddd2c7693,Kilimanjaro Safaris,16,-0.6345699353417451,cell,92
32e01181-9a5f-4936-8a77-0dace1de836c,1c84a229-8862-4648-9c71-378ddd2c7693,Kilimanjaro Safaris,17,-0.6265444562109724,cell,91
32e01181-9a5f-4936-8a77-0dace1de836c,1c84a229-8862-4648-9c71-378ddd2c7693,Kilimanjaro Safaris,18,-0.7630397668267394,cell,56
32e01181-9a5f-4936-8a77-0dace1de836c,1c84a229-8862-4648-9c71-378ddd2c7693,Kilimanjaro Safaris,19,-0.6659981570569427,attraction_hour,2
34c4916b-989b-4ff1-a7e3-a6a846a3484f,288747d1-8b4f-4a64-867e-ea7c9b27bad8,Millennium Falcon: Smugglers Run,8,-0.8127691036016254,attraction_hour,2
34c4916b-989b-4ff1-a7e3-a6a846a3484f,288747d1-8b4f-4a64-867e-ea7c9b27bad8,Millennium Falcon: Smugglers Run,9,-0.3026258520947404,cell,92
34c4916b-989b-4ff1-a7e3-a6a846a3484f,288747d1-8b4f-4a64-867e-ea7c9b27bad8,Millennium Falcon: Smugglers Run,10,0.17826985550951074,cell,92
34c4916b-989b-4ff1-a7e3-a6a846a3484f,288747d1-8b4f-4a64-867e-ea7c9b27bad8,Millennium Falcon: Smugglers Run,11,0.2778082638283518,cell,92
34c4916b-989b-4ff1-a7e3-a6a846a3484f,288747d1-8b4f-4a64-867e-ea7c9b27bad8,Millennium Falcon: Smugglers Run,12,0.291856681147596,cell,92
34c4916b-989b-4ff1-a7e3-a6a846a3484f,288747d1-8b4f-4a64-867e-ea7c9b27bad8,Millennium Falcon: Smugglers Run,13,0.22413176393737358,cell,92
34c4916b-989b-4ff1-a7e3-a6a846a3484f,288747d1-8b4f-4a64-867e-ea7c9b27bad8,Millennium Falcon: Smugglers Run,14,0.11886418242390859,cell,91
34c4916b-989b-4ff1-a7e3-a6a846a3484f,288747d1-8b4f-4a64-867e-ea7c9b27bad8,Millennium Falcon: Smugglers Run,15,-0.03499839132689081,cell,92
34c4916b-989b-4ff1-a7e3-a6a846a3484f,288747d1-8b4f-4a64-867e-ea7c9b27bad8,Millennium Falcon: Smugglers Run,16,-0.20100549676329765,cell,92
34c4916b-989b-4ff1-a7e3-a6a846a3484f,288747d1-8b4f-4a64-867e-ea7c9b27bad8,Millennium Falcon: Smugglers Run,17,-0.33013338003058845,cell,92
34c4916b-989b-4ff1-a7e3-a6a846a3484f,288747d1-8b4f-4a64-867e-ea7c9b27bad8,Millennium Falcon: Smugglers Run,18,-0.3237126237160645,cell,91
34c4916b-989b-4ff1-a7e3-a6a846a3484f,288747d1-8b4f-4a64-867e-ea7c9b27bad8,Millennium Falcon: Smugglers Run,19,-0.3388034957615135,cell,92
34c4916b-989b-4ff1-a7e3-a6a846a3484f,288747d1-8b4f-4a64-867e-ea7c9b27bad8,Millennium Falcon: Smugglers Run,20,-0.4855631778906068,cell,92
34c4916b-989b-4ff1-a7e3-a6a846a3484f,288747d1-8b4f-4a64-867e-ea7c9b27bad8,Millennium Falcon: Smugglers Run,21,-0.7776192177648165,cell,39
352feb94-e52e-45eb-9c92-e4b44c6b1a9d,75ea578a-adc8-4116-a54d-dccb60765ef9,Pirates of the Caribbean,8,-0.9249436432539926,cell,15
352feb94-e52e-45eb-9c92-e4b44c6b1a9d,75ea578a-adc8-4116-a54d-dccb60765ef9,Pirates of the Caribbean,9,-0.9470961503188985,cell,85
352feb94-e52e-45eb-9c92-e4b44c6b1a9d,75ea578a-adc8-4116-a54d-dccb60765ef9,Pirates of the Caribbean,10,-0.3501187033270874,cell,87
352feb94-e52e-45eb-9c92-e4b44c6b1a9d,75ea578a-adc8-4116-a54d-dccb60765ef9,Pirates of the Caribbean,11,0.23778989244770862,cell,88
352feb94-e52e-45eb-9c92-e4b44c6b1a9d,75ea578a-adc8-4116-a54d-dccb60765ef9,Pirates of the Caribbean,12,0.33121310326820697,cell,89
352feb94-e52e-45eb-9c92-e4b44c6b1a9d,75ea578a-adc8-4116-a54d-dccb60765ef9,Pirates of the Caribbean,13,0.19949804482785566,cell,89
352feb94-e52e-45eb-9c92-e4b44c6b1a9d,75ea578a-adc8-4116-a54d-dccb60765ef9,Pirates of the Caribbean,14,-0.02390614593290739,cell,86
352feb94-e52e-45eb-9c92-e4b44c6b1a9d,75ea578a-adc8-4116-a54d-dccb60765ef9,Pirates of the Caribbean,15,-0.11096354043407262,cell,87
352feb94-e52e-45eb-9c92-e4b44c6b1a9d,75ea578a-adc8-4116-a54d-dccb60765ef9,Pirates of the Caribbean,16,-0.0984288003350975,cell,88
352feb94-e52e-45eb-9c92-e4b44c6b1a9d,75ea578a-adc8-4116-a54d-dccb60765ef9,Pirates of the Caribbean,17,-0.03233590689555428,cell,89
352feb94-e52e-45eb-9c92-e4b44c6b1a9d,75ea578a-adc8-4116-a54d-dccb60765ef9,Pirates of the Caribbean,18,-0.1267449323115815,cell,69
352feb94-e52e-45eb-9c92-e4b44c6b1a9d,75ea578a-adc8-4116-a54d-dccb60765ef9,Pirates of the Caribbean,19,-0.05963410339350009,cell,65
352feb94-e52e-45eb-9c92-e4b44c6b1a9d,75ea578a-adc8-4116-a54d-dccb60765ef9,Pirates of the Caribbean,20,-0.18105198616986481,cell,70
352feb94-e52e-45eb-9c92-e4b44c6b1a9d,75ea578a-adc8-4116-a54d-dccb60765ef9,Pirates of the Caribbean,21,-0.7352498072224475,cell,71
352feb94-e52e-45eb-9c92-e4b44c6b1a9d,75ea578a-adc8-4116-a54d-dccb60765ef9,Pirates of the Caribbean,22,-1.0029035838522646,cell,57
352feb94-e52e-45eb-9c92-e4b44c6b1a9d,75ea578a-adc8-4116-a54d-dccb60765ef9,Pirates of the Caribbean,23,-0.4808907280556607,attraction_hour,1
370ba4d1-f199-4dc2-be6d-6bb09b442891,267615cc-8943-4c2a-ae2c-5da728ca591f,Skull Island: Reign of Kong,9,-0.8687619278771709,cell,62
370ba4d1-f199-4dc2-be6d-6bb09b442891,267615cc-8943-4c2a-ae2c-5da728ca591f,Skull Island: Reign of Kong,10,-0.22045704377832345,cell,64
370ba4d1-f199-4dc2-be6d-6bb09b442891,267615cc-8943-4c2a-ae2c-5da728ca591f,Skull Island: Reign of Kong,11,0.5509379131823974,cell,66
370ba4d1-f199-4dc2-be6d-6bb09b442891,267615cc-8943-4c2a-ae2c-5da728ca591f,Skull Island: Reign of Kong,12,0.7904094547936907,cell,66
370ba4d1-f199-4dc2-be6d-6bb09b442891,267615cc-8943-4c2a-ae2c-5da728ca591f,Skull Island: Reign of Kong,13,0.7128125786866738,cell,64
370ba4d1-f199-4dc2-be6d-6bb09b442891,267615cc-8943-4c2a-ae2c-5da728ca591f,Skull Island: Reign of Kong,14,0.5806847351986842,cell,67
370ba4d1-f199-4dc2-be6d-6bb09b442891,267615cc-8943-4c2a-ae2c-5da728ca591f,Skull Island: Reign of Kong,15,0.4061569947754755,cell,68
370ba4d1-f199-4dc2-be6d-6bb09b442891,267615cc-8943-4c2a-ae2c-5da728ca591f,Skull Island: Reign of Kong,16,0.15868241117167087,cell,69
370ba4d1-f199-4dc2-be6d-6bb09b442891,267615cc-8943-4c2a-ae2c-5da728ca591f,Skull Island: Reign of Kong,17,-0.04975245028431983,cell,68
370ba4d1-f199-4dc2-be6d-6bb09b442891,267615cc-8943-4c2a-ae2c-5da728ca591f,Skull Island: Reign of Kong,18,-0.22879661663688314,cell,62
370ba4d1-f199-4dc2-be6d-6bb09b442891,267615cc-8943-4c2a-ae2c-5da728ca591f,Skull Island: Reign of Kong,19,-0.4947568810830841,cell,63
370ba4d1-f199-4dc2-be6d-6bb09b442891,267615cc-8943-4c2a-ae2c-5da728ca591f,Skull Island: Reign of Kong,20,-0.7750210516048233,cell,56
370ba4d1-f199-4dc2-be6d-6bb09b442891,267615cc-8943-4c2a-ae2c-5da728ca591f,Skull Island: Reign of Kong,21,-0.8349759303702488,cell,7
37989fb7-5576-4247-bd6e-e981bc70cca2,eb3f4560-2383-4a36-9152-6b3e5ed6bc57,Trolls Trollercoaster,8,-0.4950134342734074,attraction,0
37989fb7-5576-4247-bd6e-e981bc70cca2,eb3f4560-2383-4a36-9152-6b3e5ed6bc57,Trolls Trollercoaster,9,-1.1247658401780956,attraction_hour,4
37989fb7-5576-4247-bd6e-e981bc70cca2,eb3f4560-2383-4a36-9152-6b3e5ed6bc57,Trolls Trollercoaster,10,-1.0555285875815277,cell,26
37989fb7-5576-4247-bd6e-e981bc70cca2,eb3f4560-2383-4a36-9152-6b3e5ed6bc57,Trolls Trollercoaster,11,-1.0815007443839835,cell,85
37989fb7-5576-4247-bd6e-e981bc70cca2,eb3f4560-2383-4a36-9152-6b3e5ed6bc57,Trolls Trollercoaster,12,-0.6454449921085752,cell,85
37989fb7-5576-4247-bd6e-e981bc70cca2,eb3f4560-2383-4a36-9152-6b3e5ed6bc57,Trolls Trollercoaster,13,-0.33151125595636727,cell,76
37989fb7-5576-4247-bd6e-e981bc70cca2,eb3f4560-2383-4a36-9152-6b3e5ed6bc57,Trolls Trollercoaster,14,-0.309498593361405,cell,72
37989fb7-5576-4247-bd6e-e981bc70cca2,eb3f4560-2383-4a36-9152-6b3e5ed6bc57,Trolls Trollercoaster,15,-0.20105414756296006,cell,75
37989fb7-5576-4247-bd6e-e981bc70cca2,eb3f4560-2383-4a36-9152-6b3e5ed6bc57,Trolls Trollercoaster,16,-0.24004939693021657,cell,63
37989fb7-5576-4247-bd6e-e981bc70cca2,eb3f4560-2383-4a36-9152-6b3e5ed6bc57,Trolls Trollercoaster,17,-0.13532740517044353,cell,48
37989fb7-5576-4247-bd6e-e981bc70cca2,eb3f4560-2383-4a36-9152-6b3e5ed6bc57,Trolls Trollercoaster,18,-0.18398046640463175,cell,44
37989fb7-5576-4247-bd6e-e981bc70cca2,eb3f4560-2383-4a36-9152-6b3e5ed6bc57,Trolls Trollercoaster,19,-0.5264669720782745,cell,47
37989fb7-5576-4247-bd6e-e981bc70cca2,eb3f4560-2383-4a36-9152-6b3e5ed6bc57,Trolls Trollercoaster,20,-0.7732679500894348,cell,49
37989fb7-5576-4247-bd6e-e981bc70cca2,eb3f4560-2383-4a36-9152-6b3e5ed6bc57,Trolls Trollercoaster,21,-0.4950134342734074,attraction,0
37ae57c5-feaf-4e47-8f27-4b385be200f0,47f90d2c-e191-4239-a466-5892ef59a88b,Test Track,9,1.139454147333342,cell,85
37ae57c5-feaf-4e47-8f27-4b385be200f0,47f90d2c-e191-4239-a466-5892ef59a88b,Test Track,10,1.1798057909395423,cell,82
37ae57c5-feaf-4e47-8f27-4b385be200f0,47f90d2c-e191-4239-a466-5892ef59a88b,Test Track,11,1.335594331385949,cell,75
37ae57c5-feaf-4e47-8f27-4b385be200f0,47f90d2c-e191-4239-a466-5892ef59a88b,Test Track,12,1.2900506400994856,cell,73
37ae57c5-feaf-4e47-8f27-4b385be200f0,47f90d2c-e191-4239-a466-5892ef59a88b,Test Track,13,1.2794013279528542,cell,71
37ae57c5-feaf-4e47-8f27-4b385be200f0,47f90d2c-e191-4239-a466-5892ef59a88b,Test Track,14,1.2823460066590557,cell,67
37ae57c5-feaf-4e47-8f27-4b385be200f0,47f90d2c-e191-4239-a466-5892ef59a88b,Test Track,15,1.2587581004497044,cell,63
37ae57c5-feaf-4e47-8f27-4b385be200f0,47f90d2c-e191-4239-a466-5892ef59a88b,Test Track,16,1.2744178280371938,cell,54
37ae57c5-feaf-4e47-8f27-4b385be200f0,47f90d2c-e191-4239-a466-5892ef59a88b,Test Track,17,1.2511630634402895,cell,55
37ae57c5-feaf-4e47-8f27-4b385be200f0,47f90d2c-e191-4239-a466-5892ef59a88b,Test Track,18,1.2682915885780772,cell,57
37ae57c5-feaf-4e47-8f27-4b385be200f0,47f90d2c-e191-4239-a466-5892ef59a88b,Test Track,19,1.3035214194698828,cell,63
37ae57c5-feaf-4e47-8f27-4b385be200f0,47f90d2c-e191-4239-a466-5892ef59a88b,Test Track,20,1.210245334737246,cell,67
399aa0a1-98e2-4d2b-b297-2b451e9665e1,288747d1-8b4f-4a64-867e-ea7c9b27bad8,Slinky Dog Dash,8,0.5346148647130073,attraction_hour,2
399aa0a1-98e2-4d2b-b297-2b451e9665e1,288747d1-8b4f-4a64-867e-ea7c9b27bad8,Slinky Dog Dash,9,0.6623053581616292,cell,77
399aa0a1-98e2-4d2b-b297-2b451e9665e1,288747d1-8b4f-4a64-867e-ea7c9b27bad8,Slinky Dog Dash,10,0.6997938194601526,cell,75
399aa0a1-98e2-4d2b-b297-2b451e9665e1,288747d1-8b4f-4a64-867e-ea7c9b27bad8,Slinky Dog Dash,11,0.7833140208040679,cell,74
399aa0a1-98e2-4d2b-b297-2b451e9665e1,288747d1-8b4f-4a64-867e-ea7c9b27bad8,Slinky Dog Dash,12,0.8268783699120157,cell,80
399aa0a1-98e2-4d2b-b297-2b451e9665e1,288747d1-8b4f-4a64-867e-ea7c9b27bad8,Slinky Dog Dash,13,0.7614586067581393,cell,75
399aa0a1-98e2-4d2b-b297-2b451e9665e1,288747d1-8b4f-4a64-867e-ea7c9b27bad8,Slinky Dog Dash,14,0.7507830493382819,cell,68
399aa0a1-98e2-4d2b-b297-2b451e9665e1,288747d1-8b4f-4a64-867e-ea7c9b27bad8,Slinky Dog Dash,15,0.7505400766033634,cell,76
399aa0a1-98e2-4d2b-b297-2b451e9665e1,288747d1-8b4f-4a64-867e-ea7c9b27bad8,Slinky Dog Dash,16,0.7148480645482174,cell,67
399aa0a1-98e2-4d2b-b297-2b451e9665e1,288747d1-8b4f-4a64-867e-ea7c9b27bad8,Slinky Dog Dash,17,0.7142965062564771,cell,72
399aa0a1-98e2-4d2b-b297-2b451e9665e1,288747d1-8b4f-4a64-867e-ea7c9b27bad8,Slinky Dog Dash,18,0.7626935428569896,cell,70
399aa0a1-98e2-4d2b-b297-2b451e9665e1,288747d1-8b4f-4a64-867e-ea7c9b27bad8,Slinky Dog Dash,19,0.7571847962129379,cell,70
399aa0a1-98e2-4d2b-b297-2b451e9665e1,288747d1-8b4f-4a64-867e-ea7c9b27bad8,Slinky Dog Dash,20,0.6173287827239082,cell,70
399aa0a1-98e2-4d2b-b297-2b451e9665e1,288747d1-8b4f-4a64-867e-ea7c9b27bad8,Slinky Dog Dash,21,0.5079586245314506,cell,34
3b290419-8ca2-44bc-a710-a6c83fca76ec,288747d1-8b4f-4a64-867e-ea7c9b27bad8,Star Tours – The Adventures Continue,8,-1.7935983566133515,attraction_hour,2
3b290419-8ca2-44bc-a710-a6c83fca76ec,288747d1-8b4f-4a64-867e-ea7c9b27bad8,Star Tours – The Adventures Continue,9,-1.5854294275147576,cell,91
3b290419-8ca2-44bc-a710-a6c83fca76ec,288747d1-8b4f-4a64-867e-ea7c9b27bad8,Star Tours – The Adventures Continue,10,-1.3021446391500175,cell,92
3b290419-8ca2-44bc-a710-a6c83fca76ec,288747d1-8b4f-4a64-867e-ea7c9b27bad8,Star Tours – The Adventures Continue,11,-1.1187461755814145,cell,92
3b290419-8ca2-44bc-a710-a6c83fca76ec,288747d1-8b4f-4a64-867e-ea7c9b27bad8,Star Tours – The Adventures Continue,12,-1.228333998152618,cell,92
3b290419-8ca2-44bc-a710-a6c83fca76ec,288747d1-8b4f-4a64-867e-ea7c9b27bad8,Star Tours – The Adventures Continue,13,-1.3750499977469608,cell,92
3b290419-8ca2-44bc-a710-a6c83fca76ec,288747d1-8b4f-4a64-867e-ea7c9b27bad8,Star Tours – The Adventures Continue,14,-1.4333563041614876,cell,92
3b290419-8ca2-44bc-a710-a6c83fca76ec,288747d1-8b4f-4a64-867e-ea7c9b27bad8,Star Tours – The Adventures Continue,15,-1.5244168029052347,cell,92
3b290419-8ca2-44bc-a710-a6c83fca76ec,288747d1-8b4f-4a64-867e-ea7c9b27bad8,Star Tours – The Adventures Continue,16,-1.5646202922222867,cell,92
3b290419-8ca2-44bc-a710-a6c83fca76ec,288747d1-8b4f-4a64-867e-ea7c9b27bad8,Star Tours – The Adventures Continue,17,-1.5796621916227835,cell,92
3b290419-8ca2-44bc-a710-a6c83fca76ec,288747d1-8b4f-4a64-867e-ea7c9b27bad8,Star Tours – The Adventures Continue,18,-1.572322847058615,cell,92
3b290419-8ca2-44bc-a710-a6c83fca76ec,288747d1-8b4f-4a64-867e-ea7c9b27bad8,Star Tours – The Adventures Continue,19,-1.516786078563117,cell,92
3b290419-8ca2-44bc-a710-a6c83fca76ec,288747d1-8b4f-4a64-867e-ea7c9b27bad8,Star Tours – The Adventures Continue,20,-1.4959909842806511,cell,92
3b290419-8ca2-44bc-a710-a6c83fca76ec,288747d1-8b4f-4a64-867e-ea7c9b27bad8,Star Tours – The Adventures Continue,21,-1.576909364022967,cell,39
3cb52134-e9d6-4212-83c8-3ce1321dcb05,267615cc-8943-4c2a-ae2c-5da728ca591f,Caro-Seuss-el™,9,-0.947945267910084,cell,89
3cb52134-e9d6-4212-83c8-3ce1321dcb05,267615cc-8943-4c2a-ae2c-5da728ca591f,Caro-Seuss-el™,10,-0.9465259235326354,cell,89
3cb52134-e9d6-4212-83c8-3ce1321dcb05,267615cc-8943-4c2a-ae2c-5da728ca591f,Caro-Seuss-el™,11,-0.9156525928083652,cell,91
3cb52134-e9d6-4212-83c8-3ce1321dcb05,267615cc-8943-4c2a-ae2c-5da728ca591f,Caro-Seuss-el™,12,-0.8790560268465789,cell,92
3cb52134-e9d6-4212-83c8-3ce1321dcb05,267615cc-8943-4c2a-ae2c-5da728ca591f,Caro-Seuss-el™,13,-0.8582893503732124,cell,90
3cb52134-e9d6-4212-83c8-3ce1321dcb05,267615cc-8943-4c2a-ae2c-5da728ca591f,Caro-Seuss-el™,14,-0.8295979023518009,cell,88
3cb52134-e9d6-4212-83c8-3ce1321dcb05,267615cc-8943-4c2a-ae2c-5da728ca591f,Caro-Seuss-el™,15,-0.8613638220609384,cell,90
3cb52134-e9d6-4212-83c8-3ce1321dcb05,267615cc-8943-4c2a-ae2c-5da728ca591f,Caro-Seuss-el™,16,-0.8523545047042272,cell,87
3cb52134-e9d6-4212-83c8-3ce1321dcb05,267615cc-8943-4c2a-ae2c-5da728ca591f,Caro-Seuss-el™,17,-0.8126600961903244,cell,87
3cb52134-e9d6-4212-83c8-3ce1321dcb05,267615cc-8943-4c2a-ae2c-5da728ca591f,Caro-Seuss-el™,18,-0.780622619300852,cell,88
3cb52134-e9d6-4212-83c8-3ce1321dcb05,267615cc-8943-4c2a-ae2c-5da728ca591f,Caro-Seuss-el™,19,-0.7957567847217003,cell,88
3cb52134-e9d6-4212-83c8-3ce1321dcb05,267615cc-8943-4c2a-ae2c-5da728ca591f,Caro-Seuss-el™,20,-0.8801219082013393,cell,73
3cb52134-e9d6-4212-83c8-3ce1321dcb05,267615cc-8943-4c2a-ae2c-5da728ca591f,Caro-Seuss-el™,21,-1.0081575885331961,cell,7
3cba0cb4-e2a6-402c-93ee-c11ffcb127ef,75ea578a-adc8-4116-a54d-dccb60765ef9,Under the Sea - Journey of The Little Mermaid,8,-0.8898142858110616,cell,18
3cba0cb4-e2a6-402c-93ee-c11ffcb127ef,75ea578a-adc8-4116-a54d-dccb60765ef9,Under the Sea - Journey of The Little Mermaid,9,-0.9628881720683068,cell,88
3cba0cb4-e2a6-402c-93ee-c11ffcb127ef,75ea578a-adc8-4116-a54d-dccb60765ef9,Under the Sea - Journey of The Little Mermaid,10,-0.8419504610242871,cell,90
3cba0cb4-e2a6-402c-93ee-c11ffcb127ef,75ea578a-adc8-4116-a54d-dccb60765ef9,Under the Sea - Journey of The Little Mermaid,11,-0.48223363868156244,cell,91
3cba0cb4-e2a6-402c-93ee-c11ffcb127ef,75ea578a-adc8-4116-a54d-dccb60765ef9,Under the Sea - Journey of The Little Mermaid,12,-0.2543038717725993,cell,92
3cba0cb4-e2a6-402c-93ee-c11ffcb127ef,75ea578a-adc8-4116-a54d-dccb60765ef9,Under the Sea - Journey of The Little Mermaid,13,-0.1492723145618687,cell,91
3cba0cb4-e2a6-402c-93ee-c11ffcb127ef,75ea578a-adc8-4116-a54d-dccb60765ef9,Under the Sea - Journey of The Little Mermaid,14,-0.2622315844020731,cell,91
3cba0cb4-e2a6-402c-93ee-c11ffcb127ef,75ea578a-adc8-4116-a54d-dccb60765ef9,Under the Sea - Journey of The Little Mermaid,15,-0.2417155703873554,cell,91
3cba0cb4-e2a6-402c-93ee-c11ffcb127ef,75ea578a-adc8-4116-a54d-dccb60765ef9,Under the Sea - Journey of The Little Mermaid,16,-0.16604912138492123,cell,89
3cba0cb4-e2a6-402c-93ee-c11ffcb127ef,75ea578a-adc8-4116-a54d-dccb60765ef9,Under the Sea - Journey of The Little Mermaid,17,-0.10607979150667023,cell,91
3cba0cb4-e2a6-402c-93ee-c11ffcb127ef,75ea578a-adc8-4116-a54d-dccb60765ef9,Under the Sea - Journey of The Little Mermaid,18,0.019482920453075994,cell,71
3cba0cb4-e2a6-402c-93ee-c11ffcb127ef,75ea578a-adc8-4116-a54d-dccb60765ef9,Under the Sea - Journey of The Little Mermaid,19,-0.023527325050108443,cell,71
3cba0cb4-e2a6-402c-93ee-c11ffcb127ef,75ea578a-adc8-4116-a54d-dccb60765ef9,Under the Sea - Journey of The Little Mermaid,20,-0.19366513300752092,cell,70
3cba0cb4-e2a6-402c-93ee-c11ffcb127ef,75ea578a-adc8-4116-a54d-dccb60765ef9,Under the Sea - Journey of The Little Mermaid,21,-0.9109812840399804,cell,71
3cba0cb4-e2a6-402c-93ee-c11ffcb127ef,75ea578a-adc8-4116-a54d-dccb60765ef9,Under the Sea - Journey of The Little Mermaid,22,-1.0480610850344496,cell,56
3cba0cb4-e2a6-402c-93ee-c11ffcb127ef,75ea578a-adc8-4116-a54d-dccb60765ef9,Under the Sea - Journey of The Little Mermaid,23,-1.0870265316259764,attraction_hour,1
3daca54f-50f0-44e9-a993-d706ce7520a0,267615cc-8943-4c2a-ae2c-5da728ca591f,Pteranodon Flyers,9,-0.26202877327476104,cell,81
3daca54f-50f0-44e9-a993-d706ce7520a0,267615cc-8943-4c2a-ae2c-5da728ca591f,Pteranodon Flyers,10,0.3296191867652525,cell,81
3daca54f-50f0-44e9-a993-d706ce7520a0,267615cc-8943-4c2a-ae2c-5da728ca591f,Pteranodon Flyers,11,0.5911970816314653,cell,80
3daca54f-50f0-44e9-a993-d706ce7520a0,267615cc-8943-4c2a-ae2c-5da728ca591f,Pteranodon Flyers,12,0.6474925295905323,cell,79
3daca54f-50f0-44e9-a993-d706ce7520a0,267615cc-8943-4c2a-ae2c-5da728ca591f,Pteranodon Flyers,13,0.6333098550011447,cell,74
3daca54f-50f0-44e9-a993-d706ce7520a0,267615cc-8943-4c2a-ae2c-5da728ca591f,Pteranodon Flyers,14,0.6203033463304638,cell,71
3daca54f-50f0-44e9-a993-d706ce7520a0,267615cc-8943-4c2a-ae2c-5da728ca591f,Pteranodon Flyers,15,0.5455765968348143,cell,67
3daca54f-50f0-44e9-a993-d706ce7520a0,267615cc-8943-4c2a-ae2c-5da728ca591f,Pteranodon Flyers,16,0.5412294703289683,cell,58
3daca54f-50f0-44e9-a993-d706ce7520a0,267615cc-8943-4c2a-ae2c-5da728ca591f,Pteranodon Flyers,17,0.4731829521468799,cell,59
3daca54f-50f0-44e9-a993-d706ce7520a0,267615cc-8943-4c2a-ae2c-5da728ca591f,Pteranodon Flyers,18,0.5109967228823902,cell,71
3daca54f-50f0-44e9-a993-d706ce7520a0,267615cc-8943-4c2a-ae2c-5da728ca591f,Pteranodon Flyers,19,0.4496620664659913,cell,68
3daca54f-50f0-44e9-a993-d706ce7520a0,267615cc-8943-4c2a-ae2c-5da728ca591f,Pteranodon Flyers,20,0.3118698373758501,cell,60
3daca54f-50f0-44e9-a993-d706ce7520a0,267615cc-8943-4c2a-ae2c-5da728ca591f,Pteranodon Flyers,21,0.15457205835493326,attraction_hour,1
41c4491c-f3d9-41e5-963c-21a10a255b39,eb3f4560-2383-4a36-9152-6b3e5ed6bc57,Cybergoria,8,-0.6919030488669629,attraction_hour,1
41c4491c-f3d9-41e5-963c-21a10a255b39,eb3f4560-2383-4a36-9152-6b3e5ed6bc57,Cybergoria,9,-0.7563496047888449,attraction_hour,2
41c4491c-f3d9-41e5-963c-21a10a255b39,eb3f4560-2383-4a36-9152-6b3e5ed6bc57,Cybergoria,10,-0.7563496047888449,attraction_hour,2
41c4491c-f3d9-41e5-963c-21a10a255b39,eb3f4560-2383-4a36-9152-6b3e5ed6bc57,Cybergoria,11,-0.7563496047888449,attraction_hour,2
41c4491c-f3d9-41e5-963c-21a10a255b39,eb3f4560-2383-4a36-9152-6b3e5ed6bc57,Cybergoria,12,-0.7563496047888449,attraction_hour,2
41c4491c-f3d9-41e5-963c-21a10a255b39,eb3f4560-2383-4a36-9152-6b3e5ed6bc57,Cybergoria,13,-0.7563496047888449,attraction_hour,2
41c4491c-f3d9-41e5-963c-21a10a255b39,eb3f4560-2383-4a36-9152-6b3e5ed6bc57,Cybergoria,14,-0.7563496047888449,attraction_hour,2
41c4491c-f3d9-41e5-963c-21a10a255b39,eb3f4560-2383-4a36-9152-6b3e5ed6bc57,Cybergoria,15,-0.7563496047888449,attraction_hour,2
41c4491c-f3d9-41e5-963c-21a10a255b39,eb3f4560-2383-4a36-9152-6b3e5ed6bc57,Cybergoria,16,-0.7563496047888449,attraction_hour,2
41c4491c-f3d9-41e5-963c-21a10a255b39,eb3f4560-2383-4a36-9152-6b3e5ed6bc57,Cybergoria,17,-0.7563496047888449,attraction_hour,2
41c4491c-f3d9-41e5-963c-21a10a255b39,eb3f4560-2383-4a36-9152-6b3e5ed6bc57,Cybergoria,18,-0.820796160710727,attraction_hour,1
41c4491c-f3d9-41e5-963c-21a10a255b39,eb3f4560-2383-4a36-9152-6b3e5ed6bc57,Cybergoria,19,-0.7563496047888449,attraction,0
41c4491c-f3d9-41e5-963c-21a10a255b39,eb3f4560-2383-4a36-9152-6b3e5ed6bc57,Cybergoria,20,-0.7563496047888449,attraction,0
41c4491c-f3d9-41e5-963c-21a10a255b39,eb3f4560-2383-4a36-9152-6b3e5ed6bc57,Cybergoria,21,-0.7563496047888449,attraction,0
43df71bf-aa7c-46c0-925c-46f69d8bf23f,12dbb85b-265f-44e6-bccf-f1faa17211fc,Mario Kart™: Bowser's Challenge,9,0.594008050236477,cell,27
43df71bf-aa7c-46c0-925c-46f69d8bf23f,12dbb85b-265f-44e6-bccf-f1faa17211fc,Mario Kart™: Bowser's Challenge,10,0.8729976930302147,cell,90
43df71bf-aa7c-46c0-925c-46f69d8bf23f,12dbb85b-265f-44e6-bccf-f1faa17211fc,Mario Kart™: Bowser's Challenge,11,1.1305169501182328,cell,91
43df71bf-aa7c-46c0-925c-46f69d8bf23f,12dbb85b-265f-44e6-bccf-f1faa17211fc,Mario Kart™: Bowser's Challenge,12,1.0565248433629286,cell,92
43df71bf-aa7c-46c0-925c-46f69d8bf23f,12dbb85b-265f-44e6-bccf-f1faa17211fc,Mario Kart™: Bowser's Challenge,13,0.8943239249857156,cell,91
43df71bf-aa7c-46c0-925c-46f69d8bf23f,12dbb85b-265f-44e6-bccf-f1faa17211fc,Mario Kart™: Bowser's Challenge,14,0.8480755115524709,cell,92
43df71bf-aa7c-46c0-925c-46f69d8bf23f,12dbb85b-265f-44e6-bccf-f1faa17211fc,Mario Kart™: Bowser's Challenge,15,0.8362234367477792,cell,89
43df71bf-aa7c-46c0-925c-46f69d8bf23f,12dbb85b-265f-44e6-bccf-f1faa17211fc,Mario Kart™: Bowser's Challenge,16,0.6970924033194903,cell,88
43df71bf-aa7c-46c0-925c-46f69d8bf23f,12dbb85b-265f-44e6-bccf-f1faa17211fc,Mario Kart™: Bowser's Challenge,17,0.5483050285034274,cell,91
43df71bf-aa7c-46c0-925c-46f69d8bf23f,12dbb85b-265f-44e6-bccf-f1faa17211fc,Mario Kart™: Bowser's Challenge,18,0.30733408034557047,cell,90
43df71bf-aa7c-46c0-925c-46f69d8bf23f,12dbb85b-265f-44e6-bccf-f1faa17211fc,Mario Kart™: Bowser's Challenge,19,-0.004370142753208736,cell,92
43df71bf-aa7c-46c0-925c-46f69d8bf23f,12dbb85b-265f-44e6-bccf-f1faa17211fc,Mario Kart™: Bowser's Challenge,20,-0.20495538389484577,cell,65
43df71bf-aa7c-46c0-925c-46f69d8bf23f,12dbb85b-265f-44e6-bccf-f1faa17211fc,Mario Kart™: Bowser's Challenge,21,-0.2395993637314353,attraction_hour,1
447033ce-ee1f-4cca-bb12-47d22583ac12,12dbb85b-265f-44e6-bccf-f1faa17211fc,Stardust Racers,9,-0.6009749230041953,cell,27
447033ce-ee1f-4cca-bb12-47d22583ac12,12dbb85b-265f-44e6-bccf-f1faa17211fc,Stardust Racers,10,-0.32796383213718516,cell,86
447033ce-ee1f-4cca-bb12-47d22583ac12,12dbb85b-265f-44e6-bccf-f1faa17211fc,Stardust Racers,11,-0.14879091420944765,cell,85
447033ce-ee1f-4cca-bb12-47d22583ac12,12dbb85b-265f-44e6-bccf-f1faa17211fc,Stardust Racers,12,-0.013222402447245958,cell,87
447033ce-ee1f-4cca-bb12-47d22583ac12,12dbb85b-265f-44e6-bccf-f1faa17211fc,Stardust Racers,13,-0.09502523464809504,cell,84
447033ce-ee1f-4cca-bb12-47d22583ac12,12dbb85b-265f-44e6-bccf-f1faa17211fc,Stardust Racers,14,-0.2508849494651584,cell,80
447033ce-ee1f-4cca-bb12-47d22583ac12,12dbb85b-265f-44e6-bccf-f1faa17211fc,Stardust Racers,15,-0.3174285554608945,cell,75
447033ce-ee1f-4cca-bb12-47d22583ac12,12dbb85b-265f-44e6-bccf-f1faa17211fc,Stardust Racers,16,-0.30609339212822223,cell,64
447033ce-ee1f-4cca-bb12-47d22583ac12,12dbb85b-265f-44e6-bccf-f1faa17211fc,Stardust Racers,17,-0.3253708152677334,cell,70
447033ce-ee1f-4cca-bb12-47d22583ac12,12dbb85b-265f-44e6-bccf-f1faa17211fc,Stardust Racers,18,-0.3570837997105125,cell,72
447033ce-ee1f-4cca-bb12-47d22583ac12,12dbb85b-265f-44e6-bccf-f1faa17211fc,Stardust Racers,19,-0.2520533921959972,cell,81
447033ce-ee1f-4cca-bb12-47d22583ac12,12dbb85b-265f-44e6-bccf-f1faa17211fc,Stardust Racers,20,0.03210378156123295,cell,60
447033ce-ee1f-4cca-bb12-47d22583ac12,12dbb85b-265f-44e6-bccf-f1faa17211fc,Stardust Racers,21,0.4271610616553154,attraction_hour,1
480fde8f-fe58-4bfb-b3ab-052a39d4db7c,47f90d2c-e191-4239-a466-5892ef59a88b,Spaceship Earth,9,-0.8203156681460985,cell,85
480fde8f-fe58-4bfb-b3ab-052a39d4db7c,47f90d2c-e191-4239-a466-5892ef59a88b,Spaceship Earth,10,0.06695958410677838,cell,89
480fde8f-fe58-4bfb-b3ab-052a39d4db7c,47f90d2c-e191-4239-a466-5892ef59a88b,Spaceship Earth,11,0.20984398617299715,cell,88
480fde8f-fe58-4bfb-b3ab-052a39d4db7c,47f90d2c-e191-4239-a466-5892ef59a88b,Spaceship Earth,12,-0.028694786909162363,cell,85
480fde8f-fe58-4bfb-b3ab-052a39d4db7c,47f90d2c-e191-4239-a466-5892ef59a88b,Spaceship Earth,13,-0.354229202555183,cell,86
480fde8f-fe58-4bfb-b3ab-052a39d4db7c,47f90d2c-e191-4239-a466-5892ef59a88b,Spaceship Earth,14,-0.4950464203167866,cell,84
480fde8f-fe58-4bfb-b3ab-052a39d4db7c,47f90d2c-e191-4239-a466-5892ef59a88b,Spaceship Earth,15,-0.5235278725016664,cell,82
480fde8f-fe58-4bfb-b3ab-052a39d4db7c,47f90d2c-e191-4239-a466-5892ef59a88b,Spaceship Earth,16,-0.5441709891295673,cell,81
480fde8f-fe58-4bfb-b3ab-052a39d4db7c,47f90d2c-e191-4239-a466-5892ef59a88b,Spaceship Earth,17,-0.600543511377174,cell,79
480fde8f-fe58-4bfb-b3ab-052a39d4db7c,47f90d2c-e191-4239-a466-5892ef59a88b,Spaceship Earth,18,-0.6518105262604486,cell,76
480fde8f-fe58-4bfb-b3ab-052a39d4db7c,47f90d2c-e191-4239-a466-5892ef59a88b,Spaceship Earth,19,-0.7618045090291881,cell,79
480fde8f-fe58-4bfb-b3ab-052a39d4db7c,47f90d2c-e191-4239-a466-5892ef59a88b,Spaceship Earth,20,-0.8566451654818741,cell,81
482169b9-2889-4747-8aef-f9d13a37d940,47f90d2c-e191-4239-a466-5892ef59a88b,Awesome Planet,9,-3.0004273834022337,attraction_hour,1
482169b9-2889-4747-8aef-f9d13a37d940,47f90d2c-e191-4239-a466-5892ef59a88b,Awesome Planet,10,-3.0004273834022337,attraction_hour,1
482169b9-2889-4747-8aef-f9d13a37d940,47f90d2c-e191-4239-a466-5892ef59a88b,Awesome Planet,11,-3.0004273834022337,attraction_hour,1
482169b9-2889-4747-8aef-f9d13a37d940,47f90d2c-e191-4239-a466-5892ef59a88b,Awesome Planet,12,-3.0004273834022337,attraction_hour,1
482169b9-2889-4747-8aef-f9d13a37d940,47f90d2c-e191-4239-a466-5892ef59a88b,Awesome Planet,13,-3.0004273834022337,attraction_hour,1
482169b9-2889-4747-8aef-f9d13a37d940,47f90d2c-e191-4239-a466-5892ef59a88b,Awesome Planet,14,-3.0004273834022337,attraction_hour,1
482169b9-2889-4747-8aef-f9d13a37d940,47f90d2c-e191-4239-a466-5892ef59a88b,Awesome Planet,15,-3.0004273834022337,attraction_hour,1
482169b9-2889-4747-8aef-f9d13a37d940,47f90d2c-e191-4239-a466-5892ef59a88b,Awesome Planet,16,-3.0004273834022337,attraction_hour,1
482169b9-2889-4747-8aef-f9d13a37d940,47f90d2c-e191-4239-a466-5892ef59a88b,Awesome Planet,17,-3.0004273834022337,attraction_hour,1
482169b9-2889-4747-8aef-f9d13a37d940,47f90d2c-e191-4239-a466-5892ef59a88b,Awesome Planet,18,-3.0004273834022337,attraction_hour,1
482169b9-2889-4747-8aef-f9d13a37d940,47f90d2c-e191-4239-a466-5892ef59a88b,Awesome Planet,19,-3.0004273834022337,attraction_hour,1
482169b9-2889-4747-8aef-f9d13a37d940,47f90d2c-e191-4239-a466-5892ef59a88b,Awesome Planet,20,-3.0004273834022337,attraction_hour,1
48f99577-cfc3-40b4-8161-844300c823d4,eb3f4560-2383-4a36-9152-6b3e5ed6bc57,Ozzy Osbourne: Prince of Darkness,8,-0.08576724529664714,attraction_hour,1
48f99577-cfc3-40b4-8161-844300c823d4,eb3f4560-2383-4a36-9152-6b3e5ed6bc57,Ozzy Osbourne: Prince of Darkness,9,0.03713292350217601,attraction_hour,2
48f99577-cfc3-40b4-8161-844300c823d4,eb3f4560-2383-4a36-9152-6b3e5ed6bc57,Ozzy Osbourne: Prince of Darkness,10,0.03713292350217601,attraction_hour,2
48f99577-cfc3-40b4-8161-844300c823d4,eb3f4560-2383-4a36-9152-6b3e5ed6bc57,Ozzy Osbourne: Prince of Darkness,11,0.03713292350217601,attraction_hour,2
48f99577-cfc3-40b4-8161-844300c823d4,eb3f4560-2383-4a36-9152-6b3e5ed6bc57,Ozzy Osbourne: Prince of Darkness,12,0.03713292350217601,attraction_hour,2
48f99577-cfc3-40b4-8161-844300c823d4,eb3f4560-2383-4a36-9152-6b3e5ed6bc57,Ozzy Osbourne: Prince of Darkness,13,0.03713292350217601,attraction_hour,2
48f99577-cfc3-40b4-8161-844300c823d4,eb3f4560-2383-4a36-9152-6b3e5ed6bc57,Ozzy Osbourne: Prince of Darkness,14,0.03713292350217601,attraction_hour,2
48f99577-cfc3-40b4-8161-844300c823d4,eb3f4560-2383-4a36-9152-6b3e5ed6bc57,Ozzy Osbourne: Prince of Darkness,15,0.03713292350217601,attraction_hour,2
48f99577-cfc3-40b4-8161-844300c823d4,eb3f4560-2383-4a36-9152-6b3e5ed6bc57,Ozzy Osbourne: Prince of Darkness,16,0.03713292350217601,attraction_hour,2
48f99577-cfc3-40b4-8161-844300c823d4,eb3f4560-2383-4a36-9152-6b3e5ed6bc57,Ozzy Osbourne: Prince of Darkness,17,-0.5463160443065317,attraction_hour,3
48f99577-cfc3-40b4-8161-844300c823d4,eb3f4560-2383-4a36-9152-6b3e5ed6bc57,Ozzy Osbourne: Prince of Darkness,18,0.16003309230099916,attraction_hour,1
48f99577-cfc3-40b4-8161-844300c823d4,eb3f4560-2383-4a36-9152-6b3e5ed6bc57,Ozzy Osbourne: Prince of Darkness,19,-0.046216929041925085,attraction,0
48f99577-cfc3-40b4-8161-844300c823d4,eb3f4560-2383-4a36-9152-6b3e5ed6bc57,Ozzy Osbourne: Prince of Darkness,20,-0.046216929041925085,attraction,0
48f99577-cfc3-40b4-8161-844300c823d4,eb3f4560-2383-4a36-9152-6b3e5ed6bc57,Ozzy Osbourne: Prince of Darkness,21,-0.046216929041925085,attraction,0
4f391f0e-52be-4f9d-99d6-b3ae0373b43c,1c84a229-8862-4648-9c71-378ddd2c7693,Wildlife Express Train,8,-0.9772574546266459,cell,73
4f391f0e-52be-4f9d-99d6-b3ae0373b43c,1c84a229-8862-4648-9c71-378ddd2c7693,Wildlife Express Train,9,-0.9360158611285624,cell,90
4f391f0e-52be-4f9d-99d6-b3ae0373b43c,1c84a229-8862-4648-9c71-378ddd2c7693,Wildlife Express Train,10,-0.8150273991901358,cell,92
4f391f0e-52be-4f9d-99d6-b3ae0373b43c,1c84a229-8862-4648-9c71-378ddd2c7693,Wildlife Express Train,11,-0.6429448776483098,cell,92
4f391f0e-52be-4f9d-99d6-b3ae0373b43c,1c84a229-8862-4648-9c71-378ddd2c7693,Wildlife Express Train,12,-0.5864351150811743,cell,91
4f391f0e-52be-4f9d-99d6-b3ae0373b43c,1c84a229-8862-4648-9c71-378ddd2c7693,Wildlife Express Train,13,-0.6432648589266342,cell,91
4f391f0e-52be-4f9d-99d6-b3ae0373b43c,1c84a229-8862-4648-9c71-378ddd2c7693,Wildlife Express Train,14,-0.6289645681036068,cell,92
4f391f0e-52be-4f9d-99d6-b3ae0373b43c,1c84a229-8862-4648-9c71-378ddd2c7693,Wildlife Express Train,15,-0.7166758367833302,cell,92
4f391f0e-52be-4f9d-99d6-b3ae0373b43c,1c84a229-8862-4648-9c71-378ddd2c7693,Wildlife Express Train,16,-0.8268342894471907,cell,79
4f391f0e-52be-4f9d-99d6-b3ae0373b43c,1c84a229-8862-4648-9c71-378ddd2c7693,Wildlife Express Train,17,-0.7458790339761232,attraction,0
4f391f0e-52be-4f9d-99d6-b3ae0373b43c,1c84a229-8862-4648-9c71-378ddd2c7693,Wildlife Express Train,18,-0.7458790339761232,attraction,0
4f391f0e-52be-4f9d-99d6-b3ae0373b43c,1c84a229-8862-4648-9c71-378ddd2c7693,Wildlife Express Train,19,-0.7458790339761232,attraction,0
53ac1ddd-51b1-4b5b-a72b-3a7b3e25397a,eb3f4560-2383-4a36-9152-6b3e5ed6bc57,INVASION: Alien Abduction,8,-0.6919030488669629,attraction_hour,1
53ac1ddd-51b1-4b5b-a72b-3a7b3e25397a,eb3f4560-2383-4a36-9152-6b3e5ed6bc57,INVASION: Alien Abduction,9,-0.7563496047888449,attraction_hour,2
53ac1ddd-51b1-4b5b-a72b-3a7b3e25397a,eb3f4560-2383-4a36-9152-6b3e5ed6bc57,INVASION: Alien Abduction,10,-0.7563496047888449,attraction_hour,2
53ac1ddd-51b1-4b5b-a72b-3a7b3e25397a,eb3f4560-2383-4a36-9152-6b3e5ed6bc57,INVASION: Alien Abduction,11,-0.7563496047888449,attraction_hour,2
53ac1ddd-51b1-4b5b-a72b-3a7b3e25397a,eb3f4560-2383-4a36-9152-6b3e5ed6bc57,INVASION: Alien Abduction,12,-0.7563496047888449,attraction_hour,2
53ac1ddd-51b1-4b5b-a72b-3a7b3e25397a,eb3f4560-2383-4a36-9152-6b3e5ed6bc57,INVASION: Alien Abduction,13,-0.7563496047888449,attraction_hour,2
53ac1ddd-51b1-4b5b-a72b-3a7b3e25397a,eb3f4560-2383-4a36-9152-6b3e5ed6bc57,INVASION: Alien Abduction,14,-0.7563496047888449,attraction_hour,2
53ac1ddd-51b1-4b5b-a72b-3a7b3e25397a,eb3f4560-2383-4a36-9152-6b3e5ed6bc57,INVASION: Alien Abduction,15,-0.7563496047888449,attraction_hour,2
53ac1ddd-51b1-4b5b-a72b-3a7b3e25397a,eb3f4560-2383-4a36-9152-6b3e5ed6bc57,INVASION: Alien Abduction,16,-0.7563496047888449,attraction_hour,2
53ac1ddd-51b1-4b5b-a72b-3a7b3e25397a,eb3f4560-2383-4a36-9152-6b3e5ed6bc57,INVASION: Alien Abduction,17,-0.8956388962563165,attraction_hour,3
53ac1ddd-51b1-4b5b-a72b-3a7b3e25397a,eb3f4560-2383-4a36-9152-6b3e5ed6bc57,INVASION: Alien Abduction,18,-0.820796160710727,attraction_hour,1
53ac1ddd-51b1-4b5b-a72b-3a7b3e25397a,eb3f4560-2383-4a36-9152-6b3e5ed6bc57,INVASION: Alien Abduction,19,-0.7762480749984837,attraction,0
53ac1ddd-51b1-4b5b-a72b-3a7b3e25397a,eb3f4560-2383-4a36-9152-6b3e5ed6bc57,INVASION: Alien Abduction,20,-0.7762480749984837,attraction,0
53ac1ddd-51b1-4b5b-a72b-3a7b3e25397a,eb3f4560-2383-4a36-9152-6b3e5ed6bc57,INVASION: Alien Abduction,21,-0.7762480749984837,attraction,0
578bbd12-1975-4ec3-9879-ea641c780342,267615cc-8943-4c2a-ae2c-5da728ca591f,Hagrid's Magical Creatures Motorbike Adventure™,9,1.5623652542764395,cell,88
578bbd12-1975-4ec3-9879-ea641c780342,267615cc-8943-4c2a-ae2c-5da728ca591f,Hagrid's Magical Creatures Motorbike Adventure™,10,1.4614215071492769,cell,89
578bbd12-1975-4ec3-9879-ea641c780342,267615cc-8943-4c2a-ae2c-5da728ca591f,Hagrid's Magical Creatures Motorbike Adventure™,11,1.432599792564105,cell,88
578bbd12-1975-4ec3-9879-ea641c780342,267615cc-8943-4c2a-ae2c-5da728ca591f,Hagrid's Magical Creatures Motorbike Adventure™,12,1.402757412772733,cell,85
578bbd12-1975-4ec3-9879-ea641c780342,267615cc-8943-4c2a-ae2c-5da728ca591f,Hagrid's Magical Creatures Motorbike Adventure™,13,1.3550097188907257,cell,78
578bbd12-1975-4ec3-9879-ea641c780342,267615cc-8943-4c2a-ae2c-5da728ca591f,Hagrid's Magical Creatures Motorbike Adventure™,14,1.3508505327903961,cell,72
578bbd12-1975-4ec3-9879-ea641c780342,267615cc-8943-4c2a-ae2c-5da728ca591f,Hagrid's Magical Creatures Motorbike Adventure™,15,1.3327428207799958,cell,71
578bbd12-1975-4ec3-9879-ea641c780342,267615cc-8943-4c2a-ae2c-5da728ca591f,Hagrid's Magical Creatures Motorbike Adventure™,16,1.3402691417658223,cell,64
578bbd12-1975-4ec3-9879-ea641c780342,267615cc-8943-4c2a-ae2c-5da728ca591f,Hagrid's Magical Creatures Motorbike Adventure™,17,1.317480523251034,cell,59
578bbd12-1975-4ec3-9879-ea641c780342,267615cc-8943-4c2a-ae2c-5da728ca591f,Hagrid's Magical Creatures Motorbike Adventure™,18,1.3231556323821594,cell,65
578bbd12-1975-4ec3-9879-ea641c780342,267615cc-8943-4c2a-ae2c-5da728ca591f,Hagrid's Magical Creatures Motorbike Adventure™,19,1.3405924377821143,cell,68
578bbd12-1975-4ec3-9879-ea641c780342,267615cc-8943-4c2a-ae2c-5da728ca591f,Hagrid's Magical Creatures Motorbike Adventure™,20,1.3243830247371138,cell,58
578bbd12-1975-4ec3-9879-ea641c780342,267615cc-8943-4c2a-ae2c-5da728ca591f,Hagrid's Magical Creatures Motorbike Adventure™,21,1.5696903624859355,attraction_hour,4
57acb522-a6fc-4aa4-a80e-21f21f317250,47f90d2c-e191-4239-a466-5892ef59a88b,Turtle Talk With Crush,9,-0.1946578474068131,attraction,0
57acb522-a6fc-4aa4-a80e-21f21f317250,47f90d2c-e191-4239-a466-5892ef59a88b,Turtle Talk With Crush,10,-0.19888573428693077,cell,92
57acb522-a6fc-4aa4-a80e-21f21f317250,47f90d2c-e191-4239-a466-5892ef59a88b,Turtle Talk With Crush,11,-0.19398593299235153,cell,92
57acb522-a6fc-4aa4-a80e-21f21f317250,47f90d2c-e191-4239-a466-5892ef59a88b,Turtle Talk With Crush,12,-0.1741376137812125,cell,92
57acb522-a6fc-4aa4-a80e-21f21f317250,47f90d2c-e191-4239-a466-5892ef59a88b,Turtle Talk With Crush,13,-0.18231665155098656,cell,92
57acb522-a6fc-4aa4-a80e-21f21f317250,47f90d2c-e191-4239-a466-5892ef59a88b,Turtle Talk With Crush,14,-0.19534616406801514,cell,92
57acb522-a6fc-4aa4-a80e-21f21f317250,47f90d2c-e191-4239-a466-5892ef59a88b,Turtle Talk With Crush,15,-0.19952293472516253,cell,92
57acb522-a6fc-4aa4-a80e-21f21f317250,47f90d2c-e191-4239-a466-5892ef59a88b,Turtle Talk With Crush,16,-0.19448864609725544,cell,91
57acb522-a6fc-4aa4-a80e-21f21f317250,47f90d2c-e191-4239-a466-5892ef59a88b,Turtle Talk With Crush,17,-0.19831038520462613,cell,90
57acb522-a6fc-4aa4-a80e-21f21f317250,47f90d2c-e191-4239-a466-5892ef59a88b,Turtle Talk With Crush,18,-0.20115795683617427,cell,90
57acb522-a6fc-4aa4-a80e-21f21f317250,47f90d2c-e191-4239-a466-5892ef59a88b,Turtle Talk With Crush,19,-0.20115795683617427,cell,90
57acb522-a6fc-4aa4-a80e-21f21f317250,47f90d2c-e191-4239-a466-5892ef59a88b,Turtle Talk With Crush,20,-0.20237035399377756,cell,91
5a43d1a7-ad53-4d25-abfe-25625f0da304,75ea578a-adc8-4116-a54d-dccb60765ef9,TRON Lightcycle / Run,8,0.7682346658508643,cell,18
5a43d1a7-ad53-4d25-abfe-25625f0da304,75ea578a-adc8-4116-a54d-dccb60765ef9,TRON Lightcycle / Run,9,1.1454157784390615,cell,89
5a43d1a7-ad53-4d25-abfe-25625f0da304,75ea578a-adc8-4116-a54d-dccb60765ef9,TRON Lightcycle / Run,10,1.1498574883873443,cell,87
5a43d1a7-ad53-4d25-abfe-25625f0da304,75ea578a-adc8-4116-a54d-dccb60765ef9,TRON Lightcycle / Run,11,1.240103448249125,cell,90
5a43d1a7-ad53-4d25-abfe-25625f0da304,75ea578a-adc8-4116-a54d-dccb60765ef9,TRON Lightcycle / Run,12,1.2122496210173221,cell,89
5a43d1a7-ad53-4d25-abfe-25625f0da304,75ea578a-adc8-4116-a54d-dccb60765ef9,TRON Lightcycle / Run,13,1.210898981823627,cell,89
5a43d1a7-ad53-4d25-abfe-25625f0da304,75ea578a-adc8-4116-a54d-dccb60765ef9,TRON Lightcycle / Run,14,1.2013343743210916,cell,90
5a43d1a7-ad53-4d25-abfe-25625f0da304,75ea578a-adc8-4116-a54d-dccb60765ef9,TRON Lightcycle / Run,15,1.2458814376477876,cell,91
5a43d1a7-ad53-4d25-abfe-25625f0da304,75ea578a-adc8-4116-a54d-dccb60765ef9,TRON Lightcycle / Run,16,1.2841297459821808,cell,90
5a43d1a7-ad53-4d25-abfe-25625f0da304,75ea578a-adc8-4116-a54d-dccb60765ef9,TRON Lightcycle / Run,17,1.3132099397747032,cell,90
5a43d1a7-ad53-4d25-abfe-25625f0da304,75ea578a-adc8-4116-a54d-dccb60765ef9,TRON Lightcycle / Run,18,1.3585525368533182,cell,70
5a43d1a7-ad53-4d25-abfe-25625f0da304,75ea578a-adc8-4116-a54d-dccb60765ef9,TRON Lightcycle / Run,19,1.4483286165318507,cell,71
5a43d1a7-ad53-4d25-abfe-25625f0da304,75ea578a-adc8-4116-a54d-dccb60765ef9,TRON Lightcycle / Run,20,1.5597057898258722,cell,72
5a43d1a7-ad53-4d25-abfe-25625f0da304,75ea578a-adc8-4116-a54d-dccb60765ef9,TRON Lightcycle / Run,21,1.5121469970331909,cell,72
5a43d1a7-ad53-4d25-abfe-25625f0da304,75ea578a-adc8-4116-a54d-dccb60765ef9,TRON Lightcycle / Run,22,1.559090724968199,cell,57
5a43d1a7-ad53-4d25-abfe-25625f0da304,75ea578a-adc8-4116-a54d-dccb60765ef9,TRON Lightcycle / Run,23,1.487492276851711,attraction_hour,1
5b6475ad-4e9a-4793-b841-501aa382c9c0,47f90d2c-e191-4239-a466-5892ef59a88b,Mission: SPACE,9,-0.24149537440495222,cell,92
5b6475ad-4e9a-4793-b841-501aa382c9c0,47f90d2c-e191-4239-a466-5892ef59a88b,Mission: SPACE,10,-0.09758806175531021,cell,92
5b6475ad-4e9a-4793-b841-501aa382c9c0,47f90d2c-e191-4239-a466-5892ef59a88b,Mission: SPACE,11,0.027830521691739444,cell,92
5b6475ad-4e9a-4793-b841-501aa382c9c0,47f90d2c-e191-4239-a466-5892ef59a88b,Mission: SPACE,12,-0.008141930767924587,cell,92
5b6475ad-4e9a-4793-b841-501aa382c9c0,47f90d2c-e191-4239-a466-5892ef59a88b,Mission: SPACE,13,-0.09648390143049142,cell,91
5b6475ad-4e9a-4793-b841-501aa382c9c0,47f90d2c-e191-4239-a466-5892ef59a88b,Mission: SPACE,14,-0.13353795178193673,cell,92
5b6475ad-4e9a-4793-b841-501aa382c9c0,47f90d2c-e191-4239-a466-5892ef59a88b,Mission: SPACE,15,-0.1414346226867719,cell,91
5b6475ad-4e9a-4793-b841-501aa382c9c0,47f90d2c-e191-4239-a466-5892ef59a88b,Mission: SPACE,16,-0.14913174476147298,cell,92
5b6475ad-4e9a-4793-b841-501aa382c9c0,47f90d2c-e191-4239-a466-5892ef59a88b,Mission: SPACE,17,-0.14892128209210856,cell,91
5b6475ad-4e9a-4793-b841-501aa382c9c0,47f90d2c-e191-4239-a466-5892ef59a88b,Mission: SPACE,18,-0.14075600220246928,cell,90
5b6475ad-4e9a-4793-b841-501aa382c9c0,47f90d2c-e191-4239-a466-5892ef59a88b,Mission: SPACE,19,-0.14929846271304667,cell,90
5b6475ad-4e9a-4793-b841-501aa382c9c0,47f90d2c-e191-4239-a466-5892ef59a88b,Mission: SPACE,20,-0.17468104635156165,cell,91
61079a31-4165-4fb0-b36f-c01c5971f80a,267615cc-8943-4c2a-ae2c-5da728ca591f,Jurassic World VelociCoaster,9,0.47224452935165795,cell,89
61079a31-4165-4fb0-b36f-c01c5971f80a,267615cc-8943-4c2a-ae2c-5da728ca591f,Jurassic World VelociCoaster,10,0.7648542703849177,cell,89
61079a31-4165-4fb0-b36f-c01c5971f80a,267615cc-8943-4c2a-ae2c-5da728ca591f,Jurassic World VelociCoaster,11,0.9642646173456991,cell,89
61079a31-4165-4fb0-b36f-c01c5971f80a,267615cc-8943-4c2a-ae2c-5da728ca591f,Jurassic World VelociCoaster,12,1.065740369332463,cell,87
61079a31-4165-4fb0-b36f-c01c5971f80a,267615cc-8943-4c2a-ae2c-5da728ca591f,Jurassic World VelociCoaster,13,1.0192602501843555,cell,80
61079a31-4165-4fb0-b36f-c01c5971f80a,267615cc-8943-4c2a-ae2c-5da728ca591f,Jurassic World VelociCoaster,14,0.9518897086924735,cell,76
61079a31-4165-4fb0-b36f-c01c5971f80a,267615cc-8943-4c2a-ae2c-5da728ca591f,Jurassic World VelociCoaster,15,0.9297518883765882,cell,73
61079a31-4165-4fb0-b36f-c01c5971f80a,267615cc-8943-4c2a-ae2c-5da728ca591f,Jurassic World VelociCoaster,16,1.0207044267464869,cell,63
61079a31-4165-4fb0-b36f-c01c5971f80a,267615cc-8943-4c2a-ae2c-5da728ca591f,Jurassic World VelociCoaster,17,1.0485207440430762,cell,68
61079a31-4165-4fb0-b36f-c01c5971f80a,267615cc-8943-4c2a-ae2c-5da728ca591f,Jurassic World VelociCoaster,18,1.074598955883473,cell,73
61079a31-4165-4fb0-b36f-c01c5971f80a,267615cc-8943-4c2a-ae2c-5da728ca591f,Jurassic World VelociCoaster,19,1.0571309543654834,cell,69
61079a31-4165-4fb0-b36f-c01c5971f80a,267615cc-8943-4c2a-ae2c-5da728ca591f,Jurassic World VelociCoaster,20,1.0713400168144003,cell,64
61079a31-4165-4fb0-b36f-c01c5971f80a,267615cc-8943-4c2a-ae2c-5da728ca591f,Jurassic World VelociCoaster,21,1.163292699953963,cell,5
61fb49f8-e62f-4e1c-ae0e-8ab9929037bc,47f90d2c-e191-4239-a466-5892ef59a88b,Canada Far and Wide in Circle-Vision 360,9,-0.20552032299169828,cell,61
61fb49f8-e62f-4e1c-ae0e-8ab9929037bc,47f90d2c-e191-4239-a466-5892ef59a88b,Canada Far and Wide in Circle-Vision 360,10,-0.20261423505869283,cell,71
61fb49f8-e62f-4e1c-ae0e-8ab9929037bc,47f90d2c-e191-4239-a466-5892ef59a88b,Canada Far and Wide in Circle-Vision 360,11,-0.20886014694813446,cell,76
61fb49f8-e62f-4e1c-ae0e-8ab9929037bc,47f90d2c-e191-4239-a466-5892ef59a88b,Canada Far and Wide in Circle-Vision 360,12,-0.2081253925415568,cell,79
61fb49f8-e62f-4e1c-ae0e-8ab9929037bc,47f90d2c-e191-4239-a466-5892ef59a88b,Canada Far and Wide in Circle-Vision 360,13,-0.20695386727964307,cell,80
61fb49f8-e62f-4e1c-ae0e-8ab9929037bc,47f90d2c-e191-4239-a466-5892ef59a88b,Canada Far and Wide in Circle-Vision 360,14,-0.21182837879929556,cell,80
61fb49f8-e62f-4e1c-ae0e-8ab9929037bc,47f90d2c-e191-4239-a466-5892ef59a88b,Canada Far and Wide in Circle-Vision 360,15,-0.21336090782544975,cell,80
61fb49f8-e62f-4e1c-ae0e-8ab9929037bc,47f90d2c-e191-4239-a466-5892ef59a88b,Canada Far and Wide in Circle-Vision 360,16,-0.21788034600784342,cell,80
61fb49f8-e62f-4e1c-ae0e-8ab9929037bc,47f90d2c-e191-4239-a466-5892ef59a88b,Canada Far and Wide in Circle-Vision 360,17,-0.21039200695357377,cell,80
61fb49f8-e62f-4e1c-ae0e-8ab9929037bc,47f90d2c-e191-4239-a466-5892ef59a88b,Canada Far and Wide in Circle-Vision 360,18,-0.21181334284412548,cell,79
61fb49f8-e62f-4e1c-ae0e-8ab9929037bc,47f90d2c-e191-4239-a466-5892ef59a88b,Canada Far and Wide in Circle-Vision 360,19,-0.21265615859476436,cell,81
61fb49f8-e62f-4e1c-ae0e-8ab9929037bc,47f90d2c-e191-4239-a466-5892ef59a88b,Canada Far and Wide in Circle-Vision 360,20,-0.21265615859476436,cell,81
625a3cc3-7d7e-468b-96fe-1ec00df7b739,eb3f4560-2383-4a36-9152-6b3e5ed6bc57,Race Through New York Starring Jimmy Fallon,8,-0.7644067967594225,attraction_hour,3
625a3cc3-7d7e-468b-96fe-1ec00df7b739,eb3f4560-2383-4a36-9152-6b3e5ed6bc57,Race Through New York Starring Jimmy Fallon,9,-0.7336146080071267,cell,22
625a3cc3-7d7e-468b-96fe-1ec00df7b739,eb3f4560-2383-4a36-9152-6b3e5ed6bc57,Race Through New York Starring Jimmy Fallon,10,-0.5221465775480887,cell,92
625a3cc3-7d7e-468b-96fe-1ec00df7b739,eb3f4560-2383-4a36-9152-6b3e5ed6bc57,Race Through New York Starring Jimmy Fallon,11,0.437463818494837,cell,92
625a3cc3-7d7e-468b-96fe-1ec00df7b739,eb3f4560-2383-4a36-9152-6b3e5ed6bc57,Race Through New York Starring Jimmy Fallon,12,0.47942743119834674,cell,92
625a3cc3-7d7e-468b-96fe-1ec00df7b739,eb3f4560-2383-4a36-9152-6b3e5ed6bc57,Race Through New York Starring Jimmy Fallon,13,0.04007856917854239,cell,89
625a3cc3-7d7e-468b-96fe-1ec00df7b739,eb3f4560-2383-4a36-9152-6b3e5ed6bc57,Race Through New York Starring Jimmy Fallon,14,-0.11680779071219598,cell,90
625a3cc3-7d7e-468b-96fe-1ec00df7b739,eb3f4560-2383-4a36-9152-6b3e5ed6bc57,Race Through New York Starring Jimmy Fallon,15,-0.17148535804823203,cell,90
625a3cc3-7d7e-468b-96fe-1ec00df7b739,eb3f4560-2383-4a36-9152-6b3e5ed6bc57,Race Through New York Starring Jimmy Fallon,16,-0.18791368729451302,cell,91
625a3cc3-7d7e-468b-96fe-1ec00df7b739,eb3f4560-2383-4a36-9152-6b3e5ed6bc57,Race Through New York Starring Jimmy Fallon,17,0.09981290375593305,cell,69
625a3cc3-7d7e-468b-96fe-1ec00df7b739,eb3f4560-2383-4a36-9152-6b3e5ed6bc57,Race Through New York Starring Jimmy Fallon,18,0.2786153428204461,cell,66
625a3cc3-7d7e-468b-96fe-1ec00df7b739,eb3f4560-2383-4a36-9152-6b3e5ed6bc57,Race Through New York Starring Jimmy Fallon,19,0.22197531329408626,cell,56
625a3cc3-7d7e-468b-96fe-1ec00df7b739,eb3f4560-2383-4a36-9152-6b3e5ed6bc57,Race Through New York Starring Jimmy Fallon,20,-0.05292824747078448,cell,57
625a3cc3-7d7e-468b-96fe-1ec00df7b739,eb3f4560-2383-4a36-9152-6b3e5ed6bc57,Race Through New York Starring Jimmy Fallon,21,0.3600119779491946,attraction_hour,1
64a6915f-a835-4226-ba5c-8389fc4cade3,1c84a229-8862-4648-9c71-378ddd2c7693,Expedition Everest - Legend of the Forbidden Mountain,8,-0.7937498371867204,cell,87
64a6915f-a835-4226-ba5c-8389fc4cade3,1c84a229-8862-4648-9c71-378ddd2c7693,Expedition Everest - Legend of the Forbidden Mountain,9,-0.002632480822788502,cell,88
64a6915f-a835-4226-ba5c-8389fc4cade3,1c84a229-8862-4648-9c71-378ddd2c7693,Expedition Everest - Legend of the Forbidden Mountain,10,0.4536188498257801,cell,86
64a6915f-a835-4226-ba5c-8389fc4cade3,1c84a229-8862-4648-9c71-378ddd2c7693,Expedition Everest - Legend of the Forbidden Mountain,11,0.7121797519967736,cell,90
64a6915f-a835-4226-ba5c-8389fc4cade3,1c84a229-8862-4648-9c71-378ddd2c7693,Expedition Everest - Legend of the Forbidden Mountain,12,0.7284919926363121,cell,89
64a6915f-a835-4226-ba5c-8389fc4cade3,1c84a229-8862-4648-9c71-378ddd2c7693,Expedition Everest - Legend of the Forbidden Mountain,13,0.6275475826223721,cell,82
64a6915f-a835-4226-ba5c-8389fc4cade3,1c84a229-8862-4648-9c71-378ddd2c7693,Expedition Everest - Legend of the Forbidden Mountain,14,0.381315841276886,cell,76
64a6915f-a835-4226-ba5c-8389fc4cade3,1c84a229-8862-4648-9c71-378ddd2c7693,Expedition Everest - Legend of the Forbidden Mountain,15,0.3217022851370754,cell,76
64a6915f-a835-4226-ba5c-8389fc4cade3,1c84a229-8862-4648-9c71-378ddd2c7693,Expedition Everest - Legend of the Forbidden Mountain,16,0.14909089117075372,cell,74
64a6915f-a835-4226-ba5c-8389fc4cade3,1c84a229-8862-4648-9c71-378ddd2c7693,Expedition Everest - Legend of the Forbidden Mountain,17,-0.024756715338122515,cell,74
64a6915f-a835-4226-ba5c-8389fc4cade3,1c84a229-8862-4648-9c71-378ddd2c7693,Expedition Everest - Legend of the Forbidden Mountain,18,-0.4298531949221044,cell,47
64a6915f-a835-4226-ba5c-8389fc4cade3,1c84a229-8862-4648-9c71-378ddd2c7693,Expedition Everest - Legend of the Forbidden Mountain,19,-0.6129083435610241,attraction_hour,1
6a3ffac7-bef4-4a22-8ba6-f2963aac7f70,eb3f4560-2383-4a36-9152-6b3e5ed6bc57,Fast & Furious - Supercharged™,8,-0.31095294043359323,attraction,0
6a3ffac7-bef4-4a22-8ba6-f2963aac7f70,eb3f4560-2383-4a36-9152-6b3e5ed6bc57,Fast & Furious - Supercharged™,9,-0.31095294043359323,attraction,0
6a3ffac7-bef4-4a22-8ba6-f2963aac7f70,eb3f4560-2383-4a36-9152-6b3e5ed6bc57,Fast & Furious - Supercharged™,10,-0.7333562906608967,cell,50
6a3ffac7-bef4-4a22-8ba6-f2963aac7f70,eb3f4560-2383-4a36-9152-6b3e5ed6bc57,Fast & Furious - Supercharged™,11,-0.6581075308472808,cell,52
6a3ffac7-bef4-4a22-8ba6-f2963aac7f70,eb3f4560-2383-4a36-9152-6b3e5ed6bc57,Fast & Furious - Supercharged™,12,-0.3656268890379733,cell,52
6a3ffac7-bef4-4a22-8ba6-f2963aac7f70,eb3f4560-2383-4a36-9152-6b3e5ed6bc57,Fast & Furious - Supercharged™,13,-0.0849232866396393,cell,52
6a3ffac7-bef4-4a22-8ba6-f2963aac7f70,eb3f4560-2383-4a36-9152-6b3e5ed6bc57,Fast & Furious - Supercharged™,14,-0.0898067797396304,cell,51
6a3ffac7-bef4-4a22-8ba6-f2963aac7f70,eb3f4560-2383-4a36-9152-6b3e5ed6bc57,Fast & Furious - Supercharged™,15,-0.14072071134420278,cell,51
6a3ffac7-bef4-4a22-8ba6-f2963aac7f70,eb3f4560-2383-4a36-9152-6b3e5ed6bc57,Fast & Furious - Supercharged™,16,-0.14930213240971546,cell,49
6a3ffac7-bef4-4a22-8ba6-f2963aac7f70,eb3f4560-2383-4a36-9152-6b3e5ed6bc57,Fast & Furious - Supercharged™,17,-0.2568274132718983,cell,51
6a3ffac7-bef4-4a22-8ba6-f2963aac7f70,eb3f4560-2383-4a36-9152-6b3e5ed6bc57,Fast & Furious - Supercharged™,18,-0.19941373768361478,cell,6
6a3ffac7-bef4-4a22-8ba6-f2963aac7f70,eb3f4560-2383-4a36-9152-6b3e5ed6bc57,Fast & Furious - Supercharged™,19,-0.5617308500526872,attraction_hour,2
6a3ffac7-bef4-4a22-8ba6-f2963aac7f70,eb3f4560-2383-4a36-9152-6b3e5ed6bc57,Fast & Furious - Supercharged™,20,-0.8585121520436507,attraction_hour,1
6a3ffac7-bef4-4a22-8ba6-f2963aac7f70,eb3f4560-2383-4a36-9152-6b3e5ed6bc57,Fast & Furious - Supercharged™,21,-0.31095294043359323,attraction,0
6af80308-647d-4d8b-bcf6-37517a93bdbc,267615cc-8943-4c2a-ae2c-5da728ca591f,Harry Potter and the Forbidden Journey™,9,-0.21911681311243222,cell,90
6af80308-647d-4d8b-bcf6-37517a93bdbc,267615cc-8943-4c2a-ae2c-5da728ca591f,Harry Potter and the Forbidden Journey™,10,-0.017872775617686118,cell,89
6af80308-647d-4d8b-bcf6-37517a93bdbc,267615cc-8943-4c2a-ae2c-5da728ca591f,Harry Potter and the Forbidden Journey™,11,0.22129814585762167,cell,87
6af80308-647d-4d8b-bcf6-37517a93bdbc,267615cc-8943-4c2a-ae2c-5da728ca591f,Harry Potter and the Forbidden Journey™,12,0.21789018491152085,cell,90
6af80308-647d-4d8b-bcf6-37517a93bdbc,267615cc-8943-4c2a-ae2c-5da728ca591f,Harry Potter and the Forbidden Journey™,13,0.26892059830184883,cell,90
6af80308-647d-4d8b-bcf6-37517a93bdbc,267615cc-8943-4c2a-ae2c-5da728ca591f,Harry Potter and the Forbidden Journey™,14,0.30780917018151827,cell,90
6af80308-647d-4d8b-bcf6-37517a93bdbc,267615cc-8943-4c2a-ae2c-5da728ca591f,Harry Potter and the Forbidden Journey™,15,0.2880744947554183,cell,90
6af80308-647d-4d8b-bcf6-37517a93bdbc,267615cc-8943-4c2a-ae2c-5da728ca591f,Harry Potter and the Forbidden Journey™,16,0.26113414099728555,cell,91
6af80308-647d-4d8b-bcf6-37517a93bdbc,267615cc-8943-4c2a-ae2c-5da728ca591f,Harry Potter and the Forbidden Journey™,17,0.23386172529741817,cell,90
6af80308-647d-4d8b-bcf6-37517a93bdbc,267615cc-8943-4c2a-ae2c-5da728ca591f,Harry Potter and the Forbidden Journey™,18,0.06357764702342955,cell,88
6af80308-647d-4d8b-bcf6-37517a93bdbc,267615cc-8943-4c2a-ae2c-5da728ca591f,Harry Potter and the Forbidden Journey™,19,-0.13465663073188655,cell,89
6af80308-647d-4d8b-bcf6-37517a93bdbc,267615cc-8943-4c2a-ae2c-5da728ca591f,Harry Potter and the Forbidden Journey™,20,-0.26931776014421316,cell,73
6af80308-647d-4d8b-bcf6-37517a93bdbc,267615cc-8943-4c2a-ae2c-5da728ca591f,Harry Potter and the Forbidden Journey™,21,-0.5250016888775194,cell,7
6b57dae1-a6e9-42ba-b59d-8ef4ee8ae11e,eb3f4560-2383-4a36-9152-6b3e5ed6bc57,MADLANDS: Caged Cannibals,8,-0.08576724529664714,attraction_hour,1
6b57dae1-a6e9-42ba-b59d-8ef4ee8ae11e,eb3f4560-2383-4a36-9152-6b3e5ed6bc57,MADLANDS: Caged Cannibals,9,-0.4532817030036871,attraction_hour,2
6b57dae1-a6e9-42ba-b59d-8ef4ee8ae11e,eb3f4560-2383-4a36-9152-6b3e5ed6bc57,MADLANDS: Caged Cannibals,10,-0.4532817030036871,attraction_hour,2
6b57dae1-a6e9-42ba-b59d-8ef4ee8ae11e,eb3f4560-2383-4a36-9152-6b3e5ed6bc57,MADLANDS: Caged Cannibals,11,-0.4532817030036871,attraction_hour,2
6b57dae1-a6e9-42ba-b59d-8ef4ee8ae11e,eb3f4560-2383-4a36-9152-6b3e5ed6bc57,MADLANDS: Caged Cannibals,12,-0.4532817030036871,attraction_hour,2
6b57dae1-a6e9-42ba-b59d-8ef4ee8ae11e,eb3f4560-2383-4a36-9152-6b3e5ed6bc57,MADLANDS: Caged Cannibals,13,-0.4532817030036871,attraction_hour,2
6b57dae1-a6e9-42ba-b59d-8ef4ee8ae11e,eb3f4560-2383-4a36-9152-6b3e5ed6bc57,MADLANDS: Caged Cannibals,14,-0.4532817030036871,attraction_hour,2
6b57dae1-a6e9-42ba-b59d-8ef4ee8ae11e,eb3f4560-2383-4a36-9152-6b3e5ed6bc57,MADLANDS: Caged Cannibals,15,-0.4532817030036871,attraction_hour,2
6b57dae1-a6e9-42ba-b59d-8ef4ee8ae11e,eb3f4560-2383-4a36-9152-6b3e5ed6bc57,MADLANDS: Caged Cannibals,16,-0.4532817030036871,attraction_hour,2
6b57dae1-a6e9-42ba-b59d-8ef4ee8ae11e,eb3f4560-2383-4a36-9152-6b3e5ed6bc57,MADLANDS: Caged Cannibals,17,-0.9044344813140482,attraction_hour,3
6b57dae1-a6e9-42ba-b59d-8ef4ee8ae11e,eb3f4560-2383-4a36-9152-6b3e5ed6bc57,MADLANDS: Caged Cannibals,18,-0.820796160710727,attraction_hour,1
6b57dae1-a6e9-42ba-b59d-8ef4ee8ae11e,eb3f4560-2383-4a36-9152-6b3e5ed6bc57,MADLANDS: Caged Cannibals,19,-0.5177320999051672,attraction,0
6b57dae1-a6e9-42ba-b59d-8ef4ee8ae11e,eb3f4560-2383-4a36-9152-6b3e5ed6bc57,MADLANDS: Caged Cannibals,20,-0.5177320999051672,attraction,0
6b57dae1-a6e9-42ba-b59d-8ef4ee8ae11e,eb3f4560-2383-4a36-9152-6b3e5ed6bc57,MADLANDS: Caged Cannibals,21,-0.5177320999051672,attraction,0
6be23178-7d00-4884-9e88-76787da1df86,267615cc-8943-4c2a-ae2c-5da728ca591f,The Amazing Adventures of Spider-Man®,9,-0.1550213581967092,cell,90
6be23178-7d00-4884-9e88-76787da1df86,267615cc-8943-4c2a-ae2c-5da728ca591f,The Amazing Adventures of Spider-Man®,10,0.6992922835469312,cell,90
6be23178-7d00-4884-9e88-76787da1df86,267615cc-8943-4c2a-ae2c-5da728ca591f,The Amazing Adventures of Spider-Man®,11,0.9402616818087992,cell,92
6be23178-7d00-4884-9e88-76787da1df86,267615cc-8943-4c2a-ae2c-5da728ca591f,The Amazing Adventures of Spider-Man®,12,0.908405112362451,cell,92
6be23178-7d00-4884-9e88-76787da1df86,267615cc-8943-4c2a-ae2c-5da728ca591f,The Amazing Adventures of Spider-Man®,13,0.7390709764819064,cell,92
6be23178-7d00-4884-9e88-76787da1df86,267615cc-8943-4c2a-ae2c-5da728ca591f,The Amazing Adventures of Spider-Man®,14,0.5632705647101791,cell,91
6be23178-7d00-4884-9e88-76787da1df86,267615cc-8943-4c2a-ae2c-5da728ca591f,The Amazing Adventures of Spider-Man®,15,0.4727827656403536,cell,91
6be23178-7d00-4884-9e88-76787da1df86,267615cc-8943-4c2a-ae2c-5da728ca591f,The Amazing Adventures of Spider-Man®,16,0.460316004890801,cell,90
6be23178-7d00-4884-9e88-76787da1df86,267615cc-8943-4c2a-ae2c-5da728ca591f,The Amazing Adventures of Spider-Man®,17,0.47066030113891405,cell,90
6be23178-7d00-4884-9e88-76787da1df86,267615cc-8943-4c2a-ae2c-5da728ca591f,The Amazing Adventures of Spider-Man®,18,0.3573078723457392,cell,90
6be23178-7d00-4884-9e88-76787da1df86,267615cc-8943-4c2a-ae2c-5da728ca591f,The Amazing Adventures of Spider-Man®,19,0.2035693284269316,cell,90
6be23178-7d00-4884-9e88-76787da1df86,267615cc-8943-4c2a-ae2c-5da728ca591f,The Amazing Adventures of Spider-Man®,20,-0.1908133898764277,cell,74
6be23178-7d00-4884-9e88-76787da1df86,267615cc-8943-4c2a-ae2c-5da728ca591f,The Amazing Adventures of Spider-Man®,21,-0.5908197555115382,cell,7
6e118e37-5002-408d-9d88-0b5d9cdb5d14,288747d1-8b4f-4a64-867e-ea7c9b27bad8,Mickey & Minnie's Runaway Railway,8,-0.6004101038374743,attraction_hour,1
6e118e37-5002-408d-9d88-0b5d9cdb5d14,288747d1-8b4f-4a64-867e-ea7c9b27bad8,Mickey & Minnie's Runaway Railway,9,0.1376114332694442,cell,83
6e118e37-5002-408d-9d88-0b5d9cdb5d14,288747d1-8b4f-4a64-867e-ea7c9b27bad8,Mickey & Minnie's Runaway Railway,10,0.3724981490349496,cell,89
6e118e37-5002-408d-9d88-0b5d9cdb5d14,288747d1-8b4f-4a64-867e-ea7c9b27bad8,Mickey & Minnie's Runaway Railway,11,0.4608605130721749,cell,87
6e118e37-5002-408d-9d88-0b5d9cdb5d14,288747d1-8b4f-4a64-867e-ea7c9b27bad8,Mickey & Minnie's Runaway Railway,12,0.4215341133617093,cell,90
6e118e37-5002-408d-9d88-0b5d9cdb5d14,288747d1-8b4f-4a64-867e-ea7c9b27bad8,Mickey & Minnie's Runaway Railway,13,0.34678979203145976,cell,90
6e118e37-5002-408d-9d88-0b5d9cdb5d14,288747d1-8b4f-4a64-867e-ea7c9b27bad8,Mickey & Minnie's Runaway Railway,14,0.34942494905638405,cell,89
6e118e37-5002-408d-9d88-0b5d9cdb5d14,288747d1-8b4f-4a64-867e-ea7c9b27bad8,Mickey & Minnie's Runaway Railway,15,0.25188290709234035,cell,84
6e118e37-5002-408d-9d88-0b5d9cdb5d14,288747d1-8b4f-4a64-867e-ea7c9b27bad8,Mickey & Minnie's Runaway Railway,16,0.22704027316590286,cell,87
6e118e37-5002-408d-9d88-0b5d9cdb5d14,288747d1-8b4f-4a64-867e-ea7c9b27bad8,Mickey & Minnie's Runaway Railway,17,0.21096024891284837,cell,86
6e118e37-5002-408d-9d88-0b5d9cdb5d14,288747d1-8b4f-4a64-867e-ea7c9b27bad8,Mickey & Minnie's Runaway Railway,18,0.24426989973113172,cell,88
6e118e37-5002-408d-9d88-0b5d9cdb5d14,288747d1-8b4f-4a64-867e-ea7c9b27bad8,Mickey & Minnie's Runaway Railway,19,0.256164183931884,cell,88
6e118e37-5002-408d-9d88-0b5d9cdb5d14,288747d1-8b4f-4a64-867e-ea7c9b27bad8,Mickey & Minnie's Runaway Railway,20,-0.036625219999479285,cell,88
6e118e37-5002-408d-9d88-0b5d9cdb5d14,288747d1-8b4f-4a64-867e-ea7c9b27bad8,Mickey & Minnie's Runaway Railway,21,-0.4027218830705627,cell,37
6f6998e8-a629-412c-b964-2cb06af8e26b,288747d1-8b4f-4a64-867e-ea7c9b27bad8,The Twilight Zone™ Tower of Terror,8,-0.9463004962261476,attraction_hour,2
6f6998e8-a629-412c-b964-2cb06af8e26b,288747d1-8b4f-4a64-867e-ea7c9b27bad8,The Twilight Zone™ Tower of Terror,9,-0.17912962037344307,cell,89
6f6998e8-a629-412c-b964-2cb06af8e26b,288747d1-8b4f-4a64-867e-ea7c9b27bad8,The Twilight Zone™ Tower of Terror,10,0.14876286157984195,cell,90
6f6998e8-a629-412c-b964-2cb06af8e26b,288747d1-8b4f-4a64-867e-ea7c9b27bad8,The Twilight Zone™ Tower of Terror,11,0.33903881933685476,cell,91
6f6998e8-a629-412c-b964-2cb06af8e26b,288747d1-8b4f-4a64-867e-ea7c9b27bad8,The Twilight Zone™ Tower of Terror,12,0.30910933998222384,cell,92
6f6998e8-a629-412c-b964-2cb06af8e26b,288747d1-8b4f-4a64-867e-ea7c9b27bad8,The Twilight Zone™ Tower of Terror,13,0.2848097684479874,cell,92
6f6998e8-a629-412c-b964-2cb06af8e26b,288747d1-8b4f-4a64-867e-ea7c9b27bad8,The Twilight Zone™ Tower of Terror,14,0.2630131261479186,cell,91
6f6998e8-a629-412c-b964-2cb06af8e26b,288747d1-8b4f-4a64-867e-ea7c9b27bad8,The Twilight Zone™ Tower of Terror,15,0.22512354566104473,cell,92
6f6998e8-a629-412c-b964-2cb06af8e26b,288747d1-8b4f-4a64-867e-ea7c9b27bad8,The Twilight Zone™ Tower of Terror,16,0.16974043344444054,cell,92
6f6998e8-a629-412c-b964-2cb06af8e26b,288747d1-8b4f-4a64-867e-ea7c9b27bad8,The Twilight Zone™ Tower of Terror,17,0.1684242677008094,cell,92
6f6998e8-a629-412c-b964-2cb06af8e26b,288747d1-8b4f-4a64-867e-ea7c9b27bad8,The Twilight Zone™ Tower of Terror,18,0.2266653837415796,cell,90
6f6998e8-a629-412c-b964-2cb06af8e26b,288747d1-8b4f-4a64-867e-ea7c9b27bad8,The Twilight Zone™ Tower of Terror,19,0.22996143431453978,cell,92
6f6998e8-a629-412c-b964-2cb06af8e26b,288747d1-8b4f-4a64-867e-ea7c9b27bad8,The Twilight Zone™ Tower of Terror,20,0.1711734956276046,cell,92
6f6998e8-a629-412c-b964-2cb06af8e26b,288747d1-8b4f-4a64-867e-ea7c9b27bad8,The Twilight Zone™ Tower of Terror,21,0.0799109878016355,cell,39
6fd1e225-53a0-4a80-a577-4bbc9a471075,75ea578a-adc8-4116-a54d-dccb60765ef9,Walt Disney's Enchanted Tiki Room,8,-0.4205650058431912,attraction,0
6fd1e225-53a0-4a80-a577-4bbc9a471075,75ea578a-adc8-4116-a54d-dccb60765ef9,Walt Disney's Enchanted Tiki Room,9,-0.38315544760344283,cell,78
6fd1e225-53a0-4a80-a577-4bbc9a471075,75ea578a-adc8-4116-a54d-dccb60765ef9,Walt Disney's Enchanted Tiki Room,10,-0.40005123745661064,cell,84
6fd1e225-53a0-4a80-a577-4bbc9a471075,75ea578a-adc8-4116-a54d-dccb60765ef9,Walt Disney's Enchanted Tiki Room,11,-0.39977981621407255,cell,85
6fd1e225-53a0-4a80-a577-4bbc9a471075,75ea578a-adc8-4116-a54d-dccb60765ef9,Walt Disney's Enchanted Tiki Room,12,-0.39824603217956384,cell,87
6fd1e225-53a0-4a80-a577-4bbc9a471075,75ea578a-adc8-4116-a54d-dccb60765ef9,Walt Disney's Enchanted Tiki Room,13,-0.39824603217956384,cell,87
6fd1e225-53a0-4a80-a577-4bbc9a471075,75ea578a-adc8-4116-a54d-dccb60765ef9,Walt Disney's Enchanted Tiki Room,14,-0.40290655066356573,cell,87
6fd1e225-53a0-4a80-a577-4bbc9a471075,75ea578a-adc8-4116-a54d-dccb60765ef9,Walt Disney's Enchanted Tiki Room,15,-0.40457790717836,cell,87
6fd1e225-53a0-4a80-a577-4bbc9a471075,75ea578a-adc8-4116-a54d-dccb60765ef9,Walt Disney's Enchanted Tiki Room,16,-0.4046226469748526,cell,89
6fd1e225-53a0-4a80-a577-4bbc9a471075,75ea578a-adc8-4116-a54d-dccb60765ef9,Walt Disney's Enchanted Tiki Room,17,-0.4066700129666104,cell,90
6fd1e225-53a0-4a80-a577-4bbc9a471075,75ea578a-adc8-4116-a54d-dccb60765ef9,Walt Disney's Enchanted Tiki Room,18,-0.4635884834200901,cell,69
6fd1e225-53a0-4a80-a577-4bbc9a471075,75ea578a-adc8-4116-a54d-dccb60765ef9,Walt Disney's Enchanted Tiki Room,19,-0.46198298741836025,cell,70
6fd1e225-53a0-4a80-a577-4bbc9a471075,75ea578a-adc8-4116-a54d-dccb60765ef9,Walt Disney's Enchanted Tiki Room,20,-0.4604595018749037,cell,71
6fd1e225-53a0-4a80-a577-4bbc9a471075,75ea578a-adc8-4116-a54d-dccb60765ef9,Walt Disney's Enchanted Tiki Room,21,-0.4604595018749037,cell,71
6fd1e225-53a0-4a80-a577-4bbc9a471075,75ea578a-adc8-4116-a54d-dccb60765ef9,Walt Disney's Enchanted Tiki Room,22,-0.4972561537713696,cell,56
6fd1e225-53a0-4a80-a577-4bbc9a471075,75ea578a-adc8-4116-a54d-dccb60765ef9,Walt Disney's Enchanted Tiki Room,23,-0.4808907280556607,attraction_hour,1
709e0baf-dd74-4b4e-9d19-7092336c0846,eb3f4560-2383-4a36-9152-6b3e5ed6bc57,Jack & Oddfellow: Chaos & Control,8,0.28892620414476333,attraction_hour,1
709e0baf-dd74-4b4e-9d19-7092336c0846,eb3f4560-2383-4a36-9152-6b3e5ed6bc57,Jack & Oddfellow: Chaos & Control,9,0.22447964822288125,attraction_hour,2
709e0baf-dd74-4b4e-9d19-7092336c0846,eb3f4560-2383-4a36-9152-6b3e5ed6bc57,Jack & Oddfellow: Chaos & Control,10,0.22447964822288125,attraction_hour,2
709e0baf-dd74-4b4e-9d19-7092336c0846,eb3f4560-2383-4a36-9152-6b3e5ed6bc57,Jack & Oddfellow: Chaos & Control,11,0.22447964822288125,attraction_hour,2
709e0baf-dd74-4b4e-9d19-7092336c0846,eb3f4560-2383-4a36-9152-6b3e5ed6bc57,Jack & Oddfellow: Chaos & Control,12,0.22447964822288125,attraction_hour,2
709e0baf-dd74-4b4e-9d19-7092336c0846,eb3f4560-2383-4a36-9152-6b3e5ed6bc57,Jack & Oddfellow: Chaos & Control,13,0.22447964822288125,attraction_hour,2
709e0baf-dd74-4b4e-9d19-7092336c0846,eb3f4560-2383-4a36-9152-6b3e5ed6bc57,Jack & Oddfellow: Chaos & Control,14,0.6159182750260116,cell,23
709e0baf-dd74-4b4e-9d19-7092336c0846,eb3f4560-2383-4a36-9152-6b3e5ed6bc57,Jack & Oddfellow: Chaos & Control,15,0.5737305804828191,cell,23
709e0baf-dd74-4b4e-9d19-7092336c0846,eb3f4560-2383-4a36-9152-6b3e5ed6bc57,Jack & Oddfellow: Chaos & Control,16,0.3655816604436892,cell,23
709e0baf-dd74-4b4e-9d19-7092336c0846,eb3f4560-2383-4a36-9152-6b3e5ed6bc57,Jack & Oddfellow: Chaos & Control,17,0.22447964822288125,attraction_hour,2
709e0baf-dd74-4b4e-9d19-7092336c0846,eb3f4560-2383-4a36-9152-6b3e5ed6bc57,Jack & Oddfellow: Chaos & Control,18,0.16003309230099916,attraction_hour,1
709e0baf-dd74-4b4e-9d19-7092336c0846,eb3f4560-2383-4a36-9152-6b3e5ed6bc57,Jack & Oddfellow: Chaos & Control,19,0.4688315294220277,attraction,0
709e0baf-dd74-4b4e-9d19-7092336c0846,eb3f4560-2383-4a36-9152-6b3e5ed6bc57,Jack & Oddfellow: Chaos & Control,20,0.4688315294220277,attraction,0
709e0baf-dd74-4b4e-9d19-7092336c0846,eb3f4560-2383-4a36-9152-6b3e5ed6bc57,Jack & Oddfellow: Chaos & Control,21,0.4688315294220277,attraction,0
70ac72a3-9675-4c41-a1b1-e4801072927a,eb3f4560-2383-4a36-9152-6b3e5ed6bc57,Harry Potter and the Escape from Gringotts™,8,-0.13528520487200046,attraction_hour,4
70ac72a3-9675-4c41-a1b1-e4801072927a,eb3f4560-2383-4a36-9152-6b3e5ed6bc57,Harry Potter and the Escape from Gringotts™,9,-0.003700424282875237,cell,23
70ac72a3-9675-4c41-a1b1-e4801072927a,eb3f4560-2383-4a36-9152-6b3e5ed6bc57,Harry Potter and the Escape from Gringotts™,10,0.04026998777407306,cell,89
70ac72a3-9675-4c41-a1b1-e4801072927a,eb3f4560-2383-4a36-9152-6b3e5ed6bc57,Harry Potter and the Escape from Gringotts™,11,0.38607888903529364,cell,89
70ac72a3-9675-4c41-a1b1-e4801072927a,eb3f4560-2383-4a36-9152-6b3e5ed6bc57,Harry Potter and the Escape from Gringotts™,12,0.5801478441374598,cell,87
70ac72a3-9675-4c41-a1b1-e4801072927a,eb3f4560-2383-4a36-9152-6b3e5ed6bc57,Harry Potter and the Escape from Gringotts™,13,0.7251164448050533,cell,85
70ac72a3-9675-4c41-a1b1-e4801072927a,eb3f4560-2383-4a36-9152-6b3e5ed6bc57,Harry Potter and the Escape from Gringotts™,14,0.8368734742935177,cell,87
70ac72a3-9675-4c41-a1b1-e4801072927a,eb3f4560-2383-4a36-9152-6b3e5ed6bc57,Harry Potter and the Escape from Gringotts™,15,0.8809205006190152,cell,88
70ac72a3-9675-4c41-a1b1-e4801072927a,eb3f4560-2383-4a36-9152-6b3e5ed6bc57,Harry Potter and the Escape from Gringotts™,16,0.821066422809941,cell,88
70ac72a3-9675-4c41-a1b1-e4801072927a,eb3f4560-2383-4a36-9152-6b3e5ed6bc57,Harry Potter and the Escape from Gringotts™,17,0.7416275497503377,cell,69
70ac72a3-9675-4c41-a1b1-e4801072927a,eb3f4560-2383-4a36-9152-6b3e5ed6bc57,Harry Potter and the Escape from Gringotts™,18,0.5391239361682081,cell,66
70ac72a3-9675-4c41-a1b1-e4801072927a,eb3f4560-2383-4a36-9152-6b3e5ed6bc57,Harry Potter and the Escape from Gringotts™,19,0.36826590840234247,cell,56
70ac72a3-9675-4c41-a1b1-e4801072927a,eb3f4560-2383-4a36-9152-6b3e5ed6bc57,Harry Potter and the Escape from Gringotts™,20,0.13374714774976781,cell,55
70ac72a3-9675-4c41-a1b1-e4801072927a,eb3f4560-2383-4a36-9152-6b3e5ed6bc57,Harry Potter and the Escape from Gringotts™,21,0.5735860782472537,attraction_hour,1
7288f24a-396e-4eeb-bb3b-4a90e65269f2,eb3f4560-2383-4a36-9152-6b3e5ed6bc57,Despicable Me Minion Mayhem™,8,-0.24631855958634397,attraction_hour,4
7288f24a-396e-4eeb-bb3b-4a90e65269f2,eb3f4560-2383-4a36-9152-6b3e5ed6bc57,Despicable Me Minion Mayhem™,9,0.46558645973977275,cell,22
7288f24a-396e-4eeb-bb3b-4a90e65269f2,eb3f4560-2383-4a36-9152-6b3e5ed6bc57,Despicable Me Minion Mayhem™,10,0.789100017729031,cell,90
7288f24a-396e-4eeb-bb3b-4a90e65269f2,eb3f4560-2383-4a36-9152-6b3e5ed6bc57,Despicable Me Minion Mayhem™,11,0.8735181661731675,cell,90
7288f24a-396e-4eeb-bb3b-4a90e65269f2,eb3f4560-2383-4a36-9152-6b3e5ed6bc57,Despicable Me Minion Mayhem™,12,0.7186119294069149,cell,91
7288f24a-396e-4eeb-bb3b-4a90e65269f2,eb3f4560-2383-4a36-9152-6b3e5ed6bc57,Despicable Me Minion Mayhem™,13,0.5205119319728224,cell,90
7288f24a-396e-4eeb-bb3b-4a90e65269f2,eb3f4560-2383-4a36-9152-6b3e5ed6bc57,Despicable Me Minion Mayhem™,14,0.4213668431046431,cell,91
7288f24a-396e-4eeb-bb3b-4a90e65269f2,eb3f4560-2383-4a36-9152-6b3e5ed6bc57,Despicable Me Minion Mayhem™,15,0.3673215677177952,cell,90
7288f24a-396e-4eeb-bb3b-4a90e65269f2,eb3f4560-2383-4a36-9152-6b3e5ed6bc57,Despicable Me Minion Mayhem™,16,0.338443514168861,cell,91
7288f24a-396e-4eeb-bb3b-4a90e65269f2,eb3f4560-2383-4a36-9152-6b3e5ed6bc57,Despicable Me Minion Mayhem™,17,0.3615107989676714,cell,68
7288f24a-396e-4eeb-bb3b-4a90e65269f2,eb3f4560-2383-4a36-9152-6b3e5ed6bc57,Despicable Me Minion Mayhem™,18,0.29960753889022385,cell,65
7288f24a-396e-4eeb-bb3b-4a90e65269f2,eb3f4560-2383-4a36-9152-6b3e5ed6bc57,Despicable Me Minion Mayhem™,19,0.06896968899554871,cell,57
7288f24a-396e-4eeb-bb3b-4a90e65269f2,eb3f4560-2383-4a36-9152-6b3e5ed6bc57,Despicable Me Minion Mayhem™,20,-0.10981531151198909,cell,57
7288f24a-396e-4eeb-bb3b-4a90e65269f2,eb3f4560-2383-4a36-9152-6b3e5ed6bc57,Despicable Me Minion Mayhem™,21,0.08807826246555273,attraction_hour,1
72c7343a-f7fb-4f66-95df-c91016de7338,75ea578a-adc8-4116-a54d-dccb60765ef9,Buzz Lightyear’s Space Ranger Spin,8,-0.538347052587834,cell,18
72c7343a-f7fb-4f66-95df-c91016de7338,75ea578a-adc8-4116-a54d-dccb60765ef9,Buzz Lightyear’s Space Ranger Spin,9,0.0895555400379545,cell,89
72c7343a-f7fb-4f66-95df-c91016de7338,75ea578a-adc8-4116-a54d-dccb60765ef9,Buzz Lightyear’s Space Ranger Spin,10,0.5450348354120687,cell,91
72c7343a-f7fb-4f66-95df-c91016de7338,75ea578a-adc8-4116-a54d-dccb60765ef9,Buzz Lightyear’s Space Ranger Spin,11,0.7519940105851027,cell,92
72c7343a-f7fb-4f66-95df-c91016de7338,75ea578a-adc8-4116-a54d-dccb60765ef9,Buzz Lightyear’s Space Ranger Spin,12,0.7989929568243139,cell,89
72c7343a-f7fb-4f66-95df-c91016de7338,75ea578a-adc8-4116-a54d-dccb60765ef9,Buzz Lightyear’s Space Ranger Spin,13,0.8032092964570325,cell,91
72c7343a-f7fb-4f66-95df-c91016de7338,75ea578a-adc8-4116-a54d-dccb60765ef9,Buzz Lightyear’s Space Ranger Spin,14,0.7475097309873037,cell,91
72c7343a-f7fb-4f66-95df-c91016de7338,75ea578a-adc8-4116-a54d-dccb60765ef9,Buzz Lightyear’s Space Ranger Spin,15,0.7908738788913035,cell,91
72c7343a-f7fb-4f66-95df-c91016de7338,75ea578a-adc8-4116-a54d-dccb60765ef9,Buzz Lightyear’s Space Ranger Spin,16,0.8474563984211089,cell,88
72c7343a-f7fb-4f66-95df-c91016de7338,75ea578a-adc8-4116-a54d-dccb60765ef9,Buzz Lightyear’s Space Ranger Spin,17,0.8835300393649226,cell,91
72c7343a-f7fb-4f66-95df-c91016de7338,75ea578a-adc8-4116-a54d-dccb60765ef9,Buzz Lightyear’s Space Ranger Spin,18,0.8740613801888542,cell,66
72c7343a-f7fb-4f66-95df-c91016de7338,75ea578a-adc8-4116-a54d-dccb60765ef9,Buzz Lightyear’s Space Ranger Spin,19,0.8936655947489194,cell,67
72c7343a-f7fb-4f66-95df-c91016de7338,75ea578a-adc8-4116-a54d-dccb60765ef9,Buzz Lightyear’s Space Ranger Spin,20,0.8311751833751393,cell,68
72c7343a-f7fb-4f66-95df-c91016de7338,75ea578a-adc8-4116-a54d-dccb60765ef9,Buzz Lightyear’s Space Ranger Spin,21,0.507269088707461,cell,70
72c7343a-f7fb-4f66-95df-c91016de7338,75ea578a-adc8-4116-a54d-dccb60765ef9,Buzz Lightyear’s Space Ranger Spin,22,0.3414769016368415,cell,57
72c7343a-f7fb-4f66-95df-c91016de7338,75ea578a-adc8-4116-a54d-dccb60765ef9,Buzz Lightyear’s Space Ranger Spin,23,0.5552012036311149,attraction_hour,1
73cb9445-0695-47a3-87ce-d08ae36b5f3c,75ea578a-adc8-4116-a54d-dccb60765ef9,Tiana's Bayou Adventure,8,-0.7754367623268974,cell,15
73cb9445-0695-47a3-87ce-d08ae36b5f3c,75ea578a-adc8-4116-a54d-dccb60765ef9,Tiana's Bayou Adventure,9,-0.2787534993815981,cell,76
73cb9445-0695-47a3-87ce-d08ae36b5f3c,75ea578a-adc8-4116-a54d-dccb60765ef9,Tiana's Bayou Adventure,10,0.4168841788404609,cell,83
73cb9445-0695-47a3-87ce-d08ae36b5f3c,75ea578a-adc8-4116-a54d-dccb60765ef9,Tiana's Bayou Adventure,11,0.7893509846054338,cell,88
73cb9445-0695-47a3-87ce-d08ae36b5f3c,75ea578a-adc8-4116-a54d-dccb60765ef9,Tiana's Bayou Adventure,12,0.9235893864585121,cell,87
73cb9445-0695-47a3-87ce-d08ae36b5f3c,75ea578a-adc8-4116-a54d-dccb60765ef9,Tiana's Bayou Adventure,13,0.9679636683336701,cell,84
73cb9445-0695-47a3-87ce-d08ae36b5f3c,75ea578a-adc8-4116-a54d-dccb60765ef9,Tiana's Bayou Adventure,14,0.9095973684675436,cell,80
73cb9445-0695-47a3-87ce-d08ae36b5f3c,75ea578a-adc8-4116-a54d-dccb60765ef9,Tiana's Bayou Adventure,15,0.8837745404556324,cell,82
73cb9445-0695-47a3-87ce-d08ae36b5f3c,75ea578a-adc8-4116-a54d-dccb60765ef9,Tiana's Bayou Adventure,16,0.8357091265771922,cell,74
73cb9445-0695-47a3-87ce-d08ae36b5f3c,75ea578a-adc8-4116-a54d-dccb60765ef9,Tiana's Bayou Adventure,17,0.8616791720540121,cell,79
73cb9445-0695-47a3-87ce-d08ae36b5f3c,75ea578a-adc8-4116-a54d-dccb60765ef9,Tiana's Bayou Adventure,18,0.9903909992426501,cell,61
73cb9445-0695-47a3-87ce-d08ae36b5f3c,75ea578a-adc8-4116-a54d-dccb60765ef9,Tiana's Bayou Adventure,19,0.963434533317508,cell,56
73cb9445-0695-47a3-87ce-d08ae36b5f3c,75ea578a-adc8-4116-a54d-dccb60765ef9,Tiana's Bayou Adventure,20,0.7937413290243506,cell,62
73cb9445-0695-47a3-87ce-d08ae36b5f3c,75ea578a-adc8-4116-a54d-dccb60765ef9,Tiana's Bayou Adventure,21,0.39727891925070663,cell,61
73cb9445-0695-47a3-87ce-d08ae36b5f3c,75ea578a-adc8-4116-a54d-dccb60765ef9,Tiana's Bayou Adventure,22,0.002224562661895265,cell,48
73cb9445-0695-47a3-87ce-d08ae36b5f3c,75ea578a-adc8-4116-a54d-dccb60765ef9,Tiana's Bayou Adventure,23,-0.4220502280327274,attraction_hour,1
750939c5-a69e-408a-8d55-66c272fa265e,eb3f4560-2383-4a36-9152-6b3e5ed6bc57,TRANSFORMERS™: The Ride-3D,8,-1.143022123931818,attraction_hour,4
750939c5-a69e-408a-8d55-66c272fa265e,eb3f4560-2383-4a36-9152-6b3e5ed6bc57,TRANSFORMERS™: The Ride-3D,9,-0.947692362204515,cell,25
750939c5-a69e-408a-8d55-66c272fa265e,eb3f4560-2383-4a36-9152-6b3e5ed6bc57,TRANSFORMERS™: The Ride-3D,10,-0.6984722255530221,cell,90
750939c5-a69e-408a-8d55-66c272fa265e,eb3f4560-2383-4a36-9152-6b3e5ed6bc57,TRANSFORMERS™: The Ride-3D,11,0.36199412240917855,cell,90
750939c5-a69e-408a-8d55-66c272fa265e,eb3f4560-2383-4a36-9152-6b3e5ed6bc57,TRANSFORMERS™: The Ride-3D,12,0.6015615565137573,cell,90
750939c5-a69e-408a-8d55-66c272fa265e,eb3f4560-2383-4a36-9152-6b3e5ed6bc57,TRANSFORMERS™: The Ride-3D,13,0.5518199185706754,cell,91
750939c5-a69e-408a-8d55-66c272fa265e,eb3f4560-2383-4a36-9152-6b3e5ed6bc57,TRANSFORMERS™: The Ride-3D,14,0.3980184110167196,cell,91
750939c5-a69e-408a-8d55-66c272fa265e,eb3f4560-2383-4a36-9152-6b3e5ed6bc57,TRANSFORMERS™: The Ride-3D,15,0.30050066449842006,cell,91
750939c5-a69e-408a-8d55-66c272fa265e,eb3f4560-2383-4a36-9152-6b3e5ed6bc57,TRANSFORMERS™: The Ride-3D,16,0.11128880372709352,cell,89
750939c5-a69e-408a-8d55-66c272fa265e,eb3f4560-2383-4a36-9152-6b3e5ed6bc57,TRANSFORMERS™: The Ride-3D,17,0.1703659385138485,cell,69
750939c5-a69e-408a-8d55-66c272fa265e,eb3f4560-2383-4a36-9152-6b3e5ed6bc57,TRANSFORMERS™: The Ride-3D,18,0.043947854417834956,cell,64
750939c5-a69e-408a-8d55-66c272fa265e,eb3f4560-2383-4a36-9152-6b3e5ed6bc57,TRANSFORMERS™: The Ride-3D,19,-0.1791352367537998,cell,56
750939c5-a69e-408a-8d55-66c272fa265e,eb3f4560-2383-4a36-9152-6b3e5ed6bc57,TRANSFORMERS™: The Ride-3D,20,-0.3394463240661847,cell,56
750939c5-a69e-408a-8d55-66c272fa265e,eb3f4560-2383-4a36-9152-6b3e5ed6bc57,TRANSFORMERS™: The Ride-3D,21,-0.7505765017656307,attraction_hour,1
75449e85-c410-4cef-a368-9d2ea5d52b58,47f90d2c-e191-4239-a466-5892ef59a88b,Journey Into Imagination With Figment,9,-1.176025474604434,cell,82
75449e85-c410-4cef-a368-9d2ea5d52b58,47f90d2c-e191-4239-a466-5892ef59a88b,Journey Into Imagination With Figment,10,-0.8442026728072248,cell,90
75449e85-c410-4cef-a368-9d2ea5d52b58,47f90d2c-e191-4239-a466-5892ef59a88b,Journey Into Imagination With Figment,11,-0.38497686920869567,cell,91
75449e85-c410-4cef-a368-9d2ea5d52b58,47f90d2c-e191-4239-a466-5892ef59a88b,Journey Into Imagination With Figment,12,-0.5146959337712427,cell,91
75449e85-c410-4cef-a368-9d2ea5d52b58,47f90d2c-e191-4239-a466-5892ef59a88b,Journey Into Imagination With Figment,13,-0.7158937536893849,cell,88
75449e85-c410-4cef-a368-9d2ea5d52b58,47f90d2c-e191-4239-a466-5892ef59a88b,Journey Into Imagination With Figment,14,-0.8035277572281315,cell,90
75449e85-c410-4cef-a368-9d2ea5d52b58,47f90d2c-e191-4239-a466-5892ef59a88b,Journey Into Imagination With Figment,15,-0.7391408467203029,cell,90
75449e85-c410-4cef-a368-9d2ea5d52b58,47f90d2c-e191-4239-a466-5892ef59a88b,Journey Into Imagination With Figment,16,-0.7978091728160079,cell,85
75449e85-c410-4cef-a368-9d2ea5d52b58,47f90d2c-e191-4239-a466-5892ef59a88b,Journey Into Imagination With Figment,17,-0.911497145617893,cell,87
75449e85-c410-4cef-a368-9d2ea5d52b58,47f90d2c-e191-4239-a466-5892ef59a88b,Journey Into Imagination With Figment,18,-0.9673646969516843,cell,87
75449e85-c410-4cef-a368-9d2ea5d52b58,47f90d2c-e191-4239-a466-5892ef59a88b,Journey Into Imagination With Figment,19,-0.9965825324058829,cell,83
75449e85-c410-4cef-a368-9d2ea5d52b58,47f90d2c-e191-4239-a466-5892ef59a88b,Journey Into Imagination With Figment,20,-1.0921693271663202,cell,86
76caa8d0-f54b-4601-9d57-a7f1ddc02af4,12dbb85b-265f-44e6-bccf-f1faa17211fc,Dragon Racer's Rally,9,-0.18428436279896568,cell,28
76caa8d0-f54b-4601-9d57-a7f1ddc02af4,12dbb85b-265f-44e6-bccf-f1faa17211fc,Dragon Racer's Rally,10,0.1592934223372236,cell,92
76caa8d0-f54b-4601-9d57-a7f1ddc02af4,12dbb85b-265f-44e6-bccf-f1faa17211fc,Dragon Racer's Rally,11,0.35093831852424384,cell,90
76caa8d0-f54b-4601-9d57-a7f1ddc02af4,12dbb85b-265f-44e6-bccf-f1faa17211fc,Dragon Racer's Rally,12,0.28554767245353396,cell,88
76caa8d0-f54b-4601-9d57-a7f1ddc02af4,12dbb85b-265f-44e6-bccf-f1faa17211fc,Dragon Racer's Rally,13,0.20589499925642876,cell,85
76caa8d0-f54b-4601-9d57-a7f1ddc02af4,12dbb85b-265f-44e6-bccf-f1faa17211fc,Dragon Racer's Rally,14,0.12250955762374785,cell,82
76caa8d0-f54b-4601-9d57-a7f1ddc02af4,12dbb85b-265f-44e6-bccf-f1faa17211fc,Dragon Racer's Rally,15,0.071804885744995,cell,79
76caa8d0-f54b-4601-9d57-a7f1ddc02af4,12dbb85b-265f-44e6-bccf-f1faa17211fc,Dragon Racer's Rally,16,0.028861828638416527,cell,71
76caa8d0-f54b-4601-9d57-a7f1ddc02af4,12dbb85b-265f-44e6-bccf-f1faa17211fc,Dragon Racer's Rally,17,-0.06324553837333963,cell,73
76caa8d0-f54b-4601-9d57-a7f1ddc02af4,12dbb85b-265f-44e6-bccf-f1faa17211fc,Dragon Racer's Rally,18,-0.09344789383883952,cell,77
76caa8d0-f54b-4601-9d57-a7f1ddc02af4,12dbb85b-265f-44e6-bccf-f1faa17211fc,Dragon Racer's Rally,19,-0.2767619811091718,cell,80
76caa8d0-f54b-4601-9d57-a7f1ddc02af4,12dbb85b-265f-44e6-bccf-f1faa17211fc,Dragon Racer's Rally,20,-0.5322953517816057,cell,62
76caa8d0-f54b-4601-9d57-a7f1ddc02af4,12dbb85b-265f-44e6-bccf-f1faa17211fc,Dragon Racer's Rally,21,-0.8336556416471494,attraction_hour,1
796b0a25-c51e-456e-9bb8-50a324e301b3,75ea578a-adc8-4116-a54d-dccb60765ef9,Jungle Cruise,8,-0.6670224767277172,cell,18
796b0a25-c51e-456e-9bb8-50a324e301b3,75ea578a-adc8-4116-a54d-dccb60765ef9,Jungle Cruise,9,0.14310317343108597,cell,90
796b0a25-c51e-456e-9bb8-50a324e301b3,75ea578a-adc8-4116-a54d-dccb60765ef9,Jungle Cruise,10,0.7063802200562475,cell,91
796b0a25-c51e-456e-9bb8-50a324e301b3,75ea578a-adc8-4116-a54d-dccb60765ef9,Jungle Cruise,11,0.7996987397734091,cell,90
796b0a25-c51e-456e-9bb8-50a324e301b3,75ea578a-adc8-4116-a54d-dccb60765ef9,Jungle Cruise,12,0.7788691629006104,cell,89
796b0a25-c51e-456e-9bb8-50a324e301b3,75ea578a-adc8-4116-a54d-dccb60765ef9,Jungle Cruise,13,0.7506271797605832,cell,83
796b0a25-c51e-456e-9bb8-50a324e301b3,75ea578a-adc8-4116-a54d-dccb60765ef9,Jungle Cruise,14,0.6961558666879742,cell,80
796b0a25-c51e-456e-9bb8-50a324e301b3,75ea578a-adc8-4116-a54d-dccb60765ef9,Jungle Cruise,15,0.7145357115597377,cell,81
796b0a25-c51e-456e-9bb8-50a324e301b3,75ea578a-adc8-4116-a54d-dccb60765ef9,Jungle Cruise,16,0.7202497278653796,cell,75
796b0a25-c51e-456e-9bb8-50a324e301b3,75ea578a-adc8-4116-a54d-dccb60765ef9,Jungle Cruise,17,0.74479994947772,cell,81
796b0a25-c51e-456e-9bb8-50a324e301b3,75ea578a-adc8-4116-a54d-dccb60765ef9,Jungle Cruise,18,0.8150744076048002,cell,62
796b0a25-c51e-456e-9bb8-50a324e301b3,75ea578a-adc8-4116-a54d-dccb60765ef9,Jungle Cruise,19,0.7393728437216964,cell,63
796b0a25-c51e-456e-9bb8-50a324e301b3,75ea578a-adc8-4116-a54d-dccb60765ef9,Jungle Cruise,20,0.44943332341939507,cell,68
796b0a25-c51e-456e-9bb8-50a324e301b3,75ea578a-adc8-4116-a54d-dccb60765ef9,Jungle Cruise,21,-0.1912816589029605,cell,68
796b0a25-c51e-456e-9bb8-50a324e301b3,75ea578a-adc8-4116-a54d-dccb60765ef9,Jungle Cruise,22,-0.6815077924929668,cell,55
796b0a25-c51e-456e-9bb8-50a324e301b3,75ea578a-adc8-4116-a54d-dccb60765ef9,Jungle Cruise,23,-0.40786559304077086,attraction_hour,1
7a5af3b7-9bc1-4962-92d0-3ea9c9ce35f0,1c84a229-8862-4648-9c71-378ddd2c7693,Na'vi River Journey,8,0.12119568258635319,cell,90
7a5af3b7-9bc1-4962-92d0-3ea9c9ce35f0,1c84a229-8862-4648-9c71-378ddd2c7693,Na'vi River Journey,9,0.6537805898832444,cell,90
7a5af3b7-9bc1-4962-92d0-3ea9c9ce35f0,1c84a229-8862-4648-9c71-378ddd2c7693,Na'vi River Journey,10,0.9413639978930445,cell,90
7a5af3b7-9bc1-4962-92d0-3ea9c9ce35f0,1c84a229-8862-4648-9c71-378ddd2c7693,Na'vi River Journey,11,1.0391944153352743,cell,91
7a5af3b7-9bc1-4962-92d0-3ea9c9ce35f0,1c84a229-8862-4648-9c71-378ddd2c7693,Na'vi River Journey,12,1.0146228752318036,cell,91
7a5af3b7-9bc1-4962-92d0-3ea9c9ce35f0,1c84a229-8862-4648-9c71-378ddd2c7693,Na'vi River Journey,13,0.8991328114642031,cell,91
7a5af3b7-9bc1-4962-92d0-3ea9c9ce35f0,1c84a229-8862-4648-9c71-378ddd2c7693,Na'vi River Journey,14,0.8793605063533251,cell,89
7a5af3b7-9bc1-4962-92d0-3ea9c9ce35f0,1c84a229-8862-4648-9c71-378ddd2c7693,Na'vi River Journey,15,0.7494726694033138,cell,91
7a5af3b7-9bc1-4962-92d0-3ea9c9ce35f0,1c84a229-8862-4648-9c71-378ddd2c7693,Na'vi River Journey,16,0.6358334093129809,cell,91
7a5af3b7-9bc1-4962-92d0-3ea9c9ce35f0,1c84a229-8862-4648-9c71-378ddd2c7693,Na'vi River Journey,17,0.47759670817654254,cell,91
7a5af3b7-9bc1-4962-92d0-3ea9c9ce35f0,1c84a229-8862-4648-9c71-378ddd2c7693,Na'vi River Journey,18,0.18994797553210843,cell,56
7a5af3b7-9bc1-4962-92d0-3ea9c9ce35f0,1c84a229-8862-4648-9c71-378ddd2c7693,Na'vi River Journey,19,0.4920008046588807,attraction_hour,3
7c5e1e02-3a44-4151-9005-44066d5ba1da,75ea578a-adc8-4116-a54d-dccb60765ef9,Mickey's PhilharMagic,8,-0.039017936479452016,cell,18
7c5e1e02-3a44-4151-9005-44066d5ba1da,75ea578a-adc8-4116-a54d-dccb60765ef9,Mickey's PhilharMagic,9,-0.1479547109483883,cell,92
7c5e1e02-3a44-4151-9005-44066d5ba1da,75ea578a-adc8-4116-a54d-dccb60765ef9,Mickey's PhilharMagic,10,-0.1932268620641541,cell,92
7c5e1e02-3a44-4151-9005-44066d5ba1da,75ea578a-adc8-4116-a54d-dccb60765ef9,Mickey's PhilharMagic,11,-0.2483825240505931,cell,92
7c5e1e02-3a44-4151-9005-44066d5ba1da,75ea578a-adc8-4116-a54d-dccb60765ef9,Mickey's PhilharMagic,12,-0.21895974992952005,cell,92
7c5e1e02-3a44-4151-9005-44066d5ba1da,75ea578a-adc8-4116-a54d-dccb60765ef9,Mickey's PhilharMagic,13,-0.20261745266560688,cell,92
7c5e1e02-3a44-4151-9005-44066d5ba1da,75ea578a-adc8-4116-a54d-dccb60765ef9,Mickey's PhilharMagic,14,-0.2076841910629678,cell,91
7c5e1e02-3a44-4151-9005-44066d5ba1da,75ea578a-adc8-4116-a54d-dccb60765ef9,Mickey's PhilharMagic,15,-0.20884841538628762,cell,92
7c5e1e02-3a44-4151-9005-44066d5ba1da,75ea578a-adc8-4116-a54d-dccb60765ef9,Mickey's PhilharMagic,16,-0.1871473249731301,cell,92
7c5e1e02-3a44-4151-9005-44066d5ba1da,75ea578a-adc8-4116-a54d-dccb60765ef9,Mickey's PhilharMagic,17,-0.21993335088120444,cell,92
7c5e1e02-3a44-4151-9005-44066d5ba1da,75ea578a-adc8-4116-a54d-dccb60765ef9,Mickey's PhilharMagic,18,-0.26312604444663973,cell,68
7c5e1e02-3a44-4151-9005-44066d5ba1da,75ea578a-adc8-4116-a54d-dccb60765ef9,Mickey's PhilharMagic,19,-0.2886471166220241,cell,70
7c5e1e02-3a44-4151-9005-44066d5ba1da,75ea578a-adc8-4116-a54d-dccb60765ef9,Mickey's PhilharMagic,20,-0.30422558110045056,cell,69
7c5e1e02-3a44-4151-9005-44066d5ba1da,75ea578a-adc8-4116-a54d-dccb60765ef9,Mickey's PhilharMagic,21,-0.288150562106068,cell,70
7c5e1e02-3a44-4151-9005-44066d5ba1da,75ea578a-adc8-4116-a54d-dccb60765ef9,Mickey's PhilharMagic,22,-0.34448215368161367,cell,56
7c5e1e02-3a44-4151-9005-44066d5ba1da,75ea578a-adc8-4116-a54d-dccb60765ef9,Mickey's PhilharMagic,23,-0.4510377649059798,attraction_hour,1
7e70bc9e-7dce-4dd2-8823-57b8d6ec7570,eb3f4560-2383-4a36-9152-6b3e5ed6bc57,The Simpsons Ride™,8,-0.4249566742474272,attraction_hour,4
7e70bc9e-7dce-4dd2-8823-57b8d6ec7570,eb3f4560-2383-4a36-9152-6b3e5ed6bc57,The Simpsons Ride™,9,-0.3684297271678581,cell,25
7e70bc9e-7dce-4dd2-8823-57b8d6ec7570,eb3f4560-2383-4a36-9152-6b3e5ed6bc57,The Simpsons Ride™,10,-0.4541058201743208,cell,92
7e70bc9e-7dce-4dd2-8823-57b8d6ec7570,eb3f4560-2383-4a36-9152-6b3e5ed6bc57,The Simpsons Ride™,11,-0.03709648380467295,cell,92
7e70bc9e-7dce-4dd2-8823-57b8d6ec7570,eb3f4560-2383-4a36-9152-6b3e5ed6bc57,The Simpsons Ride™,12,0.3414453566382915,cell,92
7e70bc9e-7dce-4dd2-8823-57b8d6ec7570,eb3f4560-2383-4a36-9152-6b3e5ed6bc57,The Simpsons Ride™,13,0.4602168628314289,cell,92
7e70bc9e-7dce-4dd2-8823-57b8d6ec7570,eb3f4560-2383-4a36-9152-6b3e5ed6bc57,The Simpsons Ride™,14,0.4664591564348567,cell,91
7e70bc9e-7dce-4dd2-8823-57b8d6ec7570,eb3f4560-2383-4a36-9152-6b3e5ed6bc57,The Simpsons Ride™,15,0.39585599594277393,cell,91
7e70bc9e-7dce-4dd2-8823-57b8d6ec7570,eb3f4560-2383-4a36-9152-6b3e5ed6bc57,The Simpsons Ride™,16,0.377090502084779,cell,91
7e70bc9e-7dce-4dd2-8823-57b8d6ec7570,eb3f4560-2383-4a36-9152-6b3e5ed6bc57,The Simpsons Ride™,17,0.3536884867317716,cell,70
7e70bc9e-7dce-4dd2-8823-57b8d6ec7570,eb3f4560-2383-4a36-9152-6b3e5ed6bc57,The Simpsons Ride™,18,0.26448519567560363,cell,67
7e70bc9e-7dce-4dd2-8823-57b8d6ec7570,eb3f4560-2383-4a36-9152-6b3e5ed6bc57,The Simpsons Ride™,19,0.15094615731598457,cell,57
7e70bc9e-7dce-4dd2-8823-57b8d6ec7570,eb3f4560-2383-4a36-9152-6b3e5ed6bc57,The Simpsons Ride™,20,0.12186513516585011,cell,57
7e70bc9e-7dce-4dd2-8823-57b8d6ec7570,eb3f4560-2383-4a36-9152-6b3e5ed6bc57,The Simpsons Ride™,21,0.3236443337783199,attraction_hour,1
8183f3f2-1b59-4b9c-b634-6a863bdf8d84,75ea578a-adc8-4116-a54d-dccb60765ef9,Walt Disney's Carousel of Progress,8,-0.9921961003395076,attraction_hour,2
8183f3f2-1b59-4b9c-b634-6a863bdf8d84,75ea578a-adc8-4116-a54d-dccb60765ef9,Walt Disney's Carousel of Progress,9,-0.9901670051043269,cell,11
8183f3f2-1b59-4b9c-b634-6a863bdf8d84,75ea578a-adc8-4116-a54d-dccb60765ef9,Walt Disney's Carousel of Progress,10,-0.9552611215261421,cell,11
8183f3f2-1b59-4b9c-b634-6a863bdf8d84,75ea578a-adc8-4116-a54d-dccb60765ef9,Walt Disney's Carousel of Progress,11,-0.9700930888612542,cell,11
8183f3f2-1b59-4b9c-b634-6a863bdf8d84,75ea578a-adc8-4116-a54d-dccb60765ef9,Walt Disney's Carousel of Progress,12,-0.9785277919022511,cell,11
8183f3f2-1b59-4b9c-b634-6a863bdf8d84,75ea578a-adc8-4116-a54d-dccb60765ef9,Walt Disney's Carousel of Progress,13,-0.9592577691098799,cell,11
8183f3f2-1b59-4b9c-b634-6a863bdf8d84,75ea578a-adc8-4116-a54d-dccb60765ef9,Walt Disney's Carousel of Progress,14,-0.9221705986565556,cell,11
8183f3f2-1b59-4b9c-b634-6a863bdf8d84,75ea578a-adc8-4116-a54d-dccb60765ef9,Walt Disney's Carousel of Progress,15,-0.9234245370322224,cell,11
8183f3f2-1b59-4b9c-b634-6a863bdf8d84,75ea578a-adc8-4116-a54d-dccb60765ef9,Walt Disney's Carousel of Progress,16,-0.9041545142398512,cell,11
8183f3f2-1b59-4b9c-b634-6a863bdf8d84,75ea578a-adc8-4116-a54d-dccb60765ef9,Walt Disney's Carousel of Progress,17,-0.8653194821257219,cell,11
8183f3f2-1b59-4b9c-b634-6a863bdf8d84,75ea578a-adc8-4116-a54d-dccb60765ef9,Walt Disney's Carousel of Progress,18,-0.8304022250198528,cell,9
8183f3f2-1b59-4b9c-b634-6a863bdf8d84,75ea578a-adc8-4116-a54d-dccb60765ef9,Walt Disney's Carousel of Progress,19,-0.7794806183262994,cell,10
8183f3f2-1b59-4b9c-b634-6a863bdf8d84,75ea578a-adc8-4116-a54d-dccb60765ef9,Walt Disney's Carousel of Progress,20,-0.821085540855849,cell,9
8183f3f2-1b59-4b9c-b634-6a863bdf8d84,75ea578a-adc8-4116-a54d-dccb60765ef9,Walt Disney's Carousel of Progress,21,-0.7731431018329789,cell,10
8183f3f2-1b59-4b9c-b634-6a863bdf8d84,75ea578a-adc8-4116-a54d-dccb60765ef9,Walt Disney's Carousel of Progress,22,-0.8092309306632427,cell,8
8183f3f2-1b59-4b9c-b634-6a863bdf8d84,75ea578a-adc8-4116-a54d-dccb60765ef9,Walt Disney's Carousel of Progress,23,-1.0870265316259764,attraction_hour,1
81b15dfd-cf6a-466f-be59-3dd65d2a2807,47f90d2c-e191-4239-a466-5892ef59a88b,Soarin' Across America,9,-0.5980329084621079,cell,92
81b15dfd-cf6a-466f-be59-3dd65d2a2807,47f90d2c-e191-4239-a466-5892ef59a88b,Soarin' Across America,10,0.2787234531892732,cell,92
81b15dfd-cf6a-466f-be59-3dd65d2a2807,47f90d2c-e191-4239-a466-5892ef59a88b,Soarin' Across America,11,0.5932167029047019,cell,92
81b15dfd-cf6a-466f-be59-3dd65d2a2807,47f90d2c-e191-4239-a466-5892ef59a88b,Soarin' Across America,12,0.6103405155748964,cell,92
81b15dfd-cf6a-466f-be59-3dd65d2a2807,47f90d2c-e191-4239-a466-5892ef59a88b,Soarin' Across America,13,0.5368945077966047,cell,92
81b15dfd-cf6a-466f-be59-3dd65d2a2807,47f90d2c-e191-4239-a466-5892ef59a88b,Soarin' Across America,14,0.5285648016694314,cell,92
81b15dfd-cf6a-466f-be59-3dd65d2a2807,47f90d2c-e191-4239-a466-5892ef59a88b,Soarin' Across America,15,0.5201045080067856,cell,92
81b15dfd-cf6a-466f-be59-3dd65d2a2807,47f90d2c-e191-4239-a466-5892ef59a88b,Soarin' Across America,16,0.4959162353455437,cell,92
81b15dfd-cf6a-466f-be59-3dd65d2a2807,47f90d2c-e191-4239-a466-5892ef59a88b,Soarin' Across America,17,0.3300126839390214,cell,91
81b15dfd-cf6a-466f-be59-3dd65d2a2807,47f90d2c-e191-4239-a466-5892ef59a88b,Soarin' Across America,18,0.1986782587182949,cell,90
81b15dfd-cf6a-466f-be59-3dd65d2a2807,47f90d2c-e191-4239-a466-5892ef59a88b,Soarin' Across America,19,0.15972641414371871,cell,90
81b15dfd-cf6a-466f-be59-3dd65d2a2807,47f90d2c-e191-4239-a466-5892ef59a88b,Soarin' Across America,20,-0.027302324860686907,cell,91
86a41273-5f15-4b54-93b6-829f140e5161,75ea578a-adc8-4116-a54d-dccb60765ef9,Peter Pan's Flight,8,0.44611290317568286,cell,18
86a41273-5f15-4b54-93b6-829f140e5161,75ea578a-adc8-4116-a54d-dccb60765ef9,Peter Pan's Flight,9,0.6956886975961555,cell,89
86a41273-5f15-4b54-93b6-829f140e5161,75ea578a-adc8-4116-a54d-dccb60765ef9,Peter Pan's Flight,10,0.7849880306227958,cell,91
86a41273-5f15-4b54-93b6-829f140e5161,75ea578a-adc8-4116-a54d-dccb60765ef9,Peter Pan's Flight,11,0.9040562171877279,cell,90
86a41273-5f15-4b54-93b6-829f140e5161,75ea578a-adc8-4116-a54d-dccb60765ef9,Peter Pan's Flight,12,0.9848316806905918,cell,89
86a41273-5f15-4b54-93b6-829f140e5161,75ea578a-adc8-4116-a54d-dccb60765ef9,Peter Pan's Flight,13,1.0055082138167035,cell,90
86a41273-5f15-4b54-93b6-829f140e5161,75ea578a-adc8-4116-a54d-dccb60765ef9,Peter Pan's Flight,14,0.988981651486119,cell,90
86a41273-5f15-4b54-93b6-829f140e5161,75ea578a-adc8-4116-a54d-dccb60765ef9,Peter Pan's Flight,15,0.9990328532294932,cell,90
86a41273-5f15-4b54-93b6-829f140e5161,75ea578a-adc8-4116-a54d-dccb60765ef9,Peter Pan's Flight,16,0.9955279780876323,cell,90
86a41273-5f15-4b54-93b6-829f140e5161,75ea578a-adc8-4116-a54d-dccb60765ef9,Peter Pan's Flight,17,0.9592544691339419,cell,91
86a41273-5f15-4b54-93b6-829f140e5161,75ea578a-adc8-4116-a54d-dccb60765ef9,Peter Pan's Flight,18,0.9670772480466673,cell,71
86a41273-5f15-4b54-93b6-829f140e5161,75ea578a-adc8-4116-a54d-dccb60765ef9,Peter Pan's Flight,19,0.9928592381053332,cell,71
86a41273-5f15-4b54-93b6-829f140e5161,75ea578a-adc8-4116-a54d-dccb60765ef9,Peter Pan's Flight,20,0.8764565417467698,cell,71
86a41273-5f15-4b54-93b6-829f140e5161,75ea578a-adc8-4116-a54d-dccb60765ef9,Peter Pan's Flight,21,0.5496462512768857,cell,69
86a41273-5f15-4b54-93b6-829f140e5161,75ea578a-adc8-4116-a54d-dccb60765ef9,Peter Pan's Flight,22,0.33012957368384716,cell,56
86a41273-5f15-4b54-93b6-829f140e5161,75ea578a-adc8-4116-a54d-dccb60765ef9,Peter Pan's Flight,23,0.43842572473503116,attraction_hour,1
890fa430-89c0-4a3f-96c9-11597888005e,75ea578a-adc8-4116-a54d-dccb60765ef9,Dumbo the Flying Elephant,8,-0.8916797797940013,cell,18
890fa430-89c0-4a3f-96c9-11597888005e,75ea578a-adc8-4116-a54d-dccb60765ef9,Dumbo the Flying Elephant,9,-0.8566783153857024,cell,92
890fa430-89c0-4a3f-96c9-11597888005e,75ea578a-adc8-4116-a54d-dccb60765ef9,Dumbo the Flying Elephant,10,-0.6661789237932284,cell,92
890fa430-89c0-4a3f-96c9-11597888005e,75ea578a-adc8-4116-a54d-dccb60765ef9,Dumbo the Flying Elephant,11,-0.5278450829750431,cell,91
890fa430-89c0-4a3f-96c9-11597888005e,75ea578a-adc8-4116-a54d-dccb60765ef9,Dumbo the Flying Elephant,12,-0.48358592924377375,cell,90
890fa430-89c0-4a3f-96c9-11597888005e,75ea578a-adc8-4116-a54d-dccb60765ef9,Dumbo the Flying Elephant,13,-0.5824080817979942,cell,85
890fa430-89c0-4a3f-96c9-11597888005e,75ea578a-adc8-4116-a54d-dccb60765ef9,Dumbo the Flying Elephant,14,-0.7485457452922106,cell,82
890fa430-89c0-4a3f-96c9-11597888005e,75ea578a-adc8-4116-a54d-dccb60765ef9,Dumbo the Flying Elephant,15,-0.7743605687621713,cell,85
890fa430-89c0-4a3f-96c9-11597888005e,75ea578a-adc8-4116-a54d-dccb60765ef9,Dumbo the Flying Elephant,16,-0.6806043388170522,cell,78
890fa430-89c0-4a3f-96c9-11597888005e,75ea578a-adc8-4116-a54d-dccb60765ef9,Dumbo the Flying Elephant,17,-0.6330624851129989,cell,83
890fa430-89c0-4a3f-96c9-11597888005e,75ea578a-adc8-4116-a54d-dccb60765ef9,Dumbo the Flying Elephant,18,-0.5046363801423742,cell,65
890fa430-89c0-4a3f-96c9-11597888005e,75ea578a-adc8-4116-a54d-dccb60765ef9,Dumbo the Flying Elephant,19,-0.24645154897514035,cell,64
890fa430-89c0-4a3f-96c9-11597888005e,75ea578a-adc8-4116-a54d-dccb60765ef9,Dumbo the Flying Elephant,20,0.09476278961406581,cell,68
890fa430-89c0-4a3f-96c9-11597888005e,75ea578a-adc8-4116-a54d-dccb60765ef9,Dumbo the Flying Elephant,21,-0.3213203101170569,cell,69
890fa430-89c0-4a3f-96c9-11597888005e,75ea578a-adc8-4116-a54d-dccb60765ef9,Dumbo the Flying Elephant,22,-0.8884456641944314,cell,54
890fa430-89c0-4a3f-96c9-11597888005e,75ea578a-adc8-4116-a54d-dccb60765ef9,Dumbo the Flying Elephant,23,-0.9942447981750102,attraction_hour,1
8c8cd77d-97f6-4309-b285-42aad90e9f15,47f90d2c-e191-4239-a466-5892ef59a88b,Beauty and the Beast Sing-Along,9,-0.16343048377407277,attraction,0
8c8cd77d-97f6-4309-b285-42aad90e9f15,47f90d2c-e191-4239-a466-5892ef59a88b,Beauty and the Beast Sing-Along,10,-0.16874655842142477,cell,60
8c8cd77d-97f6-4309-b285-42aad90e9f15,47f90d2c-e191-4239-a466-5892ef59a88b,Beauty and the Beast Sing-Along,11,-0.1553965209875243,cell,72
8c8cd77d-97f6-4309-b285-42aad90e9f15,47f90d2c-e191-4239-a466-5892ef59a88b,Beauty and the Beast Sing-Along,12,-0.16073064590284067,cell,75
8c8cd77d-97f6-4309-b285-42aad90e9f15,47f90d2c-e191-4239-a466-5892ef59a88b,Beauty and the Beast Sing-Along,13,-0.16073064590284067,cell,75
8c8cd77d-97f6-4309-b285-42aad90e9f15,47f90d2c-e191-4239-a466-5892ef59a88b,Beauty and the Beast Sing-Along,14,-0.16073064590284067,cell,75
8c8cd77d-97f6-4309-b285-42aad90e9f15,47f90d2c-e191-4239-a466-5892ef59a88b,Beauty and the Beast Sing-Along,15,-0.16242066864469593,cell,75
8c8cd77d-97f6-4309-b285-42aad90e9f15,47f90d2c-e191-4239-a466-5892ef59a88b,Beauty and the Beast Sing-Along,16,-0.16726244517359304,cell,76
8c8cd77d-97f6-4309-b285-42aad90e9f15,47f90d2c-e191-4239-a466-5892ef59a88b,Beauty and the Beast Sing-Along,17,-0.16726244517359304,cell,76
8c8cd77d-97f6-4309-b285-42aad90e9f15,47f90d2c-e191-4239-a466-5892ef59a88b,Beauty and the Beast Sing-Along,18,-0.16817025173188563,cell,76
8c8cd77d-97f6-4309-b285-42aad90e9f15,47f90d2c-e191-4239-a466-5892ef59a88b,Beauty and the Beast Sing-Along,19,-0.16343048377407277,attraction,0
8c8cd77d-97f6-4309-b285-42aad90e9f15,47f90d2c-e191-4239-a466-5892ef59a88b,Beauty and the Beast Sing-Along,20,-0.16343048377407277,attraction,0
8d7ccdb1-a22b-4e26-8dc8-65b1938ed5f0,47f90d2c-e191-4239-a466-5892ef59a88b,Frozen Ever After,9,0.6910015608339107,cell,81
8d7ccdb1-a22b-4e26-8dc8-65b1938ed5f0,47f90d2c-e191-4239-a466-5892ef59a88b,Frozen Ever After,10,0.7755005294223897,cell,82
8d7ccdb1-a22b-4e26-8dc8-65b1938ed5f0,47f90d2c-e191-4239-a466-5892ef59a88b,Frozen Ever After,11,0.9064052185157111,cell,82
8d7ccdb1-a22b-4e26-8dc8-65b1938ed5f0,47f90d2c-e191-4239-a466-5892ef59a88b,Frozen Ever After,12,0.9860392864279743,cell,82
8d7ccdb1-a22b-4e26-8dc8-65b1938ed5f0,47f90d2c-e191-4239-a466-5892ef59a88b,Frozen Ever After,13,1.0835729455425083,cell,86
8d7ccdb1-a22b-4e26-8dc8-65b1938ed5f0,47f90d2c-e191-4239-a466-5892ef59a88b,Frozen Ever After,14,1.0632865475810418,cell,81
8d7ccdb1-a22b-4e26-8dc8-65b1938ed5f0,47f90d2c-e191-4239-a466-5892ef59a88b,Frozen Ever After,15,1.0790735216980112,cell,82
8d7ccdb1-a22b-4e26-8dc8-65b1938ed5f0,47f90d2c-e191-4239-a466-5892ef59a88b,Frozen Ever After,16,1.0414888255101031,cell,82
8d7ccdb1-a22b-4e26-8dc8-65b1938ed5f0,47f90d2c-e191-4239-a466-5892ef59a88b,Frozen Ever After,17,1.0687340602806816,cell,84
8d7ccdb1-a22b-4e26-8dc8-65b1938ed5f0,47f90d2c-e191-4239-a466-5892ef59a88b,Frozen Ever After,18,1.0206432613465384,cell,82
8d7ccdb1-a22b-4e26-8dc8-65b1938ed5f0,47f90d2c-e191-4239-a466-5892ef59a88b,Frozen Ever After,19,1.0156099808552626,cell,76
8d7ccdb1-a22b-4e26-8dc8-65b1938ed5f0,47f90d2c-e191-4239-a466-5892ef59a88b,Frozen Ever After,20,0.8256557647962212,cell,83
8f353879-d6ac-4211-9352-4029efb47c18,47f90d2c-e191-4239-a466-5892ef59a88b,Living with the Land,9,-1.1242948929702672,cell,90
8f353879-d6ac-4211-9352-4029efb47c18,47f90d2c-e191-4239-a466-5892ef59a88b,Living with the Land,10,-0.22704756691953362,cell,92
8f353879-d6ac-4211-9352-4029efb47c18,47f90d2c-e191-4239-a466-5892ef59a88b,Living with the Land,11,0.12822586187355092,cell,91
8f353879-d6ac-4211-9352-4029efb47c18,47f90d2c-e191-4239-a466-5892ef59a88b,Living with the Land,12,-0.06206885085338667,cell,89
8f353879-d6ac-4211-9352-4029efb47c18,47f90d2c-e191-4239-a466-5892ef59a88b,Living with the Land,13,-0.3028017485822049,cell,91
8f353879-d6ac-4211-9352-4029efb47c18,47f90d2c-e191-4239-a466-5892ef59a88b,Living with the Land,14,-0.46511445539191126,cell,92
8f353879-d6ac-4211-9352-4029efb47c18,47f90d2c-e191-4239-a466-5892ef59a88b,Living with the Land,15,-0.5324962642528247,cell,91
8f353879-d6ac-4211-9352-4029efb47c18,47f90d2c-e191-4239-a466-5892ef59a88b,Living with the Land,16,-0.6323460907253871,cell,90
8f353879-d6ac-4211-9352-4029efb47c18,47f90d2c-e191-4239-a466-5892ef59a88b,Living with the Land,17,-0.7504016757302898,cell,91
8f353879-d6ac-4211-9352-4029efb47c18,47f90d2c-e191-4239-a466-5892ef59a88b,Living with the Land,18,-0.9046066064741233,cell,88
8f353879-d6ac-4211-9352-4029efb47c18,47f90d2c-e191-4239-a466-5892ef59a88b,Living with the Land,19,-0.9790378553189855,cell,90
8f353879-d6ac-4211-9352-4029efb47c18,47f90d2c-e191-4239-a466-5892ef59a88b,Living with the Land,20,-1.1341286443124223,cell,90
905d7888-b866-4e74-90d1-07fc6ef6706f,267615cc-8943-4c2a-ae2c-5da728ca591f,Dudley Do-Right's Ripsaw Falls®,9,-0.8094998378791148,cell,78
905d7888-b866-4e74-90d1-07fc6ef6706f,267615cc-8943-4c2a-ae2c-5da728ca591f,Dudley Do-Right's Ripsaw Falls®,10,-0.14558732699827776,cell,85
905d7888-b866-4e74-90d1-07fc6ef6706f,267615cc-8943-4c2a-ae2c-5da728ca591f,Dudley Do-Right's Ripsaw Falls®,11,0.6395085176666379,cell,87
905d7888-b866-4e74-90d1-07fc6ef6706f,267615cc-8943-4c2a-ae2c-5da728ca591f,Dudley Do-Right's Ripsaw Falls®,12,1.0669016547507537,cell,83
905d7888-b866-4e74-90d1-07fc6ef6706f,267615cc-8943-4c2a-ae2c-5da728ca591f,Dudley Do-Right's Ripsaw Falls®,13,1.0841803020514116,cell,75
905d7888-b866-4e74-90d1-07fc6ef6706f,267615cc-8943-4c2a-ae2c-5da728ca591f,Dudley Do-Right's Ripsaw Falls®,14,1.0512916539936166,cell,73
905d7888-b866-4e74-90d1-07fc6ef6706f,267615cc-8943-4c2a-ae2c-5da728ca591f,Dudley Do-Right's Ripsaw Falls®,15,0.867823639647257,cell,72
905d7888-b866-4e74-90d1-07fc6ef6706f,267615cc-8943-4c2a-ae2c-5da728ca591f,Dudley Do-Right's Ripsaw Falls®,16,0.8038473203776882,cell,60
905d7888-b866-4e74-90d1-07fc6ef6706f,267615cc-8943-4c2a-ae2c-5da728ca591f,Dudley Do-Right's Ripsaw Falls®,17,0.6925100533307545,cell,59
905d7888-b866-4e74-90d1-07fc6ef6706f,267615cc-8943-4c2a-ae2c-5da728ca591f,Dudley Do-Right's Ripsaw Falls®,18,0.4922002708522973,cell,69
905d7888-b866-4e74-90d1-07fc6ef6706f,267615cc-8943-4c2a-ae2c-5da728ca591f,Dudley Do-Right's Ripsaw Falls®,19,0.22426121001457208,cell,66
905d7888-b866-4e74-90d1-07fc6ef6706f,267615cc-8943-4c2a-ae2c-5da728ca591f,Dudley Do-Right's Ripsaw Falls®,20,0.07551438427595288,cell,63
905d7888-b866-4e74-90d1-07fc6ef6706f,267615cc-8943-4c2a-ae2c-5da728ca591f,Dudley Do-Right's Ripsaw Falls®,21,-0.31100869125421626,cell,6
91cae293-64f8-48b6-88ec-02dcfcdd1f91,eb3f4560-2383-4a36-9152-6b3e5ed6bc57,MEN IN BLACK™ Alien Attack!,8,-0.19095760271697482,attraction_hour,2
91cae293-64f8-48b6-88ec-02dcfcdd1f91,eb3f4560-2383-4a36-9152-6b3e5ed6bc57,MEN IN BLACK™ Alien Attack!,9,-0.47759545755357613,cell,22
91cae293-64f8-48b6-88ec-02dcfcdd1f91,eb3f4560-2383-4a36-9152-6b3e5ed6bc57,MEN IN BLACK™ Alien Attack!,10,-0.6019128639409791,cell,79
91cae293-64f8-48b6-88ec-02dcfcdd1f91,eb3f4560-2383-4a36-9152-6b3e5ed6bc57,MEN IN BLACK™ Alien Attack!,11,-0.4912647223644054,cell,87
91cae293-64f8-48b6-88ec-02dcfcdd1f91,eb3f4560-2383-4a36-9152-6b3e5ed6bc57,MEN IN BLACK™ Alien Attack!,12,-0.18508858490732186,cell,89
91cae293-64f8-48b6-88ec-02dcfcdd1f91,eb3f4560-2383-4a36-9152-6b3e5ed6bc57,MEN IN BLACK™ Alien Attack!,13,0.08513576618222356,cell,91
91cae293-64f8-48b6-88ec-02dcfcdd1f91,eb3f4560-2383-4a36-9152-6b3e5ed6bc57,MEN IN BLACK™ Alien Attack!,14,0.2259341936619179,cell,88
91cae293-64f8-48b6-88ec-02dcfcdd1f91,eb3f4560-2383-4a36-9152-6b3e5ed6bc57,MEN IN BLACK™ Alien Attack!,15,0.28063747651535303,cell,90
91cae293-64f8-48b6-88ec-02dcfcdd1f91,eb3f4560-2383-4a36-9152-6b3e5ed6bc57,MEN IN BLACK™ Alien Attack!,16,0.17373643706840747,cell,89
91cae293-64f8-48b6-88ec-02dcfcdd1f91,eb3f4560-2383-4a36-9152-6b3e5ed6bc57,MEN IN BLACK™ Alien Attack!,17,0.05698581412830185,cell,68
91cae293-64f8-48b6-88ec-02dcfcdd1f91,eb3f4560-2383-4a36-9152-6b3e5ed6bc57,MEN IN BLACK™ Alien Attack!,18,-0.1103424680401318,cell,66
91cae293-64f8-48b6-88ec-02dcfcdd1f91,eb3f4560-2383-4a36-9152-6b3e5ed6bc57,MEN IN BLACK™ Alien Attack!,19,-0.21359126434939277,cell,57
91cae293-64f8-48b6-88ec-02dcfcdd1f91,eb3f4560-2383-4a36-9152-6b3e5ed6bc57,MEN IN BLACK™ Alien Attack!,20,-0.32263597173706554,cell,56
91cae293-64f8-48b6-88ec-02dcfcdd1f91,eb3f4560-2383-4a36-9152-6b3e5ed6bc57,MEN IN BLACK™ Alien Attack!,21,-0.28661518697585775,attraction_hour,1
9211adc9-b296-4667-8e97-b40cf76108e4,288747d1-8b4f-4a64-867e-ea7c9b27bad8,Vacation Fun - An Original Animated Short with Mickey & Minnie,8,-1.0364232124119,attraction,0
9211adc9-b296-4667-8e97-b40cf76108e4,288747d1-8b4f-4a64-867e-ea7c9b27bad8,Vacation Fun - An Original Animated Short with Mickey & Minnie,9,-1.0296510993587302,cell,42
9211adc9-b296-4667-8e97-b40cf76108e4,288747d1-8b4f-4a64-867e-ea7c9b27bad8,Vacation Fun - An Original Animated Short with Mickey & Minnie,10,-1.0296510993587302,cell,42
9211adc9-b296-4667-8e97-b40cf76108e4,288747d1-8b4f-4a64-867e-ea7c9b27bad8,Vacation Fun - An Original Animated Short with Mickey & Minnie,11,-1.027088464497007,cell,42
9211adc9-b296-4667-8e97-b40cf76108e4,288747d1-8b4f-4a64-867e-ea7c9b27bad8,Vacation Fun - An Original Animated Short with Mickey & Minnie,12,-1.0347751968415346,cell,43
9211adc9-b296-4667-8e97-b40cf76108e4,288747d1-8b4f-4a64-867e-ea7c9b27bad8,Vacation Fun - An Original Animated Short with Mickey & Minnie,13,-1.0347751968415346,cell,43
9211adc9-b296-4667-8e97-b40cf76108e4,288747d1-8b4f-4a64-867e-ea7c9b27bad8,Vacation Fun - An Original Animated Short with Mickey & Minnie,14,-1.0347751968415346,cell,43
9211adc9-b296-4667-8e97-b40cf76108e4,288747d1-8b4f-4a64-867e-ea7c9b27bad8,Vacation Fun - An Original Animated Short with Mickey & Minnie,15,-1.0347751968415346,cell,43
9211adc9-b296-4667-8e97-b40cf76108e4,288747d1-8b4f-4a64-867e-ea7c9b27bad8,Vacation Fun - An Original Animated Short with Mickey & Minnie,16,-1.0365207494423012,cell,42
9211adc9-b296-4667-8e97-b40cf76108e4,288747d1-8b4f-4a64-867e-ea7c9b27bad8,Vacation Fun - An Original Animated Short with Mickey & Minnie,17,-1.0347751968415346,cell,43
9211adc9-b296-4667-8e97-b40cf76108e4,288747d1-8b4f-4a64-867e-ea7c9b27bad8,Vacation Fun - An Original Animated Short with Mickey & Minnie,18,-1.0391375387665254,cell,41
9211adc9-b296-4667-8e97-b40cf76108e4,288747d1-8b4f-4a64-867e-ea7c9b27bad8,Vacation Fun - An Original Animated Short with Mickey & Minnie,19,-1.0391375387665254,cell,41
9211adc9-b296-4667-8e97-b40cf76108e4,288747d1-8b4f-4a64-867e-ea7c9b27bad8,Vacation Fun - An Original Animated Short with Mickey & Minnie,20,-1.1072478623897055,cell,15
9211adc9-b296-4667-8e97-b40cf76108e4,288747d1-8b4f-4a64-867e-ea7c9b27bad8,Vacation Fun - An Original Animated Short with Mickey & Minnie,21,-1.062622402908957,attraction_hour,1
924a3b2c-6b4b-49e5-99d3-e9dc3f2e8a48,75ea578a-adc8-4116-a54d-dccb60765ef9,The Barnstormer,8,-0.8830546294905735,cell,18
924a3b2c-6b4b-49e5-99d3-e9dc3f2e8a48,75ea578a-adc8-4116-a54d-dccb60765ef9,The Barnstormer,9,-0.9207289473119163,cell,92
924a3b2c-6b4b-49e5-99d3-e9dc3f2e8a48,75ea578a-adc8-4116-a54d-dccb60765ef9,The Barnstormer,10,-0.6872188296176528,cell,92
924a3b2c-6b4b-49e5-99d3-e9dc3f2e8a48,75ea578a-adc8-4116-a54d-dccb60765ef9,The Barnstormer,11,-0.32834936886061356,cell,90
924a3b2c-6b4b-49e5-99d3-e9dc3f2e8a48,75ea578a-adc8-4116-a54d-dccb60765ef9,The Barnstormer,12,-0.27583999340408044,cell,88
924a3b2c-6b4b-49e5-99d3-e9dc3f2e8a48,75ea578a-adc8-4116-a54d-dccb60765ef9,The Barnstormer,13,-0.30390234939004157,cell,85
924a3b2c-6b4b-49e5-99d3-e9dc3f2e8a48,75ea578a-adc8-4116-a54d-dccb60765ef9,The Barnstormer,14,-0.4179647940880522,cell,80
924a3b2c-6b4b-49e5-99d3-e9dc3f2e8a48,75ea578a-adc8-4116-a54d-dccb60765ef9,The Barnstormer,15,-0.4602303781295566,cell,83
924a3b2c-6b4b-49e5-99d3-e9dc3f2e8a48,75ea578a-adc8-4116-a54d-dccb60765ef9,The Barnstormer,16,-0.3346347767584167,cell,74
924a3b2c-6b4b-49e5-99d3-e9dc3f2e8a48,75ea578a-adc8-4116-a54d-dccb60765ef9,The Barnstormer,17,-0.25099247699721794,cell,81
924a3b2c-6b4b-49e5-99d3-e9dc3f2e8a48,75ea578a-adc8-4116-a54d-dccb60765ef9,The Barnstormer,18,-0.017690820972094675,cell,62
924a3b2c-6b4b-49e5-99d3-e9dc3f2e8a48,75ea578a-adc8-4116-a54d-dccb60765ef9,The Barnstormer,19,0.08123695488780759,cell,61
924a3b2c-6b4b-49e5-99d3-e9dc3f2e8a48,75ea578a-adc8-4116-a54d-dccb60765ef9,The Barnstormer,20,-0.10286481644795083,cell,67
924a3b2c-6b4b-49e5-99d3-e9dc3f2e8a48,75ea578a-adc8-4116-a54d-dccb60765ef9,The Barnstormer,21,-0.7973874760876151,cell,68
924a3b2c-6b4b-49e5-99d3-e9dc3f2e8a48,75ea578a-adc8-4116-a54d-dccb60765ef9,The Barnstormer,22,-1.0547470450826335,cell,55
924a3b2c-6b4b-49e5-99d3-e9dc3f2e8a48,75ea578a-adc8-4116-a54d-dccb60765ef9,The Barnstormer,23,-1.0870265316259764,attraction_hour,1
96455de6-f4f1-403c-9391-bf8396979149,75ea578a-adc8-4116-a54d-dccb60765ef9,The Magic Carpets of Aladdin,8,-0.9365819785041981,cell,18
96455de6-f4f1-403c-9391-bf8396979149,75ea578a-adc8-4116-a54d-dccb60765ef9,The Magic Carpets of Aladdin,9,-0.9161885722367106,cell,91
96455de6-f4f1-403c-9391-bf8396979149,75ea578a-adc8-4116-a54d-dccb60765ef9,The Magic Carpets of Aladdin,10,-0.4909304955282351,cell,92
96455de6-f4f1-403c-9391-bf8396979149,75ea578a-adc8-4116-a54d-dccb60765ef9,The Magic Carpets of Aladdin,11,-0.2374699515934943,cell,91
96455de6-f4f1-403c-9391-bf8396979149,75ea578a-adc8-4116-a54d-dccb60765ef9,The Magic Carpets of Aladdin,12,-0.3696109638553236,cell,90
96455de6-f4f1-403c-9391-bf8396979149,75ea578a-adc8-4116-a54d-dccb60765ef9,The Magic Carpets of Aladdin,13,-0.5656834785179873,cell,87
96455de6-f4f1-403c-9391-bf8396979149,75ea578a-adc8-4116-a54d-dccb60765ef9,The Magic Carpets of Aladdin,14,-0.7098445783418116,cell,82
96455de6-f4f1-403c-9391-bf8396979149,75ea578a-adc8-4116-a54d-dccb60765ef9,The Magic Carpets of Aladdin,15,-0.7766805011701643,cell,83
96455de6-f4f1-403c-9391-bf8396979149,75ea578a-adc8-4116-a54d-dccb60765ef9,The Magic Carpets of Aladdin,16,-0.6839708408409535,cell,75
96455de6-f4f1-403c-9391-bf8396979149,75ea578a-adc8-4116-a54d-dccb60765ef9,The Magic Carpets of Aladdin,17,-0.6679234571992911,cell,80
96455de6-f4f1-403c-9391-bf8396979149,75ea578a-adc8-4116-a54d-dccb60765ef9,The Magic Carpets of Aladdin,18,-0.49576216784624855,cell,64
96455de6-f4f1-403c-9391-bf8396979149,75ea578a-adc8-4116-a54d-dccb60765ef9,The Magic Carpets of Aladdin,19,-0.40587332088580824,cell,62
96455de6-f4f1-403c-9391-bf8396979149,75ea578a-adc8-4116-a54d-dccb60765ef9,The Magic Carpets of Aladdin,20,-0.5535557807451289,cell,68
96455de6-f4f1-403c-9391-bf8396979149,75ea578a-adc8-4116-a54d-dccb60765ef9,The Magic Carpets of Aladdin,21,-0.9452032566187666,cell,69
96455de6-f4f1-403c-9391-bf8396979149,75ea578a-adc8-4116-a54d-dccb60765ef9,The Magic Carpets of Aladdin,22,-1.0375931973408057,cell,55
96455de6-f4f1-403c-9391-bf8396979149,75ea578a-adc8-4116-a54d-dccb60765ef9,The Magic Carpets of Aladdin,23,-0.4808907280556607,attraction_hour,1
96e71193-49f0-40b2-9bba-644e530d8115,eb3f4560-2383-4a36-9152-6b3e5ed6bc57,Kang & Kodos' Twirl 'n' Hurl,8,-0.5807123654080586,attraction,0
96e71193-49f0-40b2-9bba-644e530d8115,eb3f4560-2383-4a36-9152-6b3e5ed6bc57,Kang & Kodos' Twirl 'n' Hurl,9,-1.143022123931818,attraction_hour,4
96e71193-49f0-40b2-9bba-644e530d8115,eb3f4560-2383-4a36-9152-6b3e5ed6bc57,Kang & Kodos' Twirl 'n' Hurl,10,-1.0301546539797817,cell,26
96e71193-49f0-40b2-9bba-644e530d8115,eb3f4560-2383-4a36-9152-6b3e5ed6bc57,Kang & Kodos' Twirl 'n' Hurl,11,-1.0940956942862738,cell,90
96e71193-49f0-40b2-9bba-644e530d8115,eb3f4560-2383-4a36-9152-6b3e5ed6bc57,Kang & Kodos' Twirl 'n' Hurl,12,-0.7185770121403279,cell,89
96e71193-49f0-40b2-9bba-644e530d8115,eb3f4560-2383-4a36-9152-6b3e5ed6bc57,Kang & Kodos' Twirl 'n' Hurl,13,-0.3879950529658,cell,82
96e71193-49f0-40b2-9bba-644e530d8115,eb3f4560-2383-4a36-9152-6b3e5ed6bc57,Kang & Kodos' Twirl 'n' Hurl,14,-0.33369358364744667,cell,82
96e71193-49f0-40b2-9bba-644e530d8115,eb3f4560-2383-4a36-9152-6b3e5ed6bc57,Kang & Kodos' Twirl 'n' Hurl,15,-0.37220157016295913,cell,79
96e71193-49f0-40b2-9bba-644e530d8115,eb3f4560-2383-4a36-9152-6b3e5ed6bc57,Kang & Kodos' Twirl 'n' Hurl,16,-0.4414774864509258,cell,71
96e71193-49f0-40b2-9bba-644e530d8115,eb3f4560-2383-4a36-9152-6b3e5ed6bc57,Kang & Kodos' Twirl 'n' Hurl,17,-0.4670287814445311,cell,55
96e71193-49f0-40b2-9bba-644e530d8115,eb3f4560-2383-4a36-9152-6b3e5ed6bc57,Kang & Kodos' Twirl 'n' Hurl,18,-0.5139229792969428,cell,56
96e71193-49f0-40b2-9bba-644e530d8115,eb3f4560-2383-4a36-9152-6b3e5ed6bc57,Kang & Kodos' Twirl 'n' Hurl,19,-0.5807123654080586,attraction,0
96e71193-49f0-40b2-9bba-644e530d8115,eb3f4560-2383-4a36-9152-6b3e5ed6bc57,Kang & Kodos' Twirl 'n' Hurl,20,-0.5807123654080586,attraction,0
96e71193-49f0-40b2-9bba-644e530d8115,eb3f4560-2383-4a36-9152-6b3e5ed6bc57,Kang & Kodos' Twirl 'n' Hurl,21,-0.5807123654080586,attraction,0
98ac6a78-0320-4949-8824-934d0e73e4e2,eb3f4560-2383-4a36-9152-6b3e5ed6bc57,Hellraiser,8,-0.6919030488669629,attraction_hour,1
98ac6a78-0320-4949-8824-934d0e73e4e2,eb3f4560-2383-4a36-9152-6b3e5ed6bc57,Hellraiser,9,-0.4532817030036871,attraction_hour,2
98ac6a78-0320-4949-8824-934d0e73e4e2,eb3f4560-2383-4a36-9152-6b3e5ed6bc57,Hellraiser,10,-0.4532817030036871,attraction_hour,2
98ac6a78-0320-4949-8824-934d0e73e4e2,eb3f4560-2383-4a36-9152-6b3e5ed6bc57,Hellraiser,11,-0.4532817030036871,attraction_hour,2
98ac6a78-0320-4949-8824-934d0e73e4e2,eb3f4560-2383-4a36-9152-6b3e5ed6bc57,Hellraiser,12,-0.4532817030036871,attraction_hour,2
98ac6a78-0320-4949-8824-934d0e73e4e2,eb3f4560-2383-4a36-9152-6b3e5ed6bc57,Hellraiser,13,-0.4532817030036871,attraction_hour,2
98ac6a78-0320-4949-8824-934d0e73e4e2,eb3f4560-2383-4a36-9152-6b3e5ed6bc57,Hellraiser,14,-0.228992206231715,cell,23
98ac6a78-0320-4949-8824-934d0e73e4e2,eb3f4560-2383-4a36-9152-6b3e5ed6bc57,Hellraiser,15,0.2492544006575083,cell,23
98ac6a78-0320-4949-8824-934d0e73e4e2,eb3f4560-2383-4a36-9152-6b3e5ed6bc57,Hellraiser,16,0.09581677467374963,cell,23
98ac6a78-0320-4949-8824-934d0e73e4e2,eb3f4560-2383-4a36-9152-6b3e5ed6bc57,Hellraiser,17,-0.4532817030036871,attraction_hour,2
98ac6a78-0320-4949-8824-934d0e73e4e2,eb3f4560-2383-4a36-9152-6b3e5ed6bc57,Hellraiser,18,-0.21466035714041132,attraction_hour,1
98ac6a78-0320-4949-8824-934d0e73e4e2,eb3f4560-2383-4a36-9152-6b3e5ed6bc57,Hellraiser,19,-0.04429069340677267,attraction,0
98ac6a78-0320-4949-8824-934d0e73e4e2,eb3f4560-2383-4a36-9152-6b3e5ed6bc57,Hellraiser,20,-0.04429069340677267,attraction,0
98ac6a78-0320-4949-8824-934d0e73e4e2,eb3f4560-2383-4a36-9152-6b3e5ed6bc57,Hellraiser,21,-0.04429069340677267,attraction,0
99accf82-ca8d-425d-abc8-33e69aee75e9,eb3f4560-2383-4a36-9152-6b3e5ed6bc57,H.R. Bloodengutz Presents: A Halloween Fright-Tacular!,8,-0.08576724529664714,attraction_hour,1
99accf82-ca8d-425d-abc8-33e69aee75e9,eb3f4560-2383-4a36-9152-6b3e5ed6bc57,H.R. Bloodengutz Presents: A Halloween Fright-Tacular!,9,-0.4532817030036871,attraction_hour,2
99accf82-ca8d-425d-abc8-33e69aee75e9,eb3f4560-2383-4a36-9152-6b3e5ed6bc57,H.R. Bloodengutz Presents: A Halloween Fright-Tacular!,10,-0.4532817030036871,attraction_hour,2
99accf82-ca8d-425d-abc8-33e69aee75e9,eb3f4560-2383-4a36-9152-6b3e5ed6bc57,H.R. Bloodengutz Presents: A Halloween Fright-Tacular!,11,-0.4532817030036871,attraction_hour,2
99accf82-ca8d-425d-abc8-33e69aee75e9,eb3f4560-2383-4a36-9152-6b3e5ed6bc57,H.R. Bloodengutz Presents: A Halloween Fright-Tacular!,12,-0.4532817030036871,attraction_hour,2
99accf82-ca8d-425d-abc8-33e69aee75e9,eb3f4560-2383-4a36-9152-6b3e5ed6bc57,H.R. Bloodengutz Presents: A Halloween Fright-Tacular!,13,-0.4532817030036871,attraction_hour,2
99accf82-ca8d-425d-abc8-33e69aee75e9,eb3f4560-2383-4a36-9152-6b3e5ed6bc57,H.R. Bloodengutz Presents: A Halloween Fright-Tacular!,14,-0.4532817030036871,attraction_hour,2
99accf82-ca8d-425d-abc8-33e69aee75e9,eb3f4560-2383-4a36-9152-6b3e5ed6bc57,H.R. Bloodengutz Presents: A Halloween Fright-Tacular!,15,-0.4532817030036871,attraction_hour,2
99accf82-ca8d-425d-abc8-33e69aee75e9,eb3f4560-2383-4a36-9152-6b3e5ed6bc57,H.R. Bloodengutz Presents: A Halloween Fright-Tacular!,16,-0.4532817030036871,attraction_hour,2
99accf82-ca8d-425d-abc8-33e69aee75e9,eb3f4560-2383-4a36-9152-6b3e5ed6bc57,H.R. Bloodengutz Presents: A Halloween Fright-Tacular!,17,-0.4532817030036871,attraction_hour,2
99accf82-ca8d-425d-abc8-33e69aee75e9,eb3f4560-2383-4a36-9152-6b3e5ed6bc57,H.R. Bloodengutz Presents: A Halloween Fright-Tacular!,18,-0.820796160710727,attraction_hour,1
99accf82-ca8d-425d-abc8-33e69aee75e9,eb3f4560-2383-4a36-9152-6b3e5ed6bc57,H.R. Bloodengutz Presents: A Halloween Fright-Tacular!,19,-0.45328170300368703,attraction,0
99accf82-ca8d-425d-abc8-33e69aee75e9,eb3f4560-2383-4a36-9152-6b3e5ed6bc57,H.R. Bloodengutz Presents: A Halloween Fright-Tacular!,20,-0.45328170300368703,attraction,0
99accf82-ca8d-425d-abc8-33e69aee75e9,eb3f4560-2383-4a36-9152-6b3e5ed6bc57,H.R. Bloodengutz Presents: A Halloween Fright-Tacular!,21,-0.45328170300368703,attraction,0
9d4d5229-7142-44b6-b4fb-528920969a2c,75ea578a-adc8-4116-a54d-dccb60765ef9,Seven Dwarfs Mine Train,8,0.7687370728563676,cell,17
9d4d5229-7142-44b6-b4fb-528920969a2c,75ea578a-adc8-4116-a54d-dccb60765ef9,Seven Dwarfs Mine Train,9,0.9284765482030217,cell,84
9d4d5229-7142-44b6-b4fb-528920969a2c,75ea578a-adc8-4116-a54d-dccb60765ef9,Seven Dwarfs Mine Train,10,0.969573479229035,cell,87
9d4d5229-7142-44b6-b4fb-528920969a2c,75ea578a-adc8-4116-a54d-dccb60765ef9,Seven Dwarfs Mine Train,11,1.0675763530364388,cell,90
9d4d5229-7142-44b6-b4fb-528920969a2c,75ea578a-adc8-4116-a54d-dccb60765ef9,Seven Dwarfs Mine Train,12,1.1070138426842362,cell,90
9d4d5229-7142-44b6-b4fb-528920969a2c,75ea578a-adc8-4116-a54d-dccb60765ef9,Seven Dwarfs Mine Train,13,1.0753490000415833,cell,83
9d4d5229-7142-44b6-b4fb-528920969a2c,75ea578a-adc8-4116-a54d-dccb60765ef9,Seven Dwarfs Mine Train,14,1.0554177506095739,cell,80
9d4d5229-7142-44b6-b4fb-528920969a2c,75ea578a-adc8-4116-a54d-dccb60765ef9,Seven Dwarfs Mine Train,15,1.051774530750655,cell,78
9d4d5229-7142-44b6-b4fb-528920969a2c,75ea578a-adc8-4116-a54d-dccb60765ef9,Seven Dwarfs Mine Train,16,1.0946070567303554,cell,74
9d4d5229-7142-44b6-b4fb-528920969a2c,75ea578a-adc8-4116-a54d-dccb60765ef9,Seven Dwarfs Mine Train,17,1.1209335646955643,cell,78
9d4d5229-7142-44b6-b4fb-528920969a2c,75ea578a-adc8-4116-a54d-dccb60765ef9,Seven Dwarfs Mine Train,18,1.149613957109892,cell,57
9d4d5229-7142-44b6-b4fb-528920969a2c,75ea578a-adc8-4116-a54d-dccb60765ef9,Seven Dwarfs Mine Train,19,1.1727851358702133,cell,61
9d4d5229-7142-44b6-b4fb-528920969a2c,75ea578a-adc8-4116-a54d-dccb60765ef9,Seven Dwarfs Mine Train,20,1.141813728596576,cell,61
9d4d5229-7142-44b6-b4fb-528920969a2c,75ea578a-adc8-4116-a54d-dccb60765ef9,Seven Dwarfs Mine Train,21,0.8953529575729544,cell,66
9d4d5229-7142-44b6-b4fb-528920969a2c,75ea578a-adc8-4116-a54d-dccb60765ef9,Seven Dwarfs Mine Train,22,0.7019470469313627,cell,54
9d4d5229-7142-44b6-b4fb-528920969a2c,75ea578a-adc8-4116-a54d-dccb60765ef9,Seven Dwarfs Mine Train,23,0.8509154477801602,attraction_hour,1
b1e94e05-b360-4e3f-be8a-2a3744a97f97,267615cc-8943-4c2a-ae2c-5da728ca591f,"One Fish, Two Fish, Red Fish, Blue Fish™",9,-0.871854787562736,cell,90
b1e94e05-b360-4e3f-be8a-2a3744a97f97,267615cc-8943-4c2a-ae2c-5da728ca591f,"One Fish, Two Fish, Red Fish, Blue Fish™",10,-0.5155491267404669,cell,91
b1e94e05-b360-4e3f-be8a-2a3744a97f97,267615cc-8943-4c2a-ae2c-5da728ca591f,"One Fish, Two Fish, Red Fish, Blue Fish™",11,-0.3190388553409488,cell,92
b1e94e05-b360-4e3f-be8a-2a3744a97f97,267615cc-8943-4c2a-ae2c-5da728ca591f,"One Fish, Two Fish, Red Fish, Blue Fish™",12,-0.3685037605288432,cell,89
b1e94e05-b360-4e3f-be8a-2a3744a97f97,267615cc-8943-4c2a-ae2c-5da728ca591f,"One Fish, Two Fish, Red Fish, Blue Fish™",13,-0.5432141831821333,cell,81
b1e94e05-b360-4e3f-be8a-2a3744a97f97,267615cc-8943-4c2a-ae2c-5da728ca591f,"One Fish, Two Fish, Red Fish, Blue Fish™",14,-0.5967544321504435,cell,78
b1e94e05-b360-4e3f-be8a-2a3744a97f97,267615cc-8943-4c2a-ae2c-5da728ca591f,"One Fish, Two Fish, Red Fish, Blue Fish™",15,-0.6681308551392804,cell,73
b1e94e05-b360-4e3f-be8a-2a3744a97f97,267615cc-8943-4c2a-ae2c-5da728ca591f,"One Fish, Two Fish, Red Fish, Blue Fish™",16,-0.6677073809121252,cell,70
b1e94e05-b360-4e3f-be8a-2a3744a97f97,267615cc-8943-4c2a-ae2c-5da728ca591f,"One Fish, Two Fish, Red Fish, Blue Fish™",17,-0.5347221978297897,cell,70
b1e94e05-b360-4e3f-be8a-2a3744a97f97,267615cc-8943-4c2a-ae2c-5da728ca591f,"One Fish, Two Fish, Red Fish, Blue Fish™",18,-0.4676372296568768,cell,77
b1e94e05-b360-4e3f-be8a-2a3744a97f97,267615cc-8943-4c2a-ae2c-5da728ca591f,"One Fish, Two Fish, Red Fish, Blue Fish™",19,-0.526484586049352,cell,79
b1e94e05-b360-4e3f-be8a-2a3744a97f97,267615cc-8943-4c2a-ae2c-5da728ca591f,"One Fish, Two Fish, Red Fish, Blue Fish™",20,-0.7133846652231763,cell,68
b1e94e05-b360-4e3f-be8a-2a3744a97f97,267615cc-8943-4c2a-ae2c-5da728ca591f,"One Fish, Two Fish, Red Fish, Blue Fish™",21,-0.9067895332559542,cell,6
b2260923-9315-40fd-9c6b-44dd811dbe64,75ea578a-adc8-4116-a54d-dccb60765ef9,Space Mountain,8,-0.08554707177849634,cell,17
b2260923-9315-40fd-9c6b-44dd811dbe64,75ea578a-adc8-4116-a54d-dccb60765ef9,Space Mountain,9,0.41486431937497437,cell,89
b2260923-9315-40fd-9c6b-44dd811dbe64,75ea578a-adc8-4116-a54d-dccb60765ef9,Space Mountain,10,0.5271297717579032,cell,87
b2260923-9315-40fd-9c6b-44dd811dbe64,75ea578a-adc8-4116-a54d-dccb60765ef9,Space Mountain,11,0.7776174016997563,cell,83
b2260923-9315-40fd-9c6b-44dd811dbe64,75ea578a-adc8-4116-a54d-dccb60765ef9,Space Mountain,12,0.777792269593786,cell,87
b2260923-9315-40fd-9c6b-44dd811dbe64,75ea578a-adc8-4116-a54d-dccb60765ef9,Space Mountain,13,0.7221680022384125,cell,87
b2260923-9315-40fd-9c6b-44dd811dbe64,75ea578a-adc8-4116-a54d-dccb60765ef9,Space Mountain,14,0.5770783089173567,cell,85
b2260923-9315-40fd-9c6b-44dd811dbe64,75ea578a-adc8-4116-a54d-dccb60765ef9,Space Mountain,15,0.5549546452547904,cell,87
b2260923-9315-40fd-9c6b-44dd811dbe64,75ea578a-adc8-4116-a54d-dccb60765ef9,Space Mountain,16,0.6811902461737875,cell,83
b2260923-9315-40fd-9c6b-44dd811dbe64,75ea578a-adc8-4116-a54d-dccb60765ef9,Space Mountain,17,0.7500288885956994,cell,81
b2260923-9315-40fd-9c6b-44dd811dbe64,75ea578a-adc8-4116-a54d-dccb60765ef9,Space Mountain,18,0.7730129225707209,cell,63
b2260923-9315-40fd-9c6b-44dd811dbe64,75ea578a-adc8-4116-a54d-dccb60765ef9,Space Mountain,19,0.843542279332173,cell,67
b2260923-9315-40fd-9c6b-44dd811dbe64,75ea578a-adc8-4116-a54d-dccb60765ef9,Space Mountain,20,0.7506795452686134,cell,66
b2260923-9315-40fd-9c6b-44dd811dbe64,75ea578a-adc8-4116-a54d-dccb60765ef9,Space Mountain,21,0.4774846119261617,cell,64
b2260923-9315-40fd-9c6b-44dd811dbe64,75ea578a-adc8-4116-a54d-dccb60765ef9,Space Mountain,22,0.29229655395231185,cell,51
b2260923-9315-40fd-9c6b-44dd811dbe64,75ea578a-adc8-4116-a54d-dccb60765ef9,Space Mountain,23,0.3793105371674508,attraction_hour,1
b4445a1c-4d5c-4fca-a04a-f8867f1b6619,267615cc-8943-4c2a-ae2c-5da728ca591f,Popeye & Bluto's Bilge-Rat Barges®,9,-0.3335039112861836,attraction,0
b4445a1c-4d5c-4fca-a04a-f8867f1b6619,267615cc-8943-4c2a-ae2c-5da728ca591f,Popeye & Bluto's Bilge-Rat Barges®,10,-0.800420926556231,cell,87
b4445a1c-4d5c-4fca-a04a-f8867f1b6619,267615cc-8943-4c2a-ae2c-5da728ca591f,Popeye & Bluto's Bilge-Rat Barges®,11,-0.6133528536324161,cell,88
b4445a1c-4d5c-4fca-a04a-f8867f1b6619,267615cc-8943-4c2a-ae2c-5da728ca591f,Popeye & Bluto's Bilge-Rat Barges®,12,-0.2265139597348474,cell,89
b4445a1c-4d5c-4fca-a04a-f8867f1b6619,267615cc-8943-4c2a-ae2c-5da728ca591f,Popeye & Bluto's Bilge-Rat Barges®,13,-0.0696068586140396,cell,79
b4445a1c-4d5c-4fca-a04a-f8867f1b6619,267615cc-8943-4c2a-ae2c-5da728ca591f,Popeye & Bluto's Bilge-Rat Barges®,14,-0.05625180091452487,cell,75
b4445a1c-4d5c-4fca-a04a-f8867f1b6619,267615cc-8943-4c2a-ae2c-5da728ca591f,Popeye & Bluto's Bilge-Rat Barges®,15,-0.10405505071417083,cell,76
b4445a1c-4d5c-4fca-a04a-f8867f1b6619,267615cc-8943-4c2a-ae2c-5da728ca591f,Popeye & Bluto's Bilge-Rat Barges®,16,-0.13669806957791547,cell,67
b4445a1c-4d5c-4fca-a04a-f8867f1b6619,267615cc-8943-4c2a-ae2c-5da728ca591f,Popeye & Bluto's Bilge-Rat Barges®,17,-0.30532833800560055,cell,66
b4445a1c-4d5c-4fca-a04a-f8867f1b6619,267615cc-8943-4c2a-ae2c-5da728ca591f,Popeye & Bluto's Bilge-Rat Barges®,18,-0.4179267614794286,cell,67
b4445a1c-4d5c-4fca-a04a-f8867f1b6619,267615cc-8943-4c2a-ae2c-5da728ca591f,Popeye & Bluto's Bilge-Rat Barges®,19,-0.5087947669644447,cell,62
b4445a1c-4d5c-4fca-a04a-f8867f1b6619,267615cc-8943-4c2a-ae2c-5da728ca591f,Popeye & Bluto's Bilge-Rat Barges®,20,-0.6459576598738429,cell,6
b4445a1c-4d5c-4fca-a04a-f8867f1b6619,267615cc-8943-4c2a-ae2c-5da728ca591f,Popeye & Bluto's Bilge-Rat Barges®,21,-0.3335039112861836,attraction,0
b694d5a5-155e-4796-af7e-5dbdcf3deba4,267615cc-8943-4c2a-ae2c-5da728ca591f,Storm Force Accelatron®,9,-0.9930335058396185,cell,91
b694d5a5-155e-4796-af7e-5dbdcf3deba4,267615cc-8943-4c2a-ae2c-5da728ca591f,Storm Force Accelatron®,10,-0.9441417112478735,cell,92
b694d5a5-155e-4796-af7e-5dbdcf3deba4,267615cc-8943-4c2a-ae2c-5da728ca591f,Storm Force Accelatron®,11,-0.8688710783596166,cell,92
b694d5a5-155e-4796-af7e-5dbdcf3deba4,267615cc-8943-4c2a-ae2c-5da728ca591f,Storm Force Accelatron®,12,-0.8978730969524762,cell,92
b694d5a5-155e-4796-af7e-5dbdcf3deba4,267615cc-8943-4c2a-ae2c-5da728ca591f,Storm Force Accelatron®,13,-0.9304731258624528,cell,91
b694d5a5-155e-4796-af7e-5dbdcf3deba4,267615cc-8943-4c2a-ae2c-5da728ca591f,Storm Force Accelatron®,14,-0.9408775355555583,cell,91
b694d5a5-155e-4796-af7e-5dbdcf3deba4,267615cc-8943-4c2a-ae2c-5da728ca591f,Storm Force Accelatron®,15,-0.9642907357771718,cell,91
b694d5a5-155e-4796-af7e-5dbdcf3deba4,267615cc-8943-4c2a-ae2c-5da728ca591f,Storm Force Accelatron®,16,-0.9684283458861237,cell,89
b694d5a5-155e-4796-af7e-5dbdcf3deba4,267615cc-8943-4c2a-ae2c-5da728ca591f,Storm Force Accelatron®,17,-0.925200615568113,cell,88
b694d5a5-155e-4796-af7e-5dbdcf3deba4,267615cc-8943-4c2a-ae2c-5da728ca591f,Storm Force Accelatron®,18,-0.9049545464390674,cell,90
b694d5a5-155e-4796-af7e-5dbdcf3deba4,267615cc-8943-4c2a-ae2c-5da728ca591f,Storm Force Accelatron®,19,-0.9211210616852397,cell,75
b694d5a5-155e-4796-af7e-5dbdcf3deba4,267615cc-8943-4c2a-ae2c-5da728ca591f,Storm Force Accelatron®,20,-1.0646870346587982,cell,9
b694d5a5-155e-4796-af7e-5dbdcf3deba4,267615cc-8943-4c2a-ae2c-5da728ca591f,Storm Force Accelatron®,21,-1.1545273697513867,attraction_hour,1
b73e3256-9ee0-439e-9a3b-ffed287e10bb,267615cc-8943-4c2a-ae2c-5da728ca591f,The High in the Sky Seuss Trolley Train Ride!™,9,-0.8584007941203492,cell,84
b73e3256-9ee0-439e-9a3b-ffed287e10bb,267615cc-8943-4c2a-ae2c-5da728ca591f,The High in the Sky Seuss Trolley Train Ride!™,10,-0.7473861561439483,cell,90
b73e3256-9ee0-439e-9a3b-ffed287e10bb,267615cc-8943-4c2a-ae2c-5da728ca591f,The High in the Sky Seuss Trolley Train Ride!™,11,-0.6573770495797111,cell,89
b73e3256-9ee0-439e-9a3b-ffed287e10bb,267615cc-8943-4c2a-ae2c-5da728ca591f,The High in the Sky Seuss Trolley Train Ride!™,12,-0.5575977447477027,cell,84
b73e3256-9ee0-439e-9a3b-ffed287e10bb,267615cc-8943-4c2a-ae2c-5da728ca591f,The High in the Sky Seuss Trolley Train Ride!™,13,-0.5812247357260037,cell,81
b73e3256-9ee0-439e-9a3b-ffed287e10bb,267615cc-8943-4c2a-ae2c-5da728ca591f,The High in the Sky Seuss Trolley Train Ride!™,14,-0.6483591686653036,cell,75
b73e3256-9ee0-439e-9a3b-ffed287e10bb,267615cc-8943-4c2a-ae2c-5da728ca591f,The High in the Sky Seuss Trolley Train Ride!™,15,-0.5126500878121351,cell,75
b73e3256-9ee0-439e-9a3b-ffed287e10bb,267615cc-8943-4c2a-ae2c-5da728ca591f,The High in the Sky Seuss Trolley Train Ride!™,16,-0.45717897612324293,cell,71
b73e3256-9ee0-439e-9a3b-ffed287e10bb,267615cc-8943-4c2a-ae2c-5da728ca591f,The High in the Sky Seuss Trolley Train Ride!™,17,-0.3375171865954572,cell,68
b73e3256-9ee0-439e-9a3b-ffed287e10bb,267615cc-8943-4c2a-ae2c-5da728ca591f,The High in the Sky Seuss Trolley Train Ride!™,18,-0.385418638567473,cell,76
b73e3256-9ee0-439e-9a3b-ffed287e10bb,267615cc-8943-4c2a-ae2c-5da728ca591f,The High in the Sky Seuss Trolley Train Ride!™,19,-0.2721035301216265,cell,76
b73e3256-9ee0-439e-9a3b-ffed287e10bb,267615cc-8943-4c2a-ae2c-5da728ca591f,The High in the Sky Seuss Trolley Train Ride!™,20,-0.2675039279471919,cell,68
b73e3256-9ee0-439e-9a3b-ffed287e10bb,267615cc-8943-4c2a-ae2c-5da728ca591f,The High in the Sky Seuss Trolley Train Ride!™,21,-0.04665115919642012,cell,6
be4bc36e-e2d8-474b-9ea7-74c0e3e6c82d,eb3f4560-2383-4a36-9152-6b3e5ed6bc57,Evil Dead Burn,8,-0.6919030488669629,attraction_hour,1
be4bc36e-e2d8-474b-9ea7-74c0e3e6c82d,eb3f4560-2383-4a36-9152-6b3e5ed6bc57,Evil Dead Burn,9,-0.7563496047888449,attraction_hour,2
be4bc36e-e2d8-474b-9ea7-74c0e3e6c82d,eb3f4560-2383-4a36-9152-6b3e5ed6bc57,Evil Dead Burn,10,-0.7563496047888449,attraction_hour,2
be4bc36e-e2d8-474b-9ea7-74c0e3e6c82d,eb3f4560-2383-4a36-9152-6b3e5ed6bc57,Evil Dead Burn,11,-0.7563496047888449,attraction_hour,2
be4bc36e-e2d8-474b-9ea7-74c0e3e6c82d,eb3f4560-2383-4a36-9152-6b3e5ed6bc57,Evil Dead Burn,12,-0.7563496047888449,attraction_hour,2
be4bc36e-e2d8-474b-9ea7-74c0e3e6c82d,eb3f4560-2383-4a36-9152-6b3e5ed6bc57,Evil Dead Burn,13,-0.7563496047888449,attraction_hour,2
be4bc36e-e2d8-474b-9ea7-74c0e3e6c82d,eb3f4560-2383-4a36-9152-6b3e5ed6bc57,Evil Dead Burn,14,-0.7563496047888449,attraction_hour,2
be4bc36e-e2d8-474b-9ea7-74c0e3e6c82d,eb3f4560-2383-4a36-9152-6b3e5ed6bc57,Evil Dead Burn,15,-0.7563496047888449,attraction_hour,2
be4bc36e-e2d8-474b-9ea7-74c0e3e6c82d,eb3f4560-2383-4a36-9152-6b3e5ed6bc57,Evil Dead Burn,16,-0.7563496047888449,attraction_hour,2
be4bc36e-e2d8-474b-9ea7-74c0e3e6c82d,eb3f4560-2383-4a36-9152-6b3e5ed6bc57,Evil Dead Burn,17,-0.7563496047888449,attraction_hour,2
be4bc36e-e2d8-474b-9ea7-74c0e3e6c82d,eb3f4560-2383-4a36-9152-6b3e5ed6bc57,Evil Dead Burn,18,-0.820796160710727,attraction_hour,1
be4bc36e-e2d8-474b-9ea7-74c0e3e6c82d,eb3f4560-2383-4a36-9152-6b3e5ed6bc57,Evil Dead Burn,19,-0.7563496047888449,attraction,0
be4bc36e-e2d8-474b-9ea7-74c0e3e6c82d,eb3f4560-2383-4a36-9152-6b3e5ed6bc57,Evil Dead Burn,20,-0.7563496047888449,attraction,0
be4bc36e-e2d8-474b-9ea7-74c0e3e6c82d,eb3f4560-2383-4a36-9152-6b3e5ed6bc57,Evil Dead Burn,21,-0.7563496047888449,attraction,0
c6b1b8cf-55ef-416c-b00d-e469993617b0,12dbb85b-265f-44e6-bccf-f1faa17211fc,Hiccup's Wing Gliders,9,-0.5526253263080222,cell,24
c6b1b8cf-55ef-416c-b00d-e469993617b0,12dbb85b-265f-44e6-bccf-f1faa17211fc,Hiccup's Wing Gliders,10,-0.021341119953888963,cell,82
c6b1b8cf-55ef-416c-b00d-e469993617b0,12dbb85b-265f-44e6-bccf-f1faa17211fc,Hiccup's Wing Gliders,11,0.4308009008978077,cell,84
c6b1b8cf-55ef-416c-b00d-e469993617b0,12dbb85b-265f-44e6-bccf-f1faa17211fc,Hiccup's Wing Gliders,12,0.4635200339112055,cell,78
c6b1b8cf-55ef-416c-b00d-e469993617b0,12dbb85b-265f-44e6-bccf-f1faa17211fc,Hiccup's Wing Gliders,13,0.4012512659931106,cell,74
c6b1b8cf-55ef-416c-b00d-e469993617b0,12dbb85b-265f-44e6-bccf-f1faa17211fc,Hiccup's Wing Gliders,14,0.261040787123875,cell,71
c6b1b8cf-55ef-416c-b00d-e469993617b0,12dbb85b-265f-44e6-bccf-f1faa17211fc,Hiccup's Wing Gliders,15,0.220228902315207,cell,70
c6b1b8cf-55ef-416c-b00d-e469993617b0,12dbb85b-265f-44e6-bccf-f1faa17211fc,Hiccup's Wing Gliders,16,0.17654304559847525,cell,65
c6b1b8cf-55ef-416c-b00d-e469993617b0,12dbb85b-265f-44e6-bccf-f1faa17211fc,Hiccup's Wing Gliders,17,0.12337430304591039,cell,69
c6b1b8cf-55ef-416c-b00d-e469993617b0,12dbb85b-265f-44e6-bccf-f1faa17211fc,Hiccup's Wing Gliders,18,0.0153566451152121,cell,73
c6b1b8cf-55ef-416c-b00d-e469993617b0,12dbb85b-265f-44e6-bccf-f1faa17211fc,Hiccup's Wing Gliders,19,-0.13415299050896123,cell,75
c6b1b8cf-55ef-416c-b00d-e469993617b0,12dbb85b-265f-44e6-bccf-f1faa17211fc,Hiccup's Wing Gliders,20,-0.2689227760946737,cell,59
c6b1b8cf-55ef-416c-b00d-e469993617b0,12dbb85b-265f-44e6-bccf-f1faa17211fc,Hiccup's Wing Gliders,21,-0.4033445349524545,attraction_hour,1
d56506e2-6ad3-443a-8065-fea37987248d,288747d1-8b4f-4a64-867e-ea7c9b27bad8,Alien Swirling Saucers,8,-1.6194450094792436,attraction_hour,2
d56506e2-6ad3-443a-8065-fea37987248d,288747d1-8b4f-4a64-867e-ea7c9b27bad8,Alien Swirling Saucers,9,-0.6672560808344038,cell,92
d56506e2-6ad3-443a-8065-fea37987248d,288747d1-8b4f-4a64-867e-ea7c9b27bad8,Alien Swirling Saucers,10,-0.10899681474914448,cell,92
d56506e2-6ad3-443a-8065-fea37987248d,288747d1-8b4f-4a64-867e-ea7c9b27bad8,Alien Swirling Saucers,11,0.07147809197294004,cell,92
d56506e2-6ad3-443a-8065-fea37987248d,288747d1-8b4f-4a64-867e-ea7c9b27bad8,Alien Swirling Saucers,12,0.10495828502894679,cell,92
d56506e2-6ad3-443a-8065-fea37987248d,288747d1-8b4f-4a64-867e-ea7c9b27bad8,Alien Swirling Saucers,13,0.004375927411181853,cell,92
d56506e2-6ad3-443a-8065-fea37987248d,288747d1-8b4f-4a64-867e-ea7c9b27bad8,Alien Swirling Saucers,14,-0.07294000673529866,cell,92
d56506e2-6ad3-443a-8065-fea37987248d,288747d1-8b4f-4a64-867e-ea7c9b27bad8,Alien Swirling Saucers,15,-0.2751659046264836,cell,92
d56506e2-6ad3-443a-8065-fea37987248d,288747d1-8b4f-4a64-867e-ea7c9b27bad8,Alien Swirling Saucers,16,-0.3888471331930364,cell,92
d56506e2-6ad3-443a-8065-fea37987248d,288747d1-8b4f-4a64-867e-ea7c9b27bad8,Alien Swirling Saucers,17,-0.3782988972781271,cell,92
d56506e2-6ad3-443a-8065-fea37987248d,288747d1-8b4f-4a64-867e-ea7c9b27bad8,Alien Swirling Saucers,18,-0.2552164473955194,cell,90
d56506e2-6ad3-443a-8065-fea37987248d,288747d1-8b4f-4a64-867e-ea7c9b27bad8,Alien Swirling Saucers,19,-0.30057388114763295,cell,91
d56506e2-6ad3-443a-8065-fea37987248d,288747d1-8b4f-4a64-867e-ea7c9b27bad8,Alien Swirling Saucers,20,-0.6696203542998229,cell,91
d56506e2-6ad3-443a-8065-fea37987248d,288747d1-8b4f-4a64-867e-ea7c9b27bad8,Alien Swirling Saucers,21,-1.1494513210233688,cell,39
d58d9262-ec95-4161-80a0-07ca43b2f5f3,1c84a229-8862-4648-9c71-378ddd2c7693,Kali River Rapids,8,0.39855473832677896,attraction,0
d58d9262-ec95-4161-80a0-07ca43b2f5f3,1c84a229-8862-4648-9c71-378ddd2c7693,Kali River Rapids,9,-0.7557249705089597,cell,83
d58d9262-ec95-4161-80a0-07ca43b2f5f3,1c84a229-8862-4648-9c71-378ddd2c7693,Kali River Rapids,10,-0.0010306924204366832,cell,87
d58d9262-ec95-4161-80a0-07ca43b2f5f3,1c84a229-8862-4648-9c71-378ddd2c7693,Kali River Rapids,11,0.6121868082498619,cell,86
d58d9262-ec95-4161-80a0-07ca43b2f5f3,1c84a229-8862-4648-9c71-378ddd2c7693,Kali River Rapids,12,0.8671182674710056,cell,80
d58d9262-ec95-4161-80a0-07ca43b2f5f3,1c84a229-8862-4648-9c71-378ddd2c7693,Kali River Rapids,13,0.9140935081039204,cell,80
d58d9262-ec95-4161-80a0-07ca43b2f5f3,1c84a229-8862-4648-9c71-378ddd2c7693,Kali River Rapids,14,0.8837862424769347,cell,75
d58d9262-ec95-4161-80a0-07ca43b2f5f3,1c84a229-8862-4648-9c71-378ddd2c7693,Kali River Rapids,15,0.7261743970907522,cell,70
d58d9262-ec95-4161-80a0-07ca43b2f5f3,1c84a229-8862-4648-9c71-378ddd2c7693,Kali River Rapids,16,0.48269165317488566,cell,67
d58d9262-ec95-4161-80a0-07ca43b2f5f3,1c84a229-8862-4648-9c71-378ddd2c7693,Kali River Rapids,17,0.26926944689120597,cell,73
d58d9262-ec95-4161-80a0-07ca43b2f5f3,1c84a229-8862-4648-9c71-378ddd2c7693,Kali River Rapids,18,-0.06923067675087634,cell,44
d58d9262-ec95-4161-80a0-07ca43b2f5f3,1c84a229-8862-4648-9c71-378ddd2c7693,Kali River Rapids,19,-0.3384059117081444,attraction_hour,2
d5dfc051-f951-40ac-8774-3e9961331ab9,1c84a229-8862-4648-9c71-378ddd2c7693,Bluey's Wild World at Conservation Station,8,0.06818050249389444,attraction,0
d5dfc051-f951-40ac-8774-3e9961331ab9,1c84a229-8862-4648-9c71-378ddd2c7693,Bluey's Wild World at Conservation Station,9,-0.40368985722461015,cell,13
d5dfc051-f951-40ac-8774-3e9961331ab9,1c84a229-8862-4648-9c71-378ddd2c7693,Bluey's Wild World at Conservation Station,10,-0.20989620568798062,cell,13
d5dfc051-f951-40ac-8774-3e9961331ab9,1c84a229-8862-4648-9c71-378ddd2c7693,Bluey's Wild World at Conservation Station,11,0.29680691142012827,cell,13
d5dfc051-f951-40ac-8774-3e9961331ab9,1c84a229-8862-4648-9c71-378ddd2c7693,Bluey's Wild World at Conservation Station,12,0.3881857986951457,attraction_hour,4
d5dfc051-f951-40ac-8774-3e9961331ab9,1c84a229-8862-4648-9c71-378ddd2c7693,Bluey's Wild World at Conservation Station,13,0.06818050249389444,attraction,0
d5dfc051-f951-40ac-8774-3e9961331ab9,1c84a229-8862-4648-9c71-378ddd2c7693,Bluey's Wild World at Conservation Station,14,0.2972185573338419,cell,13
d5dfc051-f951-40ac-8774-3e9961331ab9,1c84a229-8862-4648-9c71-378ddd2c7693,Bluey's Wild World at Conservation Station,15,0.2076607059716325,cell,13
d5dfc051-f951-40ac-8774-3e9961331ab9,1c84a229-8862-4648-9c71-378ddd2c7693,Bluey's Wild World at Conservation Station,16,0.1388215048667924,cell,10
d5dfc051-f951-40ac-8774-3e9961331ab9,1c84a229-8862-4648-9c71-378ddd2c7693,Bluey's Wild World at Conservation Station,17,0.06818050249389444,attraction,0
d5dfc051-f951-40ac-8774-3e9961331ab9,1c84a229-8862-4648-9c71-378ddd2c7693,Bluey's Wild World at Conservation Station,18,0.06818050249389444,attraction,0
d5dfc051-f951-40ac-8774-3e9961331ab9,1c84a229-8862-4648-9c71-378ddd2c7693,Bluey's Wild World at Conservation Station,19,0.06818050249389444,attraction,0
d9d12438-d999-4482-894b-8955fdb20ccf,75ea578a-adc8-4116-a54d-dccb60765ef9,Astro Orbiter,8,-0.9053388344258213,cell,18
d9d12438-d999-4482-894b-8955fdb20ccf,75ea578a-adc8-4116-a54d-dccb60765ef9,Astro Orbiter,9,-0.7134052171761349,cell,91
d9d12438-d999-4482-894b-8955fdb20ccf,75ea578a-adc8-4116-a54d-dccb60765ef9,Astro Orbiter,10,-0.3727674102802725,cell,90
d9d12438-d999-4482-894b-8955fdb20ccf,75ea578a-adc8-4116-a54d-dccb60765ef9,Astro Orbiter,11,-0.08632189367105113,cell,90
d9d12438-d999-4482-894b-8955fdb20ccf,75ea578a-adc8-4116-a54d-dccb60765ef9,Astro Orbiter,12,-0.028636958862666928,cell,88
d9d12438-d999-4482-894b-8955fdb20ccf,75ea578a-adc8-4116-a54d-dccb60765ef9,Astro Orbiter,13,-0.1651237112888613,cell,84
d9d12438-d999-4482-894b-8955fdb20ccf,75ea578a-adc8-4116-a54d-dccb60765ef9,Astro Orbiter,14,-0.2997465976692826,cell,81
d9d12438-d999-4482-894b-8955fdb20ccf,75ea578a-adc8-4116-a54d-dccb60765ef9,Astro Orbiter,15,-0.31070274236878964,cell,85
d9d12438-d999-4482-894b-8955fdb20ccf,75ea578a-adc8-4116-a54d-dccb60765ef9,Astro Orbiter,16,-0.22603578170141655,cell,76
d9d12438-d999-4482-894b-8955fdb20ccf,75ea578a-adc8-4116-a54d-dccb60765ef9,Astro Orbiter,17,-0.09465719960878696,cell,80
d9d12438-d999-4482-894b-8955fdb20ccf,75ea578a-adc8-4116-a54d-dccb60765ef9,Astro Orbiter,18,-0.01758949136405743,cell,64
d9d12438-d999-4482-894b-8955fdb20ccf,75ea578a-adc8-4116-a54d-dccb60765ef9,Astro Orbiter,19,0.09322821094634287,cell,64
d9d12438-d999-4482-894b-8955fdb20ccf,75ea578a-adc8-4116-a54d-dccb60765ef9,Astro Orbiter,20,0.07585561626392166,cell,68
d9d12438-d999-4482-894b-8955fdb20ccf,75ea578a-adc8-4116-a54d-dccb60765ef9,Astro Orbiter,21,-0.19792086382076554,cell,68
d9d12438-d999-4482-894b-8955fdb20ccf,75ea578a-adc8-4116-a54d-dccb60765ef9,Astro Orbiter,22,-0.5062079646680936,cell,54
d9d12438-d999-4482-894b-8955fdb20ccf,75ea578a-adc8-4116-a54d-dccb60765ef9,Astro Orbiter,23,-0.16519561937620608,attraction_hour,1
dae68dee-dfba-4128-b594-6aa12add1070,47f90d2c-e191-4239-a466-5892ef59a88b,"Journey of Water, Inspired by Moana",9,-3.0157661373369393,attraction,0
dae68dee-dfba-4128-b594-6aa12add1070,47f90d2c-e191-4239-a466-5892ef59a88b,"Journey of Water, Inspired by Moana",10,-3.0157661373369393,attraction,0
dae68dee-dfba-4128-b594-6aa12add1070,47f90d2c-e191-4239-a466-5892ef59a88b,"Journey of Water, Inspired by Moana",11,-3.0157661373369393,attraction,0
dae68dee-dfba-4128-b594-6aa12add1070,47f90d2c-e191-4239-a466-5892ef59a88b,"Journey of Water, Inspired by Moana",12,-3.0157661373369393,attraction,0
dae68dee-dfba-4128-b594-6aa12add1070,47f90d2c-e191-4239-a466-5892ef59a88b,"Journey of Water, Inspired by Moana",13,-3.0157661373369393,attraction,0
dae68dee-dfba-4128-b594-6aa12add1070,47f90d2c-e191-4239-a466-5892ef59a88b,"Journey of Water, Inspired by Moana",14,-3.0157661373369393,attraction,0
dae68dee-dfba-4128-b594-6aa12add1070,47f90d2c-e191-4239-a466-5892ef59a88b,"Journey of Water, Inspired by Moana",15,-2.8952693425250513,attraction_hour,1
dae68dee-dfba-4128-b594-6aa12add1070,47f90d2c-e191-4239-a466-5892ef59a88b,"Journey of Water, Inspired by Moana",16,-2.8952693425250513,attraction_hour,1
dae68dee-dfba-4128-b594-6aa12add1070,47f90d2c-e191-4239-a466-5892ef59a88b,"Journey of Water, Inspired by Moana",17,-3.018652858845671,attraction_hour,3
dae68dee-dfba-4128-b594-6aa12add1070,47f90d2c-e191-4239-a466-5892ef59a88b,"Journey of Water, Inspired by Moana",18,-3.1710078545710507,attraction_hour,1
dae68dee-dfba-4128-b594-6aa12add1070,47f90d2c-e191-4239-a466-5892ef59a88b,"Journey of Water, Inspired by Moana",19,-3.016419321234349,attraction_hour,4
dae68dee-dfba-4128-b594-6aa12add1070,47f90d2c-e191-4239-a466-5892ef59a88b,"Journey of Water, Inspired by Moana",20,-3.030661931791705,cell,5
dbc4f0d8-fdef-4dfc-a1c2-33917f742f40,12dbb85b-265f-44e6-bccf-f1faa17211fc,Harry Potter and the Battle at the Ministry™,9,0.8014778919800176,cell,25
dbc4f0d8-fdef-4dfc-a1c2-33917f742f40,12dbb85b-265f-44e6-bccf-f1faa17211fc,Harry Potter and the Battle at the Ministry™,10,1.00636995270617,cell,83
dbc4f0d8-fdef-4dfc-a1c2-33917f742f40,12dbb85b-265f-44e6-bccf-f1faa17211fc,Harry Potter and the Battle at the Ministry™,11,0.9964981405802046,cell,85
dbc4f0d8-fdef-4dfc-a1c2-33917f742f40,12dbb85b-265f-44e6-bccf-f1faa17211fc,Harry Potter and the Battle at the Ministry™,12,1.0298036655765939,cell,86
dbc4f0d8-fdef-4dfc-a1c2-33917f742f40,12dbb85b-265f-44e6-bccf-f1faa17211fc,Harry Potter and the Battle at the Ministry™,13,1.1699667239584342,cell,83
dbc4f0d8-fdef-4dfc-a1c2-33917f742f40,12dbb85b-265f-44e6-bccf-f1faa17211fc,Harry Potter and the Battle at the Ministry™,14,1.2627064718645065,cell,84
dbc4f0d8-fdef-4dfc-a1c2-33917f742f40,12dbb85b-265f-44e6-bccf-f1faa17211fc,Harry Potter and the Battle at the Ministry™,15,1.2705991362088889,cell,87
dbc4f0d8-fdef-4dfc-a1c2-33917f742f40,12dbb85b-265f-44e6-bccf-f1faa17211fc,Harry Potter and the Battle at the Ministry™,16,1.2695711646200738,cell,91
dbc4f0d8-fdef-4dfc-a1c2-33917f742f40,12dbb85b-265f-44e6-bccf-f1faa17211fc,Harry Potter and the Battle at the Ministry™,17,1.1380914683858987,cell,86
dbc4f0d8-fdef-4dfc-a1c2-33917f742f40,12dbb85b-265f-44e6-bccf-f1faa17211fc,Harry Potter and the Battle at the Ministry™,18,0.989606260636391,cell,91
dbc4f0d8-fdef-4dfc-a1c2-33917f742f40,12dbb85b-265f-44e6-bccf-f1faa17211fc,Harry Potter and the Battle at the Ministry™,19,0.7434091915906825,cell,88
dbc4f0d8-fdef-4dfc-a1c2-33917f742f40,12dbb85b-265f-44e6-bccf-f1faa17211fc,Harry Potter and the Battle at the Ministry™,20,0.2956416823876203,cell,64
dbc4f0d8-fdef-4dfc-a1c2-33917f742f40,12dbb85b-265f-44e6-bccf-f1faa17211fc,Harry Potter and the Battle at the Ministry™,21,0.03233435175220656,attraction_hour,1
dd8c015d-511f-47d4-b98b-18ce15735588,12dbb85b-265f-44e6-bccf-f1faa17211fc,Mine-Cart Madness™,9,0.9850159250766755,cell,22
dd8c015d-511f-47d4-b98b-18ce15735588,12dbb85b-265f-44e6-bccf-f1faa17211fc,Mine-Cart Madness™,10,1.1402487566822743,cell,81
dd8c015d-511f-47d4-b98b-18ce15735588,12dbb85b-265f-44e6-bccf-f1faa17211fc,Mine-Cart Madness™,11,1.3461535352924323,cell,86
dd8c015d-511f-47d4-b98b-18ce15735588,12dbb85b-265f-44e6-bccf-f1faa17211fc,Mine-Cart Madness™,12,1.4104420850508799,cell,81
dd8c015d-511f-47d4-b98b-18ce15735588,12dbb85b-265f-44e6-bccf-f1faa17211fc,Mine-Cart Madness™,13,1.3532034494375271,cell,79
dd8c015d-511f-47d4-b98b-18ce15735588,12dbb85b-265f-44e6-bccf-f1faa17211fc,Mine-Cart Madness™,14,1.2731160080042991,cell,71
dd8c015d-511f-47d4-b98b-18ce15735588,12dbb85b-265f-44e6-bccf-f1faa17211fc,Mine-Cart Madness™,15,1.2235905660527508,cell,71
dd8c015d-511f-47d4-b98b-18ce15735588,12dbb85b-265f-44e6-bccf-f1faa17211fc,Mine-Cart Madness™,16,1.1996146098666245,cell,61
dd8c015d-511f-47d4-b98b-18ce15735588,12dbb85b-265f-44e6-bccf-f1faa17211fc,Mine-Cart Madness™,17,1.181187891410931,cell,65
dd8c015d-511f-47d4-b98b-18ce15735588,12dbb85b-265f-44e6-bccf-f1faa17211fc,Mine-Cart Madness™,18,1.076493108817161,cell,67
dd8c015d-511f-47d4-b98b-18ce15735588,12dbb85b-265f-44e6-bccf-f1faa17211fc,Mine-Cart Madness™,19,0.9705400267255262,cell,71
dd8c015d-511f-47d4-b98b-18ce15735588,12dbb85b-265f-44e6-bccf-f1faa17211fc,Mine-Cart Madness™,20,0.8804865308678289,cell,52
dd8c015d-511f-47d4-b98b-18ce15735588,12dbb85b-265f-44e6-bccf-f1faa17211fc,Mine-Cart Madness™,21,1.1957709241236687,attraction,0
de3309ca-97d5-4211-bffe-739fed47e92f,75ea578a-adc8-4116-a54d-dccb60765ef9,Big Thunder Mountain Railroad,8,-0.31941765758139656,cell,16
de3309ca-97d5-4211-bffe-739fed47e92f,75ea578a-adc8-4116-a54d-dccb60765ef9,Big Thunder Mountain Railroad,9,0.16822529462903513,cell,83
de3309ca-97d5-4211-bffe-739fed47e92f,75ea578a-adc8-4116-a54d-dccb60765ef9,Big Thunder Mountain Railroad,10,0.5017375303014808,cell,83
de3309ca-97d5-4211-bffe-739fed47e92f,75ea578a-adc8-4116-a54d-dccb60765ef9,Big Thunder Mountain Railroad,11,0.6656834871726127,cell,89
de3309ca-97d5-4211-bffe-739fed47e92f,75ea578a-adc8-4116-a54d-dccb60765ef9,Big Thunder Mountain Railroad,12,0.7452607512674033,cell,87
de3309ca-97d5-4211-bffe-739fed47e92f,75ea578a-adc8-4116-a54d-dccb60765ef9,Big Thunder Mountain Railroad,13,0.7555071200976641,cell,80
de3309ca-97d5-4211-bffe-739fed47e92f,75ea578a-adc8-4116-a54d-dccb60765ef9,Big Thunder Mountain Railroad,14,0.7003989093080827,cell,79
de3309ca-97d5-4211-bffe-739fed47e92f,75ea578a-adc8-4116-a54d-dccb60765ef9,Big Thunder Mountain Railroad,15,0.6576128178759966,cell,80
de3309ca-97d5-4211-bffe-739fed47e92f,75ea578a-adc8-4116-a54d-dccb60765ef9,Big Thunder Mountain Railroad,16,0.6411524724471749,cell,74
de3309ca-97d5-4211-bffe-739fed47e92f,75ea578a-adc8-4116-a54d-dccb60765ef9,Big Thunder Mountain Railroad,17,0.7012488952992162,cell,78
de3309ca-97d5-4211-bffe-739fed47e92f,75ea578a-adc8-4116-a54d-dccb60765ef9,Big Thunder Mountain Railroad,18,0.7457512428290249,cell,60
de3309ca-97d5-4211-bffe-739fed47e92f,75ea578a-adc8-4116-a54d-dccb60765ef9,Big Thunder Mountain Railroad,19,0.7842022240147639,cell,59
de3309ca-97d5-4211-bffe-739fed47e92f,75ea578a-adc8-4116-a54d-dccb60765ef9,Big Thunder Mountain Railroad,20,0.7373664448261865,cell,64
de3309ca-97d5-4211-bffe-739fed47e92f,75ea578a-adc8-4116-a54d-dccb60765ef9,Big Thunder Mountain Railroad,21,0.4384958959247165,cell,65
de3309ca-97d5-4211-bffe-739fed47e92f,75ea578a-adc8-4116-a54d-dccb60765ef9,Big Thunder Mountain Railroad,22,0.156832783947974,cell,53
de3309ca-97d5-4211-bffe-739fed47e92f,75ea578a-adc8-4116-a54d-dccb60765ef9,Big Thunder Mountain Railroad,23,0.2992678294939144,attraction_hour,1
e3549451-b284-453d-9c31-e3b1207abd79,47f90d2c-e191-4239-a466-5892ef59a88b,Guardians of the Galaxy: Cosmic Rewind,9,1.3276903108120284,cell,87
e3549451-b284-453d-9c31-e3b1207abd79,47f90d2c-e191-4239-a466-5892ef59a88b,Guardians of the Galaxy: Cosmic Rewind,10,1.2251922967218636,cell,89
e3549451-b284-453d-9c31-e3b1207abd79,47f90d2c-e191-4239-a466-5892ef59a88b,Guardians of the Galaxy: Cosmic Rewind,11,1.2922246409706202,cell,90
e3549451-b284-453d-9c31-e3b1207abd79,47f90d2c-e191-4239-a466-5892ef59a88b,Guardians of the Galaxy: Cosmic Rewind,12,1.2873907731110477,cell,91
e3549451-b284-453d-9c31-e3b1207abd79,47f90d2c-e191-4239-a466-5892ef59a88b,Guardians of the Galaxy: Cosmic Rewind,13,1.2489400216412898,cell,91
e3549451-b284-453d-9c31-e3b1207abd79,47f90d2c-e191-4239-a466-5892ef59a88b,Guardians of the Galaxy: Cosmic Rewind,14,1.2706533709242311,cell,91
e3549451-b284-453d-9c31-e3b1207abd79,47f90d2c-e191-4239-a466-5892ef59a88b,Guardians of the Galaxy: Cosmic Rewind,15,1.2929439938876892,cell,89
e3549451-b284-453d-9c31-e3b1207abd79,47f90d2c-e191-4239-a466-5892ef59a88b,Guardians of the Galaxy: Cosmic Rewind,16,1.3294251353125177,cell,90
e3549451-b284-453d-9c31-e3b1207abd79,47f90d2c-e191-4239-a466-5892ef59a88b,Guardians of the Galaxy: Cosmic Rewind,17,1.3600864375899577,cell,89
e3549451-b284-453d-9c31-e3b1207abd79,47f90d2c-e191-4239-a466-5892ef59a88b,Guardians of the Galaxy: Cosmic Rewind,18,1.408963940020945,cell,90
e3549451-b284-453d-9c31-e3b1207abd79,47f90d2c-e191-4239-a466-5892ef59a88b,Guardians of the Galaxy: Cosmic Rewind,19,1.4790531234429498,cell,91
e3549451-b284-453d-9c31-e3b1207abd79,47f90d2c-e191-4239-a466-5892ef59a88b,Guardians of the Galaxy: Cosmic Rewind,20,1.4401387252459368,cell,90
e39b831b-7731-49bb-815b-289b4f49a9fd,75ea578a-adc8-4116-a54d-dccb60765ef9,"Walt Disney World Railroad - Main Street, U.S.A.",8,0.09040138342742508,attraction,0
e39b831b-7731-49bb-815b-289b4f49a9fd,75ea578a-adc8-4116-a54d-dccb60765ef9,"Walt Disney World Railroad - Main Street, U.S.A.",9,0.0779834525174033,cell,61
e39b831b-7731-49bb-815b-289b4f49a9fd,75ea578a-adc8-4116-a54d-dccb60765ef9,"Walt Disney World Railroad - Main Street, U.S.A.",10,0.10709826652342064,cell,72
e39b831b-7731-49bb-815b-289b4f49a9fd,75ea578a-adc8-4116-a54d-dccb60765ef9,"Walt Disney World Railroad - Main Street, U.S.A.",11,0.11379600684556565,cell,76
e39b831b-7731-49bb-815b-289b4f49a9fd,75ea578a-adc8-4116-a54d-dccb60765ef9,"Walt Disney World Railroad - Main Street, U.S.A.",12,0.12167797826273857,cell,77
e39b831b-7731-49bb-815b-289b4f49a9fd,75ea578a-adc8-4116-a54d-dccb60765ef9,"Walt Disney World Railroad - Main Street, U.S.A.",13,0.13536465389374908,cell,72
e39b831b-7731-49bb-815b-289b4f49a9fd,75ea578a-adc8-4116-a54d-dccb60765ef9,"Walt Disney World Railroad - Main Street, U.S.A.",14,0.11467248342023258,cell,71
e39b831b-7731-49bb-815b-289b4f49a9fd,75ea578a-adc8-4116-a54d-dccb60765ef9,"Walt Disney World Railroad - Main Street, U.S.A.",15,0.1185536926221751,cell,73
e39b831b-7731-49bb-815b-289b4f49a9fd,75ea578a-adc8-4116-a54d-dccb60765ef9,"Walt Disney World Railroad - Main Street, U.S.A.",16,0.11490743885115322,cell,66
e39b831b-7731-49bb-815b-289b4f49a9fd,75ea578a-adc8-4116-a54d-dccb60765ef9,"Walt Disney World Railroad - Main Street, U.S.A.",17,0.04312123947597311,cell,53
e39b831b-7731-49bb-815b-289b4f49a9fd,75ea578a-adc8-4116-a54d-dccb60765ef9,"Walt Disney World Railroad - Main Street, U.S.A.",18,0.047097514059787106,cell,60
e39b831b-7731-49bb-815b-289b4f49a9fd,75ea578a-adc8-4116-a54d-dccb60765ef9,"Walt Disney World Railroad - Main Street, U.S.A.",19,0.04691428455745112,cell,58
e39b831b-7731-49bb-815b-289b4f49a9fd,75ea578a-adc8-4116-a54d-dccb60765ef9,"Walt Disney World Railroad - Main Street, U.S.A.",20,-0.02705197606844816,cell,48
e39b831b-7731-49bb-815b-289b4f49a9fd,75ea578a-adc8-4116-a54d-dccb60765ef9,"Walt Disney World Railroad - Main Street, U.S.A.",21,0.09040138342742508,attraction,0
e39b831b-7731-49bb-815b-289b4f49a9fd,75ea578a-adc8-4116-a54d-dccb60765ef9,"Walt Disney World Railroad - Main Street, U.S.A.",22,0.09040138342742508,attraction,0
e39b831b-7731-49bb-815b-289b4f49a9fd,75ea578a-adc8-4116-a54d-dccb60765ef9,"Walt Disney World Railroad - Main Street, U.S.A.",23,0.09040138342742508,attraction,0
e40ac396-cbac-43f4-8752-764ed60ccceb,75ea578a-adc8-4116-a54d-dccb60765ef9,Walt Disney World Railroad - Fantasyland,8,0.09149102619290118,attraction,0
e40ac396-cbac-43f4-8752-764ed60ccceb,75ea578a-adc8-4116-a54d-dccb60765ef9,Walt Disney World Railroad - Fantasyland,9,0.06944474366688229,cell,62
e40ac396-cbac-43f4-8752-764ed60ccceb,75ea578a-adc8-4116-a54d-dccb60765ef9,Walt Disney World Railroad - Fantasyland,10,0.09944737936262174,cell,73
e40ac396-cbac-43f4-8752-764ed60ccceb,75ea578a-adc8-4116-a54d-dccb60765ef9,Walt Disney World Railroad - Fantasyland,11,0.10645558472789729,cell,77
e40ac396-cbac-43f4-8752-764ed60ccceb,75ea578a-adc8-4116-a54d-dccb60765ef9,Walt Disney World Railroad - Fantasyland,12,0.11724033017186732,cell,78
e40ac396-cbac-43f4-8752-764ed60ccceb,75ea578a-adc8-4116-a54d-dccb60765ef9,Walt Disney World Railroad - Fantasyland,13,0.13184590886584943,cell,72
e40ac396-cbac-43f4-8752-764ed60ccceb,75ea578a-adc8-4116-a54d-dccb60765ef9,Walt Disney World Railroad - Fantasyland,14,0.11112790795256869,cell,71
e40ac396-cbac-43f4-8752-764ed60ccceb,75ea578a-adc8-4116-a54d-dccb60765ef9,Walt Disney World Railroad - Fantasyland,15,0.1191410465529384,cell,73
e40ac396-cbac-43f4-8752-764ed60ccceb,75ea578a-adc8-4116-a54d-dccb60765ef9,Walt Disney World Railroad - Fantasyland,16,0.11596994295745915,cell,66
e40ac396-cbac-43f4-8752-764ed60ccceb,75ea578a-adc8-4116-a54d-dccb60765ef9,Walt Disney World Railroad - Fantasyland,17,0.03957709127512095,cell,54
e40ac396-cbac-43f4-8752-764ed60ccceb,75ea578a-adc8-4116-a54d-dccb60765ef9,Walt Disney World Railroad - Fantasyland,18,0.053588593505815824,cell,60
e40ac396-cbac-43f4-8752-764ed60ccceb,75ea578a-adc8-4116-a54d-dccb60765ef9,Walt Disney World Railroad - Fantasyland,19,0.04691428455745112,cell,58
e40ac396-cbac-43f4-8752-764ed60ccceb,75ea578a-adc8-4116-a54d-dccb60765ef9,Walt Disney World Railroad - Fantasyland,20,0.036375574717456484,cell,48
e40ac396-cbac-43f4-8752-764ed60ccceb,75ea578a-adc8-4116-a54d-dccb60765ef9,Walt Disney World Railroad - Fantasyland,21,0.09149102619290118,attraction,0
e40ac396-cbac-43f4-8752-764ed60ccceb,75ea578a-adc8-4116-a54d-dccb60765ef9,Walt Disney World Railroad - Fantasyland,22,0.09149102619290118,attraction,0
e40ac396-cbac-43f4-8752-764ed60ccceb,75ea578a-adc8-4116-a54d-dccb60765ef9,Walt Disney World Railroad - Fantasyland,23,0.09149102619290118,attraction,0
e516f303-e82d-4fd3-8fbf-8e6ab624cf89,288747d1-8b4f-4a64-867e-ea7c9b27bad8,Rock ’n’ Roller Coaster Starring The Muppets,8,-0.38295445838015985,attraction_hour,1
e516f303-e82d-4fd3-8fbf-8e6ab624cf89,288747d1-8b4f-4a64-867e-ea7c9b27bad8,Rock ’n’ Roller Coaster Starring The Muppets,9,0.3279797558431994,cell,84
e516f303-e82d-4fd3-8fbf-8e6ab624cf89,288747d1-8b4f-4a64-867e-ea7c9b27bad8,Rock ’n’ Roller Coaster Starring The Muppets,10,0.5210868803740337,cell,86
e516f303-e82d-4fd3-8fbf-8e6ab624cf89,288747d1-8b4f-4a64-867e-ea7c9b27bad8,Rock ’n’ Roller Coaster Starring The Muppets,11,0.6785680159937569,cell,88
e516f303-e82d-4fd3-8fbf-8e6ab624cf89,288747d1-8b4f-4a64-867e-ea7c9b27bad8,Rock ’n’ Roller Coaster Starring The Muppets,12,0.6865989751582408,cell,89
e516f303-e82d-4fd3-8fbf-8e6ab624cf89,288747d1-8b4f-4a64-867e-ea7c9b27bad8,Rock ’n’ Roller Coaster Starring The Muppets,13,0.6190299812544522,cell,91
e516f303-e82d-4fd3-8fbf-8e6ab624cf89,288747d1-8b4f-4a64-867e-ea7c9b27bad8,Rock ’n’ Roller Coaster Starring The Muppets,14,0.6404287153783342,cell,89
e516f303-e82d-4fd3-8fbf-8e6ab624cf89,288747d1-8b4f-4a64-867e-ea7c9b27bad8,Rock ’n’ Roller Coaster Starring The Muppets,15,0.6207182780903664,cell,87
e516f303-e82d-4fd3-8fbf-8e6ab624cf89,288747d1-8b4f-4a64-867e-ea7c9b27bad8,Rock ’n’ Roller Coaster Starring The Muppets,16,0.6714692138611821,cell,83
e516f303-e82d-4fd3-8fbf-8e6ab624cf89,288747d1-8b4f-4a64-867e-ea7c9b27bad8,Rock ’n’ Roller Coaster Starring The Muppets,17,0.6952611465590084,cell,85
e516f303-e82d-4fd3-8fbf-8e6ab624cf89,288747d1-8b4f-4a64-867e-ea7c9b27bad8,Rock ’n’ Roller Coaster Starring The Muppets,18,0.7407166472467291,cell,90
e516f303-e82d-4fd3-8fbf-8e6ab624cf89,288747d1-8b4f-4a64-867e-ea7c9b27bad8,Rock ’n’ Roller Coaster Starring The Muppets,19,0.708151468246277,cell,84
e516f303-e82d-4fd3-8fbf-8e6ab624cf89,288747d1-8b4f-4a64-867e-ea7c9b27bad8,Rock ’n’ Roller Coaster Starring The Muppets,20,0.5575709602608643,cell,87
e516f303-e82d-4fd3-8fbf-8e6ab624cf89,288747d1-8b4f-4a64-867e-ea7c9b27bad8,Rock ’n’ Roller Coaster Starring The Muppets,21,0.5279042237585023,cell,35
e76c93df-31af-49a5-8e2f-752c76c937c9,75ea578a-adc8-4116-a54d-dccb60765ef9,Enchanted Tales with Belle,8,-0.09184755736179509,attraction,0
e76c93df-31af-49a5-8e2f-752c76c937c9,75ea578a-adc8-4116-a54d-dccb60765ef9,Enchanted Tales with Belle,9,-0.09184755736179509,attraction,0
e76c93df-31af-49a5-8e2f-752c76c937c9,75ea578a-adc8-4116-a54d-dccb60765ef9,Enchanted Tales with Belle,10,-0.05316652382760358,cell,20
e76c93df-31af-49a5-8e2f-752c76c937c9,75ea578a-adc8-4116-a54d-dccb60765ef9,Enchanted Tales with Belle,11,-0.15148724877765596,cell,92
e76c93df-31af-49a5-8e2f-752c76c937c9,75ea578a-adc8-4116-a54d-dccb60765ef9,Enchanted Tales with Belle,12,-0.07815643418383465,cell,92
e76c93df-31af-49a5-8e2f-752c76c937c9,75ea578a-adc8-4116-a54d-dccb60765ef9,Enchanted Tales with Belle,13,-0.08946615995315094,cell,92
e76c93df-31af-49a5-8e2f-752c76c937c9,75ea578a-adc8-4116-a54d-dccb60765ef9,Enchanted Tales with Belle,14,-0.10178184670162979,cell,92
e76c93df-31af-49a5-8e2f-752c76c937c9,75ea578a-adc8-4116-a54d-dccb60765ef9,Enchanted Tales with Belle,15,-0.10203902497623896,cell,92
e76c93df-31af-49a5-8e2f-752c76c937c9,75ea578a-adc8-4116-a54d-dccb60765ef9,Enchanted Tales with Belle,16,-0.11463553761936643,cell,90
e76c93df-31af-49a5-8e2f-752c76c937c9,75ea578a-adc8-4116-a54d-dccb60765ef9,Enchanted Tales with Belle,17,-0.07934234176650923,cell,91
e76c93df-31af-49a5-8e2f-752c76c937c9,75ea578a-adc8-4116-a54d-dccb60765ef9,Enchanted Tales with Belle,18,-0.055407502346332,cell,71
e76c93df-31af-49a5-8e2f-752c76c937c9,75ea578a-adc8-4116-a54d-dccb60765ef9,Enchanted Tales with Belle,19,-0.04310715188588227,cell,70
e76c93df-31af-49a5-8e2f-752c76c937c9,75ea578a-adc8-4116-a54d-dccb60765ef9,Enchanted Tales with Belle,20,-0.09184755736179509,attraction,0
e76c93df-31af-49a5-8e2f-752c76c937c9,75ea578a-adc8-4116-a54d-dccb60765ef9,Enchanted Tales with Belle,21,-0.09184755736179509,attraction,0
e76c93df-31af-49a5-8e2f-752c76c937c9,75ea578a-adc8-4116-a54d-dccb60765ef9,Enchanted Tales with Belle,22,-0.09184755736179509,attraction,0
e76c93df-31af-49a5-8e2f-752c76c937c9,75ea578a-adc8-4116-a54d-dccb60765ef9,Enchanted Tales with Belle,23,-0.09184755736179509,attraction,0
e7976e25-4322-4587-8ded-fb1d9dcbb83c,1c84a229-8862-4648-9c71-378ddd2c7693,Gorilla Falls Exploration Trail,8,-1.007867201768621,cell,74
e7976e25-4322-4587-8ded-fb1d9dcbb83c,1c84a229-8862-4648-9c71-378ddd2c7693,Gorilla Falls Exploration Trail,9,-1.0109457126316197,cell,78
e7976e25-4322-4587-8ded-fb1d9dcbb83c,1c84a229-8862-4648-9c71-378ddd2c7693,Gorilla Falls Exploration Trail,10,-1.0109457126316197,cell,78
e7976e25-4322-4587-8ded-fb1d9dcbb83c,1c84a229-8862-4648-9c71-378ddd2c7693,Gorilla Falls Exploration Trail,11,-1.0104699362845153,cell,78
e7976e25-4322-4587-8ded-fb1d9dcbb83c,1c84a229-8862-4648-9c71-378ddd2c7693,Gorilla Falls Exploration Trail,12,-1.0082033838639874,cell,77
e7976e25-4322-4587-8ded-fb1d9dcbb83c,1c84a229-8862-4648-9c71-378ddd2c7693,Gorilla Falls Exploration Trail,13,-1.0075269598157168,cell,74
e7976e25-4322-4587-8ded-fb1d9dcbb83c,1c84a229-8862-4648-9c71-378ddd2c7693,Gorilla Falls Exploration Trail,14,-1.0060477234628837,cell,70
e7976e25-4322-4587-8ded-fb1d9dcbb83c,1c84a229-8862-4648-9c71-378ddd2c7693,Gorilla Falls Exploration Trail,15,-1.0214088729596187,cell,75
e7976e25-4322-4587-8ded-fb1d9dcbb83c,1c84a229-8862-4648-9c71-378ddd2c7693,Gorilla Falls Exploration Trail,16,-1.0081409011953824,cell,69
e7976e25-4322-4587-8ded-fb1d9dcbb83c,1c84a229-8862-4648-9c71-378ddd2c7693,Gorilla Falls Exploration Trail,17,-1.0058111050540006,cell,75
e7976e25-4322-4587-8ded-fb1d9dcbb83c,1c84a229-8862-4648-9c71-378ddd2c7693,Gorilla Falls Exploration Trail,18,-1.0759598074891388,cell,44
e7976e25-4322-4587-8ded-fb1d9dcbb83c,1c84a229-8862-4648-9c71-378ddd2c7693,Gorilla Falls Exploration Trail,19,-1.013464403309242,attraction,0
e8f0b426-7645-4ea3-8b41-b94ae7091a41,75ea578a-adc8-4116-a54d-dccb60765ef9,"Monsters, Inc. Laugh Floor",8,-0.3976833978683343,attraction,0
e8f0b426-7645-4ea3-8b41-b94ae7091a41,75ea578a-adc8-4116-a54d-dccb60765ef9,"Monsters, Inc. Laugh Floor",9,-0.41485046117462376,cell,80
e8f0b426-7645-4ea3-8b41-b94ae7091a41,75ea578a-adc8-4116-a54d-dccb60765ef9,"Monsters, Inc. Laugh Floor",10,-0.3986433791642011,cell,90
e8f0b426-7645-4ea3-8b41-b94ae7091a41,75ea578a-adc8-4116-a54d-dccb60765ef9,"Monsters, Inc. Laugh Floor",11,-0.38645764981458736,cell,92
e8f0b426-7645-4ea3-8b41-b94ae7091a41,75ea578a-adc8-4116-a54d-dccb60765ef9,"Monsters, Inc. Laugh Floor",12,-0.38616059264138014,cell,92
e8f0b426-7645-4ea3-8b41-b94ae7091a41,75ea578a-adc8-4116-a54d-dccb60765ef9,"Monsters, Inc. Laugh Floor",13,-0.3811029862132153,cell,92
e8f0b426-7645-4ea3-8b41-b94ae7091a41,75ea578a-adc8-4116-a54d-dccb60765ef9,"Monsters, Inc. Laugh Floor",14,-0.37745606109810326,cell,92
e8f0b426-7645-4ea3-8b41-b94ae7091a41,75ea578a-adc8-4116-a54d-dccb60765ef9,"Monsters, Inc. Laugh Floor",15,-0.37273852934021096,cell,91
e8f0b426-7645-4ea3-8b41-b94ae7091a41,75ea578a-adc8-4116-a54d-dccb60765ef9,"Monsters, Inc. Laugh Floor",16,-0.37034813967809593,cell,90
e8f0b426-7645-4ea3-8b41-b94ae7091a41,75ea578a-adc8-4116-a54d-dccb60765ef9,"Monsters, Inc. Laugh Floor",17,-0.3738228719627051,cell,92
e8f0b426-7645-4ea3-8b41-b94ae7091a41,75ea578a-adc8-4116-a54d-dccb60765ef9,"Monsters, Inc. Laugh Floor",18,-0.4405403561220232,cell,70
e8f0b426-7645-4ea3-8b41-b94ae7091a41,75ea578a-adc8-4116-a54d-dccb60765ef9,"Monsters, Inc. Laugh Floor",19,-0.42840038431780064,cell,71
e8f0b426-7645-4ea3-8b41-b94ae7091a41,75ea578a-adc8-4116-a54d-dccb60765ef9,"Monsters, Inc. Laugh Floor",20,-0.4249083413751716,cell,71
e8f0b426-7645-4ea3-8b41-b94ae7091a41,75ea578a-adc8-4116-a54d-dccb60765ef9,"Monsters, Inc. Laugh Floor",21,-0.45465855435366315,cell,59
e8f0b426-7645-4ea3-8b41-b94ae7091a41,75ea578a-adc8-4116-a54d-dccb60765ef9,"Monsters, Inc. Laugh Floor",22,-0.45635123474756734,cell,8
e8f0b426-7645-4ea3-8b41-b94ae7091a41,75ea578a-adc8-4116-a54d-dccb60765ef9,"Monsters, Inc. Laugh Floor",23,-0.3976833978683343,attraction,0
eaca831d-bcbb-4a1e-9bf0-6ea97ccc88e0,12dbb85b-265f-44e6-bccf-f1faa17211fc,Curse of the Werewolf,9,-0.8443616166606309,cell,28
eaca831d-bcbb-4a1e-9bf0-6ea97ccc88e0,12dbb85b-265f-44e6-bccf-f1faa17211fc,Curse of the Werewolf,10,-0.407207486493942,cell,88
eaca831d-bcbb-4a1e-9bf0-6ea97ccc88e0,12dbb85b-265f-44e6-bccf-f1faa17211fc,Curse of the Werewolf,11,0.3097714326077762,cell,90
eaca831d-bcbb-4a1e-9bf0-6ea97ccc88e0,12dbb85b-265f-44e6-bccf-f1faa17211fc,Curse of the Werewolf,12,0.5405043341201592,cell,88
eaca831d-bcbb-4a1e-9bf0-6ea97ccc88e0,12dbb85b-265f-44e6-bccf-f1faa17211fc,Curse of the Werewolf,13,0.6277344607709999,cell,82
eaca831d-bcbb-4a1e-9bf0-6ea97ccc88e0,12dbb85b-265f-44e6-bccf-f1faa17211fc,Curse of the Werewolf,14,0.634229209345354,cell,79
eaca831d-bcbb-4a1e-9bf0-6ea97ccc88e0,12dbb85b-265f-44e6-bccf-f1faa17211fc,Curse of the Werewolf,15,0.5863343525136712,cell,76
eaca831d-bcbb-4a1e-9bf0-6ea97ccc88e0,12dbb85b-265f-44e6-bccf-f1faa17211fc,Curse of the Werewolf,16,0.5334365713976918,cell,70
eaca831d-bcbb-4a1e-9bf0-6ea97ccc88e0,12dbb85b-265f-44e6-bccf-f1faa17211fc,Curse of the Werewolf,17,0.46531189845492726,cell,73
eaca831d-bcbb-4a1e-9bf0-6ea97ccc88e0,12dbb85b-265f-44e6-bccf-f1faa17211fc,Curse of the Werewolf,18,0.4048144996040982,cell,77
eaca831d-bcbb-4a1e-9bf0-6ea97ccc88e0,12dbb85b-265f-44e6-bccf-f1faa17211fc,Curse of the Werewolf,19,0.23355618021171404,cell,79
eaca831d-bcbb-4a1e-9bf0-6ea97ccc88e0,12dbb85b-265f-44e6-bccf-f1faa17211fc,Curse of the Werewolf,20,0.034668617149937735,cell,61
eaca831d-bcbb-4a1e-9bf0-6ea97ccc88e0,12dbb85b-265f-44e6-bccf-f1faa17211fc,Curse of the Werewolf,21,0.30502363961784607,attraction_hour,1
ec25d9a7-b4d4-4ebf-a6c4-c18389351764,eb3f4560-2383-4a36-9152-6b3e5ed6bc57,Revenge of the Mummy,8,-0.24317315193708866,attraction_hour,4
ec25d9a7-b4d4-4ebf-a6c4-c18389351764,eb3f4560-2383-4a36-9152-6b3e5ed6bc57,Revenge of the Mummy,9,-0.10446734071256027,cell,26
ec25d9a7-b4d4-4ebf-a6c4-c18389351764,eb3f4560-2383-4a36-9152-6b3e5ed6bc57,Revenge of the Mummy,10,0.0898657737712611,cell,90
ec25d9a7-b4d4-4ebf-a6c4-c18389351764,eb3f4560-2383-4a36-9152-6b3e5ed6bc57,Revenge of the Mummy,11,0.5032214261260645,cell,92
ec25d9a7-b4d4-4ebf-a6c4-c18389351764,eb3f4560-2383-4a36-9152-6b3e5ed6bc57,Revenge of the Mummy,12,0.5603083978528822,cell,90
ec25d9a7-b4d4-4ebf-a6c4-c18389351764,eb3f4560-2383-4a36-9152-6b3e5ed6bc57,Revenge of the Mummy,13,0.5528097878374896,cell,92
ec25d9a7-b4d4-4ebf-a6c4-c18389351764,eb3f4560-2383-4a36-9152-6b3e5ed6bc57,Revenge of the Mummy,14,0.5439246000154925,cell,92
ec25d9a7-b4d4-4ebf-a6c4-c18389351764,eb3f4560-2383-4a36-9152-6b3e5ed6bc57,Revenge of the Mummy,15,0.5390724190570331,cell,92
ec25d9a7-b4d4-4ebf-a6c4-c18389351764,eb3f4560-2383-4a36-9152-6b3e5ed6bc57,Revenge of the Mummy,16,0.5456713218568432,cell,92
ec25d9a7-b4d4-4ebf-a6c4-c18389351764,eb3f4560-2383-4a36-9152-6b3e5ed6bc57,Revenge of the Mummy,17,0.5157427737664106,cell,69
ec25d9a7-b4d4-4ebf-a6c4-c18389351764,eb3f4560-2383-4a36-9152-6b3e5ed6bc57,Revenge of the Mummy,18,0.4520716365795427,cell,63
ec25d9a7-b4d4-4ebf-a6c4-c18389351764,eb3f4560-2383-4a36-9152-6b3e5ed6bc57,Revenge of the Mummy,19,0.3739202656185488,cell,54
ec25d9a7-b4d4-4ebf-a6c4-c18389351764,eb3f4560-2383-4a36-9152-6b3e5ed6bc57,Revenge of the Mummy,20,0.2943602021864355,cell,55
ec25d9a7-b4d4-4ebf-a6c4-c18389351764,eb3f4560-2383-4a36-9152-6b3e5ed6bc57,Revenge of the Mummy,21,0.7575089164081823,attraction_hour,1
ee070d46-6a64-41c0-9f12-69dcfcca10a0,47f90d2c-e191-4239-a466-5892ef59a88b,Reflections of China,9,-0.17560806212907543,cell,46
ee070d46-6a64-41c0-9f12-69dcfcca10a0,47f90d2c-e191-4239-a466-5892ef59a88b,Reflections of China,10,-0.18290476489934715,cell,56
ee070d46-6a64-41c0-9f12-69dcfcca10a0,47f90d2c-e191-4239-a466-5892ef59a88b,Reflections of China,11,-0.1838081020034472,cell,61
ee070d46-6a64-41c0-9f12-69dcfcca10a0,47f90d2c-e191-4239-a466-5892ef59a88b,Reflections of China,12,-0.19032947418,cell,65
ee070d46-6a64-41c0-9f12-69dcfcca10a0,47f90d2c-e191-4239-a466-5892ef59a88b,Reflections of China,13,-0.18717510120419564,cell,66
ee070d46-6a64-41c0-9f12-69dcfcca10a0,47f90d2c-e191-4239-a466-5892ef59a88b,Reflections of China,14,-0.18413153614345915,cell,67
ee070d46-6a64-41c0-9f12-69dcfcca10a0,47f90d2c-e191-4239-a466-5892ef59a88b,Reflections of China,15,-0.1853669360626802,cell,68
ee070d46-6a64-41c0-9f12-69dcfcca10a0,47f90d2c-e191-4239-a466-5892ef59a88b,Reflections of China,16,-0.18974928364888743,cell,69
ee070d46-6a64-41c0-9f12-69dcfcca10a0,47f90d2c-e191-4239-a466-5892ef59a88b,Reflections of China,17,-0.19194140339283608,cell,70
ee070d46-6a64-41c0-9f12-69dcfcca10a0,47f90d2c-e191-4239-a466-5892ef59a88b,Reflections of China,18,-0.19617946776470263,cell,70
ee070d46-6a64-41c0-9f12-69dcfcca10a0,47f90d2c-e191-4239-a466-5892ef59a88b,Reflections of China,19,-0.19617946776470263,cell,70
ee070d46-6a64-41c0-9f12-69dcfcca10a0,47f90d2c-e191-4239-a466-5892ef59a88b,Reflections of China,20,-0.19617946776470263,cell,70
f0750e5e-7629-4c53-99d2-e0924a8afeed,eb3f4560-2383-4a36-9152-6b3e5ed6bc57,Hogwarts Express™ - King's Cross Station,8,0.027422117748714264,attraction,0
f0750e5e-7629-4c53-99d2-e0924a8afeed,eb3f4560-2383-4a36-9152-6b3e5ed6bc57,Hogwarts Express™ - King's Cross Station,9,-0.39841628422720893,cell,22
f0750e5e-7629-4c53-99d2-e0924a8afeed,eb3f4560-2383-4a36-9152-6b3e5ed6bc57,Hogwarts Express™ - King's Cross Station,10,-0.5754370715137124,cell,88
f0750e5e-7629-4c53-99d2-e0924a8afeed,eb3f4560-2383-4a36-9152-6b3e5ed6bc57,Hogwarts Express™ - King's Cross Station,11,-0.5653185333578123,cell,90
f0750e5e-7629-4c53-99d2-e0924a8afeed,eb3f4560-2383-4a36-9152-6b3e5ed6bc57,Hogwarts Express™ - King's Cross Station,12,-0.5536143095074181,cell,91
f0750e5e-7629-4c53-99d2-e0924a8afeed,eb3f4560-2383-4a36-9152-6b3e5ed6bc57,Hogwarts Express™ - King's Cross Station,13,-0.3443191143311773,cell,90
f0750e5e-7629-4c53-99d2-e0924a8afeed,eb3f4560-2383-4a36-9152-6b3e5ed6bc57,Hogwarts Express™ - King's Cross Station,14,0.06979842955242428,cell,90
f0750e5e-7629-4c53-99d2-e0924a8afeed,eb3f4560-2383-4a36-9152-6b3e5ed6bc57,Hogwarts Express™ - King's Cross Station,15,0.5086012917364912,cell,90
f0750e5e-7629-4c53-99d2-e0924a8afeed,eb3f4560-2383-4a36-9152-6b3e5ed6bc57,Hogwarts Express™ - King's Cross Station,16,0.7305912237349876,cell,92
f0750e5e-7629-4c53-99d2-e0924a8afeed,eb3f4560-2383-4a36-9152-6b3e5ed6bc57,Hogwarts Express™ - King's Cross Station,17,0.5996682098715362,cell,70
f0750e5e-7629-4c53-99d2-e0924a8afeed,eb3f4560-2383-4a36-9152-6b3e5ed6bc57,Hogwarts Express™ - King's Cross Station,18,0.5102281446688092,cell,67
f0750e5e-7629-4c53-99d2-e0924a8afeed,eb3f4560-2383-4a36-9152-6b3e5ed6bc57,Hogwarts Express™ - King's Cross Station,19,0.30061963107883277,cell,56
f0750e5e-7629-4c53-99d2-e0924a8afeed,eb3f4560-2383-4a36-9152-6b3e5ed6bc57,Hogwarts Express™ - King's Cross Station,20,0.07352739265850085,cell,56
f0750e5e-7629-4c53-99d2-e0924a8afeed,eb3f4560-2383-4a36-9152-6b3e5ed6bc57,Hogwarts Express™ - King's Cross Station,21,0.027422117748714264,attraction,0
f163ddcd-43e1-488d-8276-2381c1db0a39,75ea578a-adc8-4116-a54d-dccb60765ef9,Tomorrowland Speedway,8,-0.5677199411873743,cell,18
f163ddcd-43e1-488d-8276-2381c1db0a39,75ea578a-adc8-4116-a54d-dccb60765ef9,Tomorrowland Speedway,9,-0.3104329137491114,cell,92
f163ddcd-43e1-488d-8276-2381c1db0a39,75ea578a-adc8-4116-a54d-dccb60765ef9,Tomorrowland Speedway,10,-0.08073553318865566,cell,91
f163ddcd-43e1-488d-8276-2381c1db0a39,75ea578a-adc8-4116-a54d-dccb60765ef9,Tomorrowland Speedway,11,-0.08065439998535189,cell,91
f163ddcd-43e1-488d-8276-2381c1db0a39,75ea578a-adc8-4116-a54d-dccb60765ef9,Tomorrowland Speedway,12,-0.14669637557477827,cell,90
f163ddcd-43e1-488d-8276-2381c1db0a39,75ea578a-adc8-4116-a54d-dccb60765ef9,Tomorrowland Speedway,13,-0.22352085113048725,cell,86
f163ddcd-43e1-488d-8276-2381c1db0a39,75ea578a-adc8-4116-a54d-dccb60765ef9,Tomorrowland Speedway,14,-0.32465546799345674,cell,82
f163ddcd-43e1-488d-8276-2381c1db0a39,75ea578a-adc8-4116-a54d-dccb60765ef9,Tomorrowland Speedway,15,-0.2394940353485187,cell,86
f163ddcd-43e1-488d-8276-2381c1db0a39,75ea578a-adc8-4116-a54d-dccb60765ef9,Tomorrowland Speedway,16,-0.1290124442775579,cell,78
f163ddcd-43e1-488d-8276-2381c1db0a39,75ea578a-adc8-4116-a54d-dccb60765ef9,Tomorrowland Speedway,17,-0.07911474198290677,cell,81
f163ddcd-43e1-488d-8276-2381c1db0a39,75ea578a-adc8-4116-a54d-dccb60765ef9,Tomorrowland Speedway,18,-0.028607194348300176,cell,64
f163ddcd-43e1-488d-8276-2381c1db0a39,75ea578a-adc8-4116-a54d-dccb60765ef9,Tomorrowland Speedway,19,0.12439824578641254,cell,64
f163ddcd-43e1-488d-8276-2381c1db0a39,75ea578a-adc8-4116-a54d-dccb60765ef9,Tomorrowland Speedway,20,0.003983310711510561,cell,68
f163ddcd-43e1-488d-8276-2381c1db0a39,75ea578a-adc8-4116-a54d-dccb60765ef9,Tomorrowland Speedway,21,-0.38914385396823054,cell,68
f163ddcd-43e1-488d-8276-2381c1db0a39,75ea578a-adc8-4116-a54d-dccb60765ef9,Tomorrowland Speedway,22,-0.43178342900271505,cell,55
f163ddcd-43e1-488d-8276-2381c1db0a39,75ea578a-adc8-4116-a54d-dccb60765ef9,Tomorrowland Speedway,23,-0.1989066767185177,attraction_hour,1
f44a531c-09cf-40c4-b2d4-236e8a9285dc,eb3f4560-2383-4a36-9152-6b3e5ed6bc57,Hogwarts™ Express - First Train,8,-0.6307675961734714,attraction,0
f44a531c-09cf-40c4-b2d4-236e8a9285dc,eb3f4560-2383-4a36-9152-6b3e5ed6bc57,Hogwarts™ Express - First Train,9,-0.6307675961734714,attraction,0
f44a531c-09cf-40c4-b2d4-236e8a9285dc,eb3f4560-2383-4a36-9152-6b3e5ed6bc57,Hogwarts™ Express - First Train,10,-0.5714967973315436,attraction_hour,4
f44a531c-09cf-40c4-b2d4-236e8a9285dc,eb3f4560-2383-4a36-9152-6b3e5ed6bc57,Hogwarts™ Express - First Train,11,-0.5811463681971258,attraction_hour,2
f44a531c-09cf-40c4-b2d4-236e8a9285dc,eb3f4560-2383-4a36-9152-6b3e5ed6bc57,Hogwarts™ Express - First Train,12,-0.6307675961734714,attraction,0
f44a531c-09cf-40c4-b2d4-236e8a9285dc,eb3f4560-2383-4a36-9152-6b3e5ed6bc57,Hogwarts™ Express - First Train,13,-0.6307675961734714,attraction,0
f44a531c-09cf-40c4-b2d4-236e8a9285dc,eb3f4560-2383-4a36-9152-6b3e5ed6bc57,Hogwarts™ Express - First Train,14,-0.9007038635691154,attraction_hour,1
f44a531c-09cf-40c4-b2d4-236e8a9285dc,eb3f4560-2383-4a36-9152-6b3e5ed6bc57,Hogwarts™ Express - First Train,15,-0.6639622881358507,attraction_hour,2
f44a531c-09cf-40c4-b2d4-236e8a9285dc,eb3f4560-2383-4a36-9152-6b3e5ed6bc57,Hogwarts™ Express - First Train,16,-0.6307675961734714,attraction,0
f44a531c-09cf-40c4-b2d4-236e8a9285dc,eb3f4560-2383-4a36-9152-6b3e5ed6bc57,Hogwarts™ Express - First Train,17,-0.6307675961734714,attraction,0
f44a531c-09cf-40c4-b2d4-236e8a9285dc,eb3f4560-2383-4a36-9152-6b3e5ed6bc57,Hogwarts™ Express - First Train,18,-0.6307675961734714,attraction,0
f44a531c-09cf-40c4-b2d4-236e8a9285dc,eb3f4560-2383-4a36-9152-6b3e5ed6bc57,Hogwarts™ Express - First Train,19,-0.6307675961734714,attraction,0
f44a531c-09cf-40c4-b2d4-236e8a9285dc,eb3f4560-2383-4a36-9152-6b3e5ed6bc57,Hogwarts™ Express - First Train,20,-0.6307675961734714,attraction,0
f44a531c-09cf-40c4-b2d4-236e8a9285dc,eb3f4560-2383-4a36-9152-6b3e5ed6bc57,Hogwarts™ Express - First Train,21,-0.6307675961734714,attraction,0
f5aad2d4-a419-4384-bd9a-42f86385c750,75ea578a-adc8-4116-a54d-dccb60765ef9,"""it's a small world""",8,-0.8713036569657606,cell,16
f5aad2d4-a419-4384-bd9a-42f86385c750,75ea578a-adc8-4116-a54d-dccb60765ef9,"""it's a small world""",9,-0.9028348657753898,cell,90
f5aad2d4-a419-4384-bd9a-42f86385c750,75ea578a-adc8-4116-a54d-dccb60765ef9,"""it's a small world""",10,-0.7209398903389307,cell,89
f5aad2d4-a419-4384-bd9a-42f86385c750,75ea578a-adc8-4116-a54d-dccb60765ef9,"""it's a small world""",11,-0.2878441653156441,cell,89
f5aad2d4-a419-4384-bd9a-42f86385c750,75ea578a-adc8-4116-a54d-dccb60765ef9,"""it's a small world""",12,-0.06721822699538811,cell,90
f5aad2d4-a419-4384-bd9a-42f86385c750,75ea578a-adc8-4116-a54d-dccb60765ef9,"""it's a small world""",13,-0.03017158620698076,cell,91
f5aad2d4-a419-4384-bd9a-42f86385c750,75ea578a-adc8-4116-a54d-dccb60765ef9,"""it's a small world""",14,-0.16828095734814497,cell,88
f5aad2d4-a419-4384-bd9a-42f86385c750,75ea578a-adc8-4116-a54d-dccb60765ef9,"""it's a small world""",15,-0.20419053850479482,cell,90
f5aad2d4-a419-4384-bd9a-42f86385c750,75ea578a-adc8-4116-a54d-dccb60765ef9,"""it's a small world""",16,-0.2053891112229227,cell,90
f5aad2d4-a419-4384-bd9a-42f86385c750,75ea578a-adc8-4116-a54d-dccb60765ef9,"""it's a small world""",17,-0.31449684798118527,cell,92
f5aad2d4-a419-4384-bd9a-42f86385c750,75ea578a-adc8-4116-a54d-dccb60765ef9,"""it's a small world""",18,-0.40194611557247306,cell,71
f5aad2d4-a419-4384-bd9a-42f86385c750,75ea578a-adc8-4116-a54d-dccb60765ef9,"""it's a small world""",19,-0.44100323951474196,cell,72
f5aad2d4-a419-4384-bd9a-42f86385c750,75ea578a-adc8-4116-a54d-dccb60765ef9,"""it's a small world""",20,-0.6702455221568696,cell,72
f5aad2d4-a419-4384-bd9a-42f86385c750,75ea578a-adc8-4116-a54d-dccb60765ef9,"""it's a small world""",21,-0.9730161834117533,cell,71
f5aad2d4-a419-4384-bd9a-42f86385c750,75ea578a-adc8-4116-a54d-dccb60765ef9,"""it's a small world""",22,-1.0730234940095833,cell,56
f5aad2d4-a419-4384-bd9a-42f86385c750,75ea578a-adc8-4116-a54d-dccb60765ef9,"""it's a small world""",23,-1.0870265316259764,attraction_hour,1
fa743143-281b-4b5b-b87b-d49fcb006772,267615cc-8943-4c2a-ae2c-5da728ca591f,The Incredible Hulk Coaster®,9,-0.13335571994175788,cell,84
fa743143-281b-4b5b-b87b-d49fcb006772,267615cc-8943-4c2a-ae2c-5da728ca591f,The Incredible Hulk Coaster®,10,0.4641622174669842,cell,91
fa743143-281b-4b5b-b87b-d49fcb006772,267615cc-8943-4c2a-ae2c-5da728ca591f,The Incredible Hulk Coaster®,11,0.5140732612000332,cell,89
fa743143-281b-4b5b-b87b-d49fcb006772,267615cc-8943-4c2a-ae2c-5da728ca591f,The Incredible Hulk Coaster®,12,0.3670650094779817,cell,87
fa743143-281b-4b5b-b87b-d49fcb006772,267615cc-8943-4c2a-ae2c-5da728ca591f,The Incredible Hulk Coaster®,13,0.09834172011146676,cell,81
fa743143-281b-4b5b-b87b-d49fcb006772,267615cc-8943-4c2a-ae2c-5da728ca591f,The Incredible Hulk Coaster®,14,-0.054014970211844135,cell,78
fa743143-281b-4b5b-b87b-d49fcb006772,267615cc-8943-4c2a-ae2c-5da728ca591f,The Incredible Hulk Coaster®,15,-0.10813236609052956,cell,78
fa743143-281b-4b5b-b87b-d49fcb006772,267615cc-8943-4c2a-ae2c-5da728ca591f,The Incredible Hulk Coaster®,16,-0.01473191160317236,cell,71
fa743143-281b-4b5b-b87b-d49fcb006772,267615cc-8943-4c2a-ae2c-5da728ca591f,The Incredible Hulk Coaster®,17,0.0327446854864655,cell,72
fa743143-281b-4b5b-b87b-d49fcb006772,267615cc-8943-4c2a-ae2c-5da728ca591f,The Incredible Hulk Coaster®,18,0.16180497710101618,cell,77
fa743143-281b-4b5b-b87b-d49fcb006772,267615cc-8943-4c2a-ae2c-5da728ca591f,The Incredible Hulk Coaster®,19,0.08797328162307386,cell,75
fa743143-281b-4b5b-b87b-d49fcb006772,267615cc-8943-4c2a-ae2c-5da728ca591f,The Incredible Hulk Coaster®,20,0.007906464011016232,cell,65
fa743143-281b-4b5b-b87b-d49fcb006772,267615cc-8943-4c2a-ae2c-5da728ca591f,The Incredible Hulk Coaster®,21,0.32807688147857433,cell,6
fb076275-0570-4d62-b2a9-4d6515130fa3,47f90d2c-e191-4239-a466-5892ef59a88b,The Seas with Nemo & Friends,9,-1.1515033992922512,cell,89
fb076275-0570-4d62-b2a9-4d6515130fa3,47f90d2c-e191-4239-a466-5892ef59a88b,The Seas with Nemo & Friends,10,-0.5079692090761576,cell,91
fb076275-0570-4d62-b2a9-4d6515130fa3,47f90d2c-e191-4239-a466-5892ef59a88b,The Seas with Nemo & Friends,11,0.02824218246809563,cell,89
fb076275-0570-4d62-b2a9-4d6515130fa3,47f90d2c-e191-4239-a466-5892ef59a88b,The Seas with Nemo & Friends,12,-0.029378138802030468,cell,89
fb076275-0570-4d62-b2a9-4d6515130fa3,47f90d2c-e191-4239-a466-5892ef59a88b,The Seas with Nemo & Friends,13,-0.37992260007090134,cell,92
fb076275-0570-4d62-b2a9-4d6515130fa3,47f90d2c-e191-4239-a466-5892ef59a88b,The Seas with Nemo & Friends,14,-0.7313000660477923,cell,91
fb076275-0570-4d62-b2a9-4d6515130fa3,47f90d2c-e191-4239-a466-5892ef59a88b,The Seas with Nemo & Friends,15,-0.8481574209957109,cell,90
fb076275-0570-4d62-b2a9-4d6515130fa3,47f90d2c-e191-4239-a466-5892ef59a88b,The Seas with Nemo & Friends,16,-0.8898529883374523,cell,91
fb076275-0570-4d62-b2a9-4d6515130fa3,47f90d2c-e191-4239-a466-5892ef59a88b,The Seas with Nemo & Friends,17,-0.9461356859094532,cell,88
fb076275-0570-4d62-b2a9-4d6515130fa3,47f90d2c-e191-4239-a466-5892ef59a88b,The Seas with Nemo & Friends,18,-0.9865641192980498,cell,87
fb076275-0570-4d62-b2a9-4d6515130fa3,47f90d2c-e191-4239-a466-5892ef59a88b,The Seas with Nemo & Friends,19,-1.0341365387008656,cell,87
fb076275-0570-4d62-b2a9-4d6515130fa3,47f90d2c-e191-4239-a466-5892ef59a88b,The Seas with Nemo & Friends,20,-1.098393851754545,cell,89
ffcfeaa2-1416-4920-a1ed-543c1a1695c4,75ea578a-adc8-4116-a54d-dccb60765ef9,Tomorrowland Transit Authority PeopleMover,8,-0.9365819785041981,cell,18
ffcfeaa2-1416-4920-a1ed-543c1a1695c4,75ea578a-adc8-4116-a54d-dccb60765ef9,Tomorrowland Transit Authority PeopleMover,9,-0.9916351097970418,cell,85
ffcfeaa2-1416-4920-a1ed-543c1a1695c4,75ea578a-adc8-4116-a54d-dccb60765ef9,Tomorrowland Transit Authority PeopleMover,10,-0.9749965847594341,cell,87
ffcfeaa2-1416-4920-a1ed-543c1a1695c4,75ea578a-adc8-4116-a54d-dccb60765ef9,Tomorrowland Transit Authority PeopleMover,11,-0.7689301823056153,cell,89
ffcfeaa2-1416-4920-a1ed-543c1a1695c4,75ea578a-adc8-4116-a54d-dccb60765ef9,Tomorrowland Transit Authority PeopleMover,12,-0.6071969407205786,cell,90
ffcfeaa2-1416-4920-a1ed-543c1a1695c4,75ea578a-adc8-4116-a54d-dccb60765ef9,Tomorrowland Transit Authority PeopleMover,13,-0.5861460477706055,cell,87
ffcfeaa2-1416-4920-a1ed-543c1a1695c4,75ea578a-adc8-4116-a54d-dccb60765ef9,Tomorrowland Transit Authority PeopleMover,14,-0.644886330792423,cell,87
ffcfeaa2-1416-4920-a1ed-543c1a1695c4,75ea578a-adc8-4116-a54d-dccb60765ef9,Tomorrowland Transit Authority PeopleMover,15,-0.6604112794545693,cell,88
ffcfeaa2-1416-4920-a1ed-543c1a1695c4,75ea578a-adc8-4116-a54d-dccb60765ef9,Tomorrowland Transit Authority PeopleMover,16,-0.5031992055355111,cell,88
ffcfeaa2-1416-4920-a1ed-543c1a1695c4,75ea578a-adc8-4116-a54d-dccb60765ef9,Tomorrowland Transit Authority PeopleMover,17,-0.3486132201957647,cell,85
ffcfeaa2-1416-4920-a1ed-543c1a1695c4,75ea578a-adc8-4116-a54d-dccb60765ef9,Tomorrowland Transit Authority PeopleMover,18,-0.35808138685065377,cell,68
ffcfeaa2-1416-4920-a1ed-543c1a1695c4,75ea578a-adc8-4116-a54d-dccb60765ef9,Tomorrowland Transit Authority PeopleMover,19,-0.23493011899495905,cell,69
ffcfeaa2-1416-4920-a1ed-543c1a1695c4,75ea578a-adc8-4116-a54d-dccb60765ef9,Tomorrowland Transit Authority PeopleMover,20,-0.23925473327102226,cell,70
ffcfeaa2-1416-4920-a1ed-543c1a1695c4,75ea578a-adc8-4116-a54d-dccb60765ef9,Tomorrowland Transit Authority PeopleMover,21,-0.6655645405560127,cell,70
ffcfeaa2-1416-4920-a1ed-543c1a1695c4,75ea578a-adc8-4116-a54d-dccb60765ef9,Tomorrowland Transit Authority PeopleMover,22,-0.8612454306599281,cell,55
ffcfeaa2-1416-4920-a1ed-543c1a1695c4,75ea578a-adc8-4116-a54d-dccb60765ef9,Tomorrowland Transit Authority PeopleMover,23,-0.5596716059087754,attraction_hour,1
